-- MariaDB dump 10.17  Distrib 10.4.15-MariaDB, for Linux (x86_64)
--
-- Host: mysql.hostinger.ro    Database: u574849695_23
-- ------------------------------------------------------
-- Server version	10.4.15-MariaDB-cll-lve

/*!40101 SET @OLD_CHARACTER_SET_CLIENT=@@CHARACTER_SET_CLIENT */;
/*!40101 SET @OLD_CHARACTER_SET_RESULTS=@@CHARACTER_SET_RESULTS */;
/*!40101 SET @OLD_COLLATION_CONNECTION=@@COLLATION_CONNECTION */;
/*!40101 SET NAMES utf8mb4 */;
/*!40103 SET @OLD_TIME_ZONE=@@TIME_ZONE */;
/*!40103 SET TIME_ZONE='+00:00' */;
/*!40014 SET @OLD_UNIQUE_CHECKS=@@UNIQUE_CHECKS, UNIQUE_CHECKS=0 */;
/*!40014 SET @OLD_FOREIGN_KEY_CHECKS=@@FOREIGN_KEY_CHECKS, FOREIGN_KEY_CHECKS=0 */;
/*!40101 SET @OLD_SQL_MODE=@@SQL_MODE, SQL_MODE='NO_AUTO_VALUE_ON_ZERO' */;
/*!40111 SET @OLD_SQL_NOTES=@@SQL_NOTES, SQL_NOTES=0 */;

--
-- Table structure for table `communities`
--

DROP TABLE IF EXISTS `communities`;
/*!40101 SET @saved_cs_client     = @@character_set_client */;
/*!40101 SET character_set_client = utf8 */;
CREATE TABLE `communities` (
  `id` bigint(20) unsigned NOT NULL AUTO_INCREMENT,
  `name` varchar(145) COLLATE utf8mb4_unicode_ci NOT NULL,
  `description` varchar(245) COLLATE utf8mb4_unicode_ci DEFAULT NULL,
  `admin_id` bigint(20) unsigned NOT NULL,
  PRIMARY KEY (`id`),
  KEY `fk_communities_users_admin_idx` (`admin_id`),
  CONSTRAINT `fk_communities_users` FOREIGN KEY (`admin_id`) REFERENCES `users` (`id`)
) ENGINE=InnoDB AUTO_INCREMENT=251 DEFAULT CHARSET=utf8mb4 COLLATE=utf8mb4_unicode_ci;
/*!40101 SET character_set_client = @saved_cs_client */;

--
-- Dumping data for table `communities`
--

LOCK TABLES `communities` WRITE;
/*!40000 ALTER TABLE `communities` DISABLE KEYS */;
INSERT INTO `communities` VALUES (1,'provident','Sed quidem consequatur sit vitae maiores assumenda. Excepturi temporibus sit sed ipsam placeat itaque neque. Nemo quod qui illum harum corporis blanditiis reiciendis. Tenetur est omnis sit amet iure nam.',49),(2,'eos','Consectetur officiis commodi perferendis commodi ullam aliquam omnis. Vitae quia dolores voluptatum. Quia cum soluta recusandae quisquam tempore.',140),(3,'quo','Repellat vitae reiciendis sed et architecto temporibus explicabo. Dicta vero ut qui. Praesentium commodi corporis voluptatem beatae.',181),(4,'at','Praesentium nulla vitae id ducimus et et. Velit qui et sit dolorem aut. Aut dolorum alias iste expedita asperiores.',12),(5,'non','Assumenda maxime saepe est voluptas molestiae sed. Distinctio sed excepturi maxime id facilis. Quod non tempora ea modi earum aut. Ut accusantium sequi laboriosam qui perspiciatis rerum.',91),(6,'odit','Et illo autem vel nesciunt nihil aliquam quam. Odio eius sint iusto cum in occaecati. Commodi deleniti ratione ea eos corporis eum.',98),(7,'sapiente','Porro aut qui aliquid laudantium. Eum nostrum odio ipsam officia fugit culpa. Atque voluptatibus odit iure repudiandae. Harum aliquam blanditiis velit maiores in sit. Iure molestiae sit assumenda.',196),(8,'maxime','Nisi impedit aut odit ipsam nihil. Ut porro voluptas aut velit sapiente. Aperiam eum ipsa non omnis facere et. Reiciendis dicta ad repellendus error sed dolore aspernatur.',9),(9,'tenetur','Explicabo recusandae sit deleniti aliquam nihil. Consequatur tenetur quod natus ipsum ratione enim quasi. Odit tempora nihil neque veniam.',129),(10,'sunt','Sunt praesentium harum et voluptatem placeat. Consequatur eum et ea officiis repellat quis. Illo fuga beatae perferendis similique.',133),(11,'commodi','Repellendus et blanditiis eligendi reprehenderit officia. Qui consequatur optio quo quibusdam est repellendus. Qui dolor enim in voluptatem vel et et. Sed mollitia repellat voluptas vel eos. Earum et laudantium soluta vel dolor.',45),(12,'et','Harum ad minus omnis molestiae doloribus debitis. Sed quae quia eos vel sunt qui velit.',52),(13,'quam','Et sequi sed velit accusantium ut asperiores praesentium animi. Et unde vero repudiandae rerum quae illo voluptates rerum.',91),(14,'non','Illo culpa eum est dicta. Officia qui minus vero eos aliquid ex in.',11),(15,'fuga','Ad optio est nobis distinctio. Dignissimos quia pariatur odio magnam nihil nulla. Harum enim aliquid est et et a sequi.',16),(16,'amet','Aut et vitae sequi aliquam iusto. Ipsa iure laborum autem sed omnis. Esse eum dolorum deserunt deserunt odit et. Alias excepturi repellendus cupiditate soluta libero.',113),(17,'molestias','Explicabo non soluta in. Voluptas et rerum et ipsa sed id earum. Eligendi expedita non et facere non. Maxime vel est corrupti pariatur enim.',40),(18,'occaecati','Ducimus aut autem aut dolorum. Qui quam qui ut est odit necessitatibus nulla. Sint velit id sit molestias repudiandae qui facilis dolores. Iusto commodi nesciunt fuga sit.',155),(19,'ea','Beatae et possimus rerum perspiciatis nobis non voluptatem aut. Ipsam aut reprehenderit commodi deleniti. Aperiam est ut aut illo itaque aut.',141),(20,'magni','Dolorum molestiae consequatur iusto voluptate consequatur neque. Repudiandae qui eaque cumque dolorem dolores et. Repellat est qui qui. Sequi optio et maxime dolor optio qui culpa. Sint at corrupti maxime.',120),(21,'omnis','Commodi quos quis ut perferendis aut. Sed cum quia recusandae facilis eos debitis vero unde. Quos qui quidem occaecati.',158),(22,'est','Iure non accusamus vel tempore ex nisi deleniti. Consequatur autem et est quis ullam enim voluptatem.',68),(23,'qui','Nihil ut enim labore autem accusamus. Odit occaecati laboriosam vero possimus temporibus non. Aperiam repellat sint corporis sunt.',12),(24,'non','Optio nihil ipsam accusamus consequatur. Autem sit sed cumque suscipit distinctio est et. Ipsa quae sunt reiciendis quas in. Ea iure pariatur consequatur sed et cupiditate explicabo et.',10),(25,'molestias','Fugit aliquid nihil iure odio ex dolor dolorem. Nostrum quaerat commodi explicabo recusandae corporis veritatis nihil. Dolorem omnis et reprehenderit perferendis quia esse eum debitis.',93),(26,'laboriosam','Qui quaerat ut quia magnam alias provident et. Iusto non impedit nihil consequatur vel blanditiis. Laboriosam sit molestiae repellendus id. Minima aliquid quo quos sunt repudiandae eum culpa.',84),(27,'consequatur','Tempore voluptatem voluptates architecto voluptatum animi aut incidunt. Vitae reprehenderit earum ea laborum dolorem. Ipsum consectetur tenetur non et placeat recusandae ut. Magnam eligendi et recusandae maxime fugit autem rem autem.',78),(28,'eveniet','Nihil nisi hic distinctio culpa. Eligendi rem est iste beatae. Officia inventore harum soluta minus voluptas quaerat. Laudantium commodi debitis sit quas animi facilis incidunt.',198),(29,'voluptas','Voluptates consectetur voluptas a itaque architecto. Sit blanditiis voluptate quo sit. Et iure distinctio ut. Consectetur alias non eos nobis omnis accusamus harum.',19),(30,'sapiente','Beatae asperiores magnam recusandae commodi est mollitia sed sit. Voluptas delectus temporibus ea qui architecto. Qui et ut totam a aliquam excepturi.',130),(31,'eligendi','Similique ab vel illum omnis veniam nulla debitis itaque. Voluptas fugit soluta quibusdam assumenda repellat eum id quis. Rerum perspiciatis ipsum sint molestiae eveniet qui accusantium. Placeat a asperiores est. Quidem sint sit fuga nihil.',154),(32,'et','Quo eligendi soluta debitis ipsa consectetur aut. Dolore aliquid reprehenderit nulla facere ea minima eius. Dolorem reiciendis id ex quas. Cum molestiae rerum consequatur provident illo porro nobis.',68),(33,'et','Eos magnam fugit nostrum hic sit qui. Animi unde natus illo eum iusto ipsa repellat. Aut voluptatem quis inventore quae.',69),(34,'sunt','Adipisci nihil accusantium quis error accusamus reprehenderit aut cum. Consequatur accusamus necessitatibus molestiae odit ipsum quasi iste. Velit soluta quia sit nobis fuga excepturi.',135),(35,'sed','Natus quis esse ducimus omnis et facilis. Ducimus hic quod ducimus consequuntur sed. Asperiores assumenda ullam officiis dolorem voluptatem quam.',79),(36,'molestias','Quia consequatur dolor rem ut error explicabo et. Dolorem laborum voluptatibus aspernatur odio totam rerum qui. Ut aliquam maxime fuga et cumque natus laudantium.',159),(37,'excepturi','Dolorem tenetur quia facere qui veritatis ea temporibus ut. Est harum est molestiae est.',33),(38,'tempore','Ipsam quia quo quae aut deserunt ab non vel. Nemo cupiditate voluptas temporibus sed. Enim rerum porro vero. Odio ut ad ipsam fugiat asperiores. Corporis est ea quia ut dignissimos.',75),(39,'eligendi','Cumque iste error quaerat molestias et. Omnis tempora quaerat ad ipsam. Culpa quidem itaque reiciendis consectetur tenetur ab qui beatae.',168),(40,'impedit','Saepe in laudantium dolor assumenda. Et sint earum eius nulla earum. Repellat porro voluptatem tempora ab rerum et. Dicta eveniet optio aut eos ut commodi corrupti.',161),(41,'minima','Architecto omnis sed at nulla quam. Deserunt autem et quis id libero dolor in. Dicta est architecto adipisci ratione labore earum asperiores at. Quis voluptatem tempore eos ratione vel quaerat.',7),(42,'omnis','Necessitatibus necessitatibus officia et. Nisi et odit ad illum consequatur facilis dolorem. Ut amet iusto rem laboriosam molestiae.',13),(43,'aperiam','Voluptates qui architecto aliquid ad quo ipsa odit. Nam aut dolor voluptatibus nostrum natus tempore blanditiis ut. Officiis dolor amet delectus minima qui ratione. Occaecati et ut ut laudantium.',13),(44,'illum','Unde voluptatem est ratione quos adipisci velit cum. Odio consectetur sit molestias quos velit esse.',98),(45,'doloribus','Eos provident iure soluta voluptatum ex. Placeat aliquam qui dicta qui. Id recusandae maxime voluptatem asperiores itaque unde optio.',24),(46,'quasi','Vitae perspiciatis animi ad delectus numquam nesciunt id. Ipsam ut ipsa dolores tempora doloribus omnis aut. Consectetur veritatis maxime omnis aperiam in qui excepturi. In distinctio quibusdam sit eaque modi occaecati iste.',28),(47,'qui','Vitae maxime id aperiam nulla. Quod quia fugiat illum ipsum illo in commodi. Quae quia et est sint fuga ipsam temporibus hic. Et in quia perferendis non libero.',11),(48,'nulla','Quia dolor ad et omnis officiis dolorem ut. Architecto qui id quas culpa eum.',63),(49,'alias','Officiis et consequatur excepturi eius necessitatibus consequatur harum. Suscipit eligendi ipsa minus quia aut et voluptas. Et voluptas consequuntur quaerat recusandae iste nihil ipsa. Sunt vel id quos repellat qui error.',182),(50,'rerum','Est perspiciatis sunt iste architecto quia rerum. Unde sint animi vitae et. Doloremque consequatur enim quasi iusto. Harum corrupti veritatis molestiae quaerat nemo.',151),(51,'culpa','Dolores et temporibus qui consequatur et tenetur. Quisquam commodi voluptate consectetur ut.',183),(52,'sed','Quo sed ut officiis possimus autem. Aut pariatur nesciunt in enim neque. Ratione ducimus facere ut et. Corrupti ut dolorum commodi non sed voluptas recusandae.',140),(53,'sed','Accusamus perspiciatis consequuntur cupiditate modi incidunt. Facilis et ipsa aliquam nobis tempore ut. Mollitia et quaerat et ea vitae.',19),(54,'rem','Id quaerat molestiae et natus. Molestias facere quam voluptatum cum. Vel optio harum autem sunt aut.',195),(55,'ut','Delectus distinctio assumenda est aliquid deserunt vel possimus. Et at assumenda aut aperiam a. Officia cum omnis aut rem et nam.',149),(56,'ullam','Eligendi itaque ipsam eveniet labore. Est ipsam animi consequatur unde quibusdam. Asperiores fuga vero sed natus hic.',111),(57,'error','Iste natus est aut non ducimus id qui. Modi sit occaecati dolor incidunt. Voluptatem perferendis error rerum dignissimos eos. Aut laborum vel illo enim molestiae architecto.',79),(58,'et','Sint iste rerum assumenda labore aut amet. Excepturi dolorem placeat qui. Non voluptas facere ut eligendi atque mollitia aut.',27),(59,'ducimus','Accusamus provident voluptatibus eos expedita ipsam molestiae. Sint exercitationem et illum dolorum beatae laborum. Odit ipsam earum voluptates in. Ipsa laudantium repudiandae ipsam magni.',108),(60,'recusandae','Velit rem ut est et blanditiis qui id et. Nobis nostrum excepturi suscipit ea quia quod incidunt. Et laudantium adipisci quia ut quibusdam. Voluptatem exercitationem enim optio tempore officia est.',98),(61,'molestias','Magnam animi exercitationem fugit tempora eveniet consectetur. Dicta numquam et et sequi quis.',157),(62,'sed','Consequuntur aut iure eaque ratione nobis possimus aperiam dolorem. Perspiciatis sed quia itaque earum eveniet consectetur minima. Repudiandae eligendi dolore et itaque et. Et qui qui repudiandae magni veritatis omnis.',62),(63,'dolor','Qui ipsa nemo ex error. Ducimus rem aut veniam repellendus et similique. Totam vero necessitatibus autem itaque cumque quisquam. Totam deserunt ea impedit velit asperiores.',165),(64,'et','Consequatur nihil sit quis consectetur rerum nisi. Autem perferendis animi temporibus velit.',25),(65,'sapiente','Dolore rem neque sed culpa minima aut alias. Illum expedita saepe cumque minus. Quia reiciendis eos velit est animi corrupti. Fugit aperiam dolor dolorum quo quidem. Assumenda illo nobis rem et id quisquam.',197),(66,'similique','Eligendi sunt eum nobis rerum. Ex rerum saepe porro sed et. Suscipit praesentium error incidunt ut ab aspernatur fugit. Vitae quo est amet odio. Optio aut veritatis voluptatem impedit praesentium nobis ducimus.',44),(67,'sint','Voluptas incidunt itaque delectus. Itaque sint assumenda maxime sint qui. Sunt cum neque fugiat debitis nihil.',184),(68,'hic','Accusantium nihil minus doloribus quia. Nemo repellendus beatae ducimus esse quis expedita eligendi. Et et aut magnam qui ipsa doloremque. Nobis rerum ipsum provident veritatis error.',29),(69,'qui','Et cumque earum ipsam. Nihil illum excepturi reiciendis animi et consequatur quidem. Error sit consequuntur saepe quibusdam quibusdam est.',119),(70,'cupiditate','Ea voluptatem in commodi velit natus a commodi. Nam sed consequuntur voluptate.',151),(71,'dolor','Ut dolorum eveniet doloremque veniam. Eaque praesentium veniam autem non pariatur. Voluptatibus accusamus eius ut ratione. Sit tempora consequatur neque qui quia inventore.',189),(72,'incidunt','Quis animi aliquam sint vitae amet. Maxime id ut rem aut quod porro sapiente. Unde deserunt quam ducimus consequatur dolores qui quam. Quo voluptatem illum vitae officia.',125),(73,'consequuntur','Expedita quas et earum ratione. Vel voluptate expedita dignissimos quibusdam tenetur. Non culpa consequatur aut nam harum adipisci.',164),(74,'laborum','Consequatur voluptas asperiores voluptates eos. Ut optio aspernatur omnis molestias. Sapiente illum facilis iusto et voluptas aut. Consequatur porro quod inventore dolor.',1),(75,'fugit','Non adipisci quas reiciendis iste quis sit reprehenderit quo. Reiciendis quia aut sed a animi. Ea doloremque commodi omnis et modi.',23),(76,'id','Aspernatur minus dignissimos nihil debitis sit aperiam. Necessitatibus qui molestiae itaque suscipit recusandae voluptatum. Ut et ut corrupti iure dolor sunt id. Autem distinctio nemo non quis deserunt.',187),(77,'culpa','Sunt animi nemo natus aut ipsam. Qui vel harum omnis aut mollitia. Commodi corporis ut nulla expedita.',29),(78,'eos','Consectetur consequatur impedit vel magnam alias laborum tempora. Quis ut quidem quas sed voluptas animi. Dicta provident architecto fugit sequi eos incidunt. Iure incidunt beatae dolores ut perspiciatis minima enim.',33),(79,'ipsa','A rerum quis vitae cupiditate animi veritatis doloribus. Quam similique inventore in sit adipisci. Consequatur nostrum natus autem quod nostrum. Beatae in sit laboriosam magnam consequatur eos.',50),(80,'commodi','Sint doloribus sint et nesciunt adipisci aut. Neque vel voluptates atque ipsum rerum. Magnam dolorem recusandae iste illo. Nobis id est dolor sunt aperiam aut explicabo magnam.',10),(81,'quasi','Ut voluptas optio iste iste. Et molestiae ea sit vel.',184),(82,'omnis','Ea nemo minus vitae quia. Inventore sit qui molestias aut ut.',33),(83,'sit','Debitis ipsum qui aliquid ex est. Consequatur cumque blanditiis at mollitia voluptas quod eius. Animi dicta voluptatibus quo sunt sunt inventore.',150),(84,'numquam','Repellat distinctio adipisci corporis quia. Voluptas quae natus eligendi non error. Et voluptas beatae maxime totam vero.',2),(85,'asperiores','Id dolores perspiciatis in et quisquam consequuntur. Eum dicta voluptatem voluptatum recusandae. Harum quia excepturi et recusandae ad ea sunt qui. Dicta et totam et veritatis illum sed voluptatum.',27),(86,'doloremque','Repudiandae laborum error quisquam ab. Ut ut in voluptatem ut qui fugit. Repudiandae assumenda possimus omnis nam inventore exercitationem culpa sed.',99),(87,'aut','Id cumque eum veniam molestiae quam modi. At amet facere dolorem. Aspernatur eos quo quam pariatur sit. Praesentium consequatur labore laborum quo et.',113),(88,'quis','Quae voluptatem deleniti id atque odio quisquam aut corporis. Iure nobis tempora qui et consequatur aut dolorum. Cupiditate et ut doloribus at autem beatae odio amet. Dolorem enim sunt fugit quis qui non.',105),(89,'delectus','Dolorem consequatur quaerat qui aut necessitatibus recusandae. Officiis nobis odit veniam aut sed ex maiores omnis. Et dolor accusamus ducimus autem ducimus quod. Fuga officia saepe voluptatem voluptatem.',126),(90,'odit','Totam pariatur vitae ut commodi ab. Ex sint dolores repellendus fugit sed tenetur ullam.',21),(91,'omnis','Facere beatae beatae nemo alias. Voluptas totam ducimus dolorem ex. Est voluptate excepturi quae quis consequatur sed. Corporis nihil rem et esse earum et. Facilis sint itaque dolore beatae illo eligendi.',3),(92,'vero','Adipisci exercitationem accusamus dolor doloribus voluptate aliquam velit. Rerum dolorem est molestiae quaerat. Dolor explicabo modi quia qui. Eos deleniti laudantium est et fugit. Sed molestiae magnam id explicabo aut ut fuga.',82),(93,'voluptatem','Libero non suscipit reiciendis necessitatibus fuga. Voluptatem quia blanditiis eveniet ratione quam. Nihil nostrum est sint in velit. Sit voluptatem unde dolorem. Distinctio dignissimos commodi qui consequuntur officiis hic non.',83),(94,'voluptatibus','Eum eligendi suscipit sunt atque aliquid magni. Dolorum ex ab commodi et qui qui. Consequuntur neque corporis nihil saepe hic quis provident.',167),(95,'quasi','Dolorem magnam placeat non beatae. Labore ut voluptatem in ad vel aut vitae. Odio et rerum aut quibusdam.',107),(96,'qui','Sint necessitatibus veritatis ullam aut ut voluptates ad. Ab voluptatem cupiditate accusamus ut ratione. Quaerat ipsum aut ullam est culpa molestiae accusamus. Omnis illum voluptatem laudantium quia animi.',79),(97,'eaque','Nemo rerum voluptas numquam unde delectus iure tempora sit. Ipsa mollitia quis quia atque. Ducimus repellat architecto rerum velit exercitationem.',11),(98,'aspernatur','Voluptatibus est totam non sed et nobis blanditiis. Perferendis repudiandae voluptas nulla totam quaerat sint sed. Consequuntur perspiciatis praesentium tempore quod deserunt est.',90),(99,'est','Voluptatem minima id inventore voluptates odio. Animi et reprehenderit rerum sed officia aut id libero. Excepturi sint asperiores inventore. Dolorem vitae accusantium culpa ducimus.',108),(100,'consequatur','Blanditiis ut doloribus possimus numquam. Sint veniam doloribus quas id magnam. Dolorem officia hic ad officiis quaerat iusto. Eos magni a quaerat mollitia quidem qui autem.',129),(101,'numquam','Dolorem quia voluptas repellendus ipsum est neque. Velit dolores possimus dolor vero consequuntur.',41),(102,'nobis','Molestias et soluta ea quia omnis et. Iure assumenda id maxime. Aliquam quidem deserunt sit aut.',97),(103,'explicabo','Dignissimos ea necessitatibus laborum enim. Eligendi ut eius deserunt dolor hic voluptatem labore quaerat. Dolorem reiciendis velit autem nobis temporibus natus. Tempora recusandae ullam voluptas similique sequi.',53),(104,'exercitationem','Amet adipisci natus dicta qui. Vero nam molestias in occaecati at impedit voluptas ut. Non repellendus laborum voluptatibus eum rem totam.',4),(105,'eos','Eaque consequatur et aut velit distinctio ducimus molestias unde. Qui eos et soluta cupiditate. Nam atque qui velit dolorem et unde necessitatibus.',98),(106,'iste','Reiciendis et distinctio incidunt accusantium quis architecto quam dolorum. Non impedit doloremque illum reiciendis non vitae eos in. Dolores tempora architecto culpa incidunt rerum ipsa.',76),(107,'repellat','Vitae voluptatem sit ut omnis odit. Voluptas beatae consequatur corrupti soluta delectus quo dicta. Odio maxime asperiores expedita nobis non. Inventore nulla itaque qui totam cum est animi. Possimus et sunt aut omnis minima dolores quaerat.',191),(108,'qui','Nostrum soluta vel quam et eaque dolore eaque aliquid. Ad non architecto corporis quo. Ullam qui fugiat nam ut nihil maiores. Est eos ut laboriosam autem officia officiis. Qui esse itaque eius.',126),(109,'eos','Quidem consequatur ut odit error optio. Consectetur rem est voluptatibus quo. Voluptatibus at molestiae quasi. Cupiditate qui inventore omnis officia.',109),(110,'qui','Sit dicta odit et nulla est voluptatem aut. Nemo qui dolorem reiciendis est minus et.',40),(111,'qui','Sit voluptatibus non dolorem. Perferendis accusantium mollitia aperiam est vel. Praesentium eveniet voluptatem sit quisquam deleniti. Quas dolores quod ut delectus voluptatum itaque voluptatem.',136),(112,'perferendis','Exercitationem earum sapiente dicta. Eum et est eum sint nemo sint. Occaecati quia magnam ex repellendus ut.',93),(113,'ratione','Ullam autem labore nihil sed omnis id aut ut. Distinctio minus delectus nisi quis corrupti rerum provident. At est voluptas quos fuga cumque porro. Dignissimos qui nobis doloremque vel fugiat cum.',72),(114,'enim','Quia ex ab dignissimos eaque pariatur molestias voluptatem assumenda. Ut temporibus quod voluptates voluptas. Reprehenderit ullam itaque ut omnis illo quia. Vero porro qui aliquid et ad atque voluptas ut.',85),(115,'exercitationem','Aut aut nemo earum dolor culpa autem maxime. Dolorem et assumenda quidem odit non repudiandae eaque. Adipisci voluptas sit atque commodi unde accusantium suscipit unde.',94),(116,'animi','Iure nostrum non dicta accusantium non consectetur. Non quisquam repudiandae id. Dolorem nostrum voluptas id aut et.',99),(117,'a','Totam eaque neque corporis quas reiciendis eius laborum perspiciatis. Optio quo corrupti dicta laudantium ipsam beatae repudiandae. Hic repudiandae illo repellat eveniet cupiditate voluptas iste. Earum natus aliquam repellat perspiciatis eum. Mi',184),(118,'nostrum','Harum totam veniam voluptatibus ut. Error quia est qui. Dolorum enim voluptatem magnam et et et. Quos quia qui unde qui.',7),(119,'qui','Dolor reprehenderit ut eveniet. Nemo vitae qui qui illo quia veniam. Error quis hic culpa et similique.',4),(120,'debitis','Dignissimos qui id fugiat odio qui laborum. Labore aspernatur quis laboriosam qui et officiis voluptatibus. Qui facilis sapiente reiciendis non tempore. Perspiciatis occaecati excepturi molestias debitis et et.',109),(121,'quibusdam','Dolorem est optio aut qui. Eius quos qui ut eveniet similique quibusdam voluptatem saepe. Autem assumenda et praesentium qui qui consequatur qui. Facere praesentium magni quibusdam.',28),(122,'in','Recusandae est aliquid dolor at magni ut. Commodi reprehenderit id magni sint. Ut expedita sequi sed aut. Quae amet id expedita quae beatae.',6),(123,'quod','Dolore consequatur aliquam fuga ab quo inventore facilis. Iusto doloremque pariatur ipsa minima quisquam perspiciatis non et. Dolorem labore doloremque iusto deleniti.',190),(124,'recusandae','Vitae repudiandae ratione rerum consequatur alias. Minima numquam et nihil enim corrupti dolores. Quis eligendi inventore ratione nesciunt ut consequatur blanditiis. Autem minus quaerat qui ut.',111),(125,'repellat','Corrupti autem numquam quo culpa. Vitae qui alias voluptatibus modi velit. Ad quas id nulla qui rerum qui aperiam. Voluptatum rerum harum earum ducimus voluptatem debitis ut.',173),(126,'repudiandae','Est tempore dolores et veritatis voluptatem explicabo maxime. Omnis voluptatem dolorum quaerat ullam voluptatem magni consequatur libero. Voluptatem consectetur eum optio consequatur nam molestiae corrupti a. Minus et nesciunt accusamus quasi. D',96),(127,'enim','Commodi optio et dolores dignissimos. Et qui laboriosam asperiores alias eum nihil. Necessitatibus vel eligendi id dolorem doloremque. Reprehenderit ad possimus natus accusamus asperiores explicabo.',190),(128,'similique','Aut iure non officiis est natus quae porro. Maiores aut dolor sed qui cupiditate aut. Voluptatibus voluptas omnis ea animi dolore nesciunt quae.',183),(129,'libero','Eum est beatae qui ea rerum enim quo laudantium. Eum dolores et necessitatibus ex ratione nihil qui. Vel consequatur exercitationem beatae vel. Consequatur et possimus voluptate nemo ea.',186),(130,'mollitia','Sit quia beatae cumque beatae. Rerum libero commodi a suscipit doloremque. Veritatis qui assumenda qui sunt.',97),(131,'consequuntur','At qui in vel quam. Non tempora voluptas non beatae non eveniet sed. Incidunt recusandae sed accusamus quod. Sint magni temporibus repudiandae voluptatem aliquid illum.',111),(132,'nostrum','Autem nisi quis rerum repudiandae animi dolorem dicta. Distinctio cumque aut et nostrum officia. Soluta eos aut rem consequuntur nihil iure et.',26),(133,'facilis','Eveniet occaecati quaerat culpa quisquam. Vel in consequatur qui consequatur est assumenda excepturi. In officiis autem ratione.',193),(134,'et','Mollitia assumenda et sapiente iure. Architecto soluta molestiae id numquam cumque est ad. Eum repudiandae sapiente quas nulla harum recusandae.',163),(135,'rerum','Voluptatum blanditiis ut quis error voluptates laborum natus perferendis. In voluptatibus dolore explicabo. Officia enim quibusdam iusto est. Vitae dignissimos est cupiditate quibusdam earum mollitia.',30),(136,'eos','Enim a velit ut odit et aspernatur est ducimus. Officia facere sit voluptas nostrum esse id omnis. Sit rerum rem qui. Praesentium dolorem assumenda rerum ducimus ducimus debitis aut et.',90),(137,'alias','Est sit quia ut ea. Non ducimus sit est magni illo sapiente rerum. Est sunt modi veniam architecto.',39),(138,'at','Quo ratione nemo est in blanditiis dolores. Adipisci nemo natus molestiae occaecati vel reprehenderit harum. Id quae dolor autem.',21),(139,'est','Magni sed quisquam et deserunt laborum praesentium. Quo placeat sit officia unde minima est. Fugiat ipsam aut dolorem animi. Occaecati magni quo omnis sit.',15),(140,'repudiandae','Vel fuga sequi qui maiores. Autem itaque rerum occaecati ipsa recusandae distinctio voluptatibus eum. Autem et sequi atque cumque. Ea rem incidunt natus aliquam.',147),(141,'laudantium','Similique dolore ut deserunt cupiditate. Consequuntur perferendis sapiente officia aut rerum qui aperiam. Quia sed necessitatibus omnis non incidunt mollitia velit autem.',61),(142,'nihil','Similique aut non ab sed qui dolorum ut. Sunt est voluptates asperiores nulla culpa. Culpa sit reiciendis sint. Non omnis quia dolor eos iusto recusandae.',150),(143,'culpa','Error nobis molestias minima voluptatibus repellendus temporibus. Explicabo sed et omnis error deleniti cum eum aliquid. Soluta ab quia nesciunt sapiente qui adipisci mollitia doloribus.',39),(144,'ut','Nemo sequi iusto repellat. Sed porro ex id saepe vero. Magni fugiat labore omnis placeat iusto sed ut.',132),(145,'doloremque','Natus rerum voluptatum ut harum asperiores molestiae. Voluptatem soluta molestiae reiciendis totam necessitatibus. Aut qui earum sed. Consectetur expedita non aut. Nobis vel quo possimus nihil similique aspernatur ab quae.',35),(146,'debitis','Cupiditate eos delectus labore delectus. Dolorem officia occaecati non eos eius molestiae odit. Et aliquid voluptatibus eos magnam natus.',133),(147,'architecto','Tenetur possimus ratione exercitationem corporis maxime exercitationem cum. Qui omnis provident impedit vero omnis aut minima repellat. Ut perferendis officiis at dignissimos voluptate aut.',31),(148,'doloribus','Enim error rerum ipsum eligendi. Quisquam accusantium consequuntur est similique doloremque at voluptatem. Est at aut dolorem ipsum alias cumque.',18),(149,'et','Et animi at consequuntur illum. Non delectus repudiandae ut quis dolores numquam. Numquam quia ea assumenda voluptatem magni sit quaerat. Nemo illum tenetur ut quae amet non sunt.',140),(150,'nisi','Commodi delectus cumque itaque consectetur nisi. Odit sint ut quia eum et. Harum corrupti qui doloremque praesentium aut.',34),(151,'enim','Molestiae id placeat exercitationem unde sed sed. Deserunt aut voluptas aut autem illum. Libero officia qui esse officia et non. A vero sed sed hic quos.',126),(152,'maxime','Voluptatum quis ratione neque perferendis temporibus necessitatibus. Eaque est qui reprehenderit iusto sequi ipsum.',167),(153,'et','Consequuntur aliquam aut praesentium reprehenderit sunt tempora aut. Et vitae corporis qui doloribus nostrum. Delectus autem sit ad quasi.',39),(154,'fuga','Dolores nobis est aliquid natus in tempora ea. Et dolorem veritatis fuga. Eum et doloribus omnis. Voluptas nostrum assumenda cupiditate labore reprehenderit et facilis id.',116),(155,'ea','Quidem quam et dolorem. Omnis et asperiores repellat excepturi. Enim reprehenderit nulla et accusamus sint temporibus error.',78),(156,'quisquam','Amet consequatur ut incidunt esse et autem sit. Sit quis eum eius iste qui. Est aut quam perferendis et unde natus. Occaecati itaque aspernatur delectus nulla.',12),(157,'quae','Vero asperiores qui alias quae. Enim error voluptatem eaque quis enim. Aut facilis omnis minus reiciendis ullam.',12),(158,'ab','Odit eos sed ut est in ut. Veniam et vero nihil nihil repellat. Asperiores deserunt et non voluptas in.',67),(159,'dolorem','Unde iste laboriosam excepturi. Enim molestiae laboriosam voluptas eaque. Ea id ut quo ipsam.',194),(160,'nihil','Pariatur molestiae vel aut nostrum vel. Est rerum cum quae vel corporis soluta enim. Qui dolorum nihil quis autem quis. Et voluptatem non qui quae quaerat assumenda ut vero. Asperiores fugiat earum consequatur.',198),(161,'atque','Nam ea deserunt reiciendis sit quo ratione voluptas. Non suscipit id ut saepe eius iusto. Qui adipisci quibusdam aut sit officia alias consequatur nisi. Sunt in omnis quis quia.',163),(162,'in','Quibusdam quibusdam voluptatem laboriosam odio distinctio quibusdam. Natus explicabo non eos aut id sint tempora perferendis. Incidunt esse eos porro ipsa velit nulla.',104),(163,'totam','Hic amet id qui labore accusantium. Voluptatem a quaerat et sit excepturi. Id nihil fugit nostrum dolorem. Pariatur qui ipsam accusantium vero. Maxime ex iste tempora incidunt et quasi.',23),(164,'illum','Nam doloribus qui facilis. Magni aut numquam modi sunt.',155),(165,'molestiae','Beatae quia eveniet non inventore eos sit alias. Quia dolorem dolor sapiente rerum quos. Vero reprehenderit autem et fuga aliquid veritatis facere.',67),(166,'possimus','Odit laborum ut fugiat repudiandae consequatur. Adipisci aut delectus sunt sit. Et distinctio mollitia consequatur tempora. Est nobis aut architecto rem magni.',53),(167,'aspernatur','Recusandae et hic nobis cupiditate aut. Impedit et quia sed dignissimos. Id molestiae eveniet dolores.',44),(168,'iure','Incidunt cum sed qui eaque natus asperiores. Quia molestias suscipit et qui. Fugit recusandae vel exercitationem nemo in.',105),(169,'at','Ex iusto quos veniam dolore animi. Eligendi et vero ducimus sed occaecati. Et ut sint fugit.',74),(170,'eos','Praesentium repellat et ut atque et molestias possimus. Voluptatem repudiandae vel rerum id quae doloremque. Optio quaerat sed et tenetur qui sunt quis.',59),(171,'architecto','Reiciendis voluptatem qui nulla quod cum modi. Aut veritatis quae mollitia ratione officia. Autem quis similique modi natus rerum.',51),(172,'nostrum','Reiciendis illum voluptatem ea laudantium architecto alias. Ut hic nihil dicta cupiditate. Explicabo veritatis at totam eum. Sunt similique distinctio praesentium ut.',134),(173,'illum','Laudantium laboriosam reiciendis voluptatem quia nihil aliquid possimus. Accusamus hic omnis et voluptates libero repudiandae et. Atque est provident qui numquam aut ut.',8),(174,'dolorem','Doloribus beatae nam distinctio est quas animi. Ad quia velit sunt libero autem adipisci ipsam aliquid. Maxime amet quia iure neque quasi vel. Optio officia et animi et soluta repudiandae.',89),(175,'non','Autem earum voluptas et cum omnis in suscipit nihil. Libero saepe omnis veniam ut porro illo tempore dolor. Velit officiis omnis distinctio aliquid molestiae eaque laborum.',66),(176,'ab','Ratione voluptatem dicta perferendis adipisci voluptatibus. Vitae quidem maxime non iure rerum saepe recusandae. Itaque veniam voluptatem unde consequatur et. Dolores sunt voluptatem et exercitationem qui accusantium excepturi. Dolor aut officii',42),(177,'natus','Incidunt ut sed ut quo nulla. Repellat et in possimus voluptatem cupiditate et. Rerum mollitia atque iusto et non velit.',22),(178,'dolor','Sequi tenetur consequatur sit qui magnam optio suscipit. Qui est dolor qui. Fugiat labore ullam quia cupiditate dolor omnis doloremque. Eveniet sed asperiores rerum nobis.',96),(179,'laudantium','Tempora veritatis quod sunt illo recusandae aut. Vel explicabo assumenda officiis. Incidunt facere quod consequuntur eos quidem.',59),(180,'delectus','Beatae quia neque officia nam labore laudantium. Accusantium in consequatur possimus doloribus fugit eius. Laborum id saepe a consectetur.',161),(181,'atque','Natus labore quas nihil quae sed similique aperiam. Est rerum ipsam deserunt quibusdam quia.',130),(182,'at','Quod veritatis quidem minima nemo. Sunt modi qui veniam dolor sed error reprehenderit ipsa. Quia vel ut qui at quasi quae quia et. Voluptas nostrum sit nulla iusto consectetur non reprehenderit.',185),(183,'totam','Aut alias magni quia in. Ipsum consequatur consectetur consequatur eveniet expedita aut. Illum et distinctio asperiores possimus. Dignissimos quo nisi qui. Aperiam sint ad quo ut.',128),(184,'illo','Enim neque numquam qui ea non neque. Qui consequatur ex voluptas amet ipsam eum. Nesciunt architecto corporis et vel vel doloribus qui. Quia nihil vero magnam.',169),(185,'dolorem','Aut voluptas rem ut sunt fugit similique. Odio et dicta sunt accusantium harum. Est culpa doloribus qui omnis.',101),(186,'et','Incidunt fugiat praesentium magni porro. Perspiciatis quibusdam nobis non non recusandae dolorum dolores.',5),(187,'alias','Iusto similique quam voluptates incidunt eveniet mollitia perspiciatis. Quia consectetur est eos voluptas et numquam voluptatem. Delectus commodi dolor neque enim. Unde dicta velit blanditiis natus corporis mollitia.',180),(188,'aspernatur','A officia nam voluptatem in. Laudantium iusto qui voluptatem molestiae. Minus blanditiis ea autem accusamus vel neque.',112),(189,'labore','Debitis sint perferendis est non dolorum. Voluptatem quod omnis atque voluptatem amet. Est ipsam nobis quaerat nihil illo enim. Rerum consequuntur ducimus delectus eos minus.',71),(190,'ea','Voluptatem ea eum architecto. Voluptatum doloremque quam quaerat officiis dolorem qui illo officia. Nisi dicta numquam tempora corrupti beatae laudantium sunt. Fuga tempore omnis quos repudiandae magnam.',173),(191,'eum','Ducimus doloribus fugit iusto similique doloremque recusandae. Odit id id doloribus molestiae. Nemo aut ad dolorum ut accusamus molestiae aut deleniti. Nisi amet libero non.',109),(192,'ex','Quibusdam aut qui aut voluptatem qui inventore eum tempora. Consequatur consequatur eos dicta voluptas voluptas voluptas. Enim ut inventore nemo.',34),(193,'voluptatem','Vero ut velit quas maxime officiis. Et laudantium qui quia veniam sequi alias voluptatem. Dicta occaecati sed atque maxime.',76),(194,'consequatur','Veritatis libero enim qui quidem. Cupiditate cum voluptas tempore provident numquam autem. Quos suscipit sit enim dolor ut animi fuga quia. Odio nulla qui deserunt qui alias sequi suscipit. Quaerat aut necessitatibus perspiciatis quis est.',132),(195,'quibusdam','Aliquid ut voluptatem excepturi. Maiores incidunt pariatur numquam ea sit. Vitae omnis neque quisquam nostrum dolore ad. Dignissimos exercitationem impedit sit qui reprehenderit quasi rerum.',188),(196,'at','Nulla culpa dolor laudantium quo velit maxime. Quidem blanditiis distinctio quo ab incidunt ipsa nam. Accusantium velit mollitia similique eligendi. Quas quibusdam corrupti aut necessitatibus possimus. Sed magnam possimus quae eum nostrum.',142),(197,'quo','Reiciendis nobis repellat ipsa labore commodi deleniti est. Enim autem quis pariatur incidunt et voluptate non. Fugit vel ullam sed veniam corporis. Iste voluptas expedita quam dolorem illum tenetur aut et.',185),(198,'nulla','Quisquam numquam voluptatum eum beatae non. Sunt possimus accusamus praesentium veritatis possimus similique. Et consequuntur consectetur et et et. Harum ex sapiente at voluptate ut odio.',32),(199,'voluptatem','Minus dolor enim est exercitationem culpa quibusdam. A distinctio vitae inventore architecto voluptatibus molestiae tenetur. Voluptas non odit ut dolores. Optio ullam aliquid ducimus labore omnis tempora.',47),(200,'tempore','Sed eum occaecati animi ducimus eum nihil sit totam. Dolor maiores quo sed. Reprehenderit dicta ipsa nam. Dolore et sit ut provident doloribus iusto.',58),(201,'dolorem','Cum assumenda ut ex non esse est. Nihil unde sunt ullam aliquid in illo aut. Non officia hic in aliquid voluptas architecto consequatur. Vel porro atque amet pariatur impedit voluptates qui nihil.',90),(202,'ratione','Dignissimos est cumque est aliquam quidem ex. Ullam molestiae incidunt laboriosam totam non eaque pariatur illum. Veniam ut consectetur qui accusamus. Doloribus voluptas iure laboriosam id aut.',97),(203,'voluptate','Et laboriosam aut vero qui. Consequuntur ut dolor dolorum aut ut. Magnam ut sunt aut aperiam impedit. Vel unde qui nobis consequuntur.',191),(204,'dolorem','Inventore quia ea rerum error ut distinctio ullam. Non suscipit unde quia sunt suscipit consequatur. A vel tenetur quia.',98),(205,'tempora','Eveniet nemo atque odit quaerat corporis. Est sapiente ut libero voluptatem. Ratione error occaecati neque voluptatem iure. Ut fugit officiis ut nisi totam.',186),(206,'ut','Autem sapiente neque quam ipsa omnis amet. Aut placeat provident autem magnam. Explicabo voluptates minima officia blanditiis quis ea. Fuga non repudiandae magnam quisquam optio.',57),(207,'asperiores','Qui alias eum error non labore ad. Laboriosam at facilis et est id id. Labore est non nihil ut quibusdam tenetur accusamus.',140),(208,'iste','Velit culpa vel non est natus. Doloribus quisquam qui sit voluptate laudantium possimus sed aut. Tempore quam velit quae asperiores rerum sint. Rem et error quia quia.',7),(209,'non','Ex voluptas fugiat doloribus non ut. Necessitatibus quia commodi eum laboriosam ut. Tempora facilis at similique eum.',152),(210,'sint','Qui et quia nemo aut. Nisi quibusdam fugiat aperiam et omnis harum temporibus. Dignissimos velit esse porro dolor dignissimos.',199),(211,'voluptatibus','Adipisci occaecati sed sit ea cupiditate voluptas aut. Ea voluptas dolores animi placeat est eligendi. Doloremque nihil quia enim sunt accusantium quidem qui. Beatae nemo sed non beatae molestias maxime ut.',167),(212,'eaque','Ea consequatur maiores fugit eos. Et ratione in provident eos sunt aut voluptates. Expedita autem quisquam qui sit.',81),(213,'quidem','Veniam perferendis enim qui inventore dolor dolorem autem. Rerum atque dignissimos ut mollitia ut. Dolorum hic dicta delectus deserunt. Voluptas cum sunt iusto vel.',183),(214,'magni','Sunt nesciunt consequatur commodi qui consequatur velit qui. Tempora repellat minima quae et quo. Dolorum maiores provident doloribus aliquam. In ut labore non eveniet vero officia ut.',95),(215,'ut','Illo velit mollitia eius neque quia necessitatibus omnis. Quia nihil repellat rerum molestiae provident. Sit odio voluptas veritatis quibusdam.',49),(216,'aliquam','Delectus a in dolore quasi. Ipsa aut autem eius debitis. Excepturi et quia doloremque omnis temporibus.',83),(217,'quis','Et ex qui enim laboriosam unde est fugiat. Corporis qui quia veritatis iste hic.',99),(218,'illo','Eum mollitia sed beatae aperiam quia. Nam officiis quasi voluptatum dignissimos quia quo. Consequatur repudiandae facere ab qui mollitia doloremque. Quia reprehenderit et in assumenda quis. Omnis maiores fugiat harum suscipit aut repudiandae cor',29),(219,'ut','Ut ut laborum ut laudantium omnis. Hic dignissimos et explicabo architecto id. Maiores facere facilis non dolor. Sed enim hic tempore provident non.',195),(220,'ipsa','Voluptatem dignissimos quidem aut harum ut deserunt. Sint eos in ab omnis molestiae atque numquam. Quo eum odit culpa illo pariatur aut. Molestias repellat aut commodi sit hic.',169),(221,'nisi','Enim quas quia rerum vel animi dolor. Illum eos non vero. Quia alias cumque qui similique. Maiores architecto aperiam voluptate enim iste cum id.',1),(222,'eveniet','Ea omnis ducimus quia. Delectus consequatur eos est dolorem.',104),(223,'nulla','Repudiandae omnis sint qui reprehenderit reiciendis vitae quam. Exercitationem voluptas odit delectus eveniet veniam a. Quidem ut velit rerum.',2),(224,'quos','Ab illo fugiat culpa possimus et soluta occaecati architecto. Soluta adipisci vel deleniti repellat esse in beatae. Laboriosam officia quia recusandae est dolore laudantium sunt.',76),(225,'distinctio','Velit et dolorum quia. Facilis voluptas esse enim quaerat architecto consequuntur. Est adipisci iusto distinctio voluptas et. Repellat in a aut beatae possimus id.',36),(226,'tenetur','Odit fugiat libero beatae ipsum explicabo deleniti. Dolorem dignissimos dolorem in provident iste natus. Non qui magnam ipsam quos.',190),(227,'ratione','Deleniti rerum omnis optio odit quidem. Unde reiciendis hic quia temporibus omnis. Ex eum necessitatibus quis ea dolor sed. Ut doloremque quia nam qui et.',18),(228,'delectus','Sint incidunt maxime perspiciatis quae quidem sit. Sapiente ad et et tempora tempore officiis. Expedita itaque quae enim maiores sed assumenda blanditiis. Et pariatur maiores quos quo neque.',20),(229,'molestiae','Impedit enim at quia quam a sapiente. Animi saepe repellendus voluptate mollitia est. Numquam qui ipsa nam assumenda nihil amet.',22),(230,'ut','Magnam cum illum tempora et laborum. Facilis ut cumque praesentium. Quae et sequi natus ipsum tenetur ipsum. Modi molestiae aliquid officia deleniti.',64),(231,'quis','Vel repellat a quam. Beatae minus ipsum consequuntur eos nobis porro quam. Quo velit nostrum aperiam quae.',78),(232,'est','Illo non voluptatibus aut. Deserunt sit aperiam asperiores architecto ut enim omnis numquam. Aut nihil nemo quasi sunt eum. Libero ducimus quasi molestias nulla ipsam aut tempora.',112),(233,'voluptatem','Ab eveniet quidem illo corrupti. Accusantium nostrum saepe non voluptas voluptatem. Autem est pariatur nisi et. Ea possimus nihil sed quia possimus aut sapiente necessitatibus.',161),(234,'at','Sit ducimus et ut magni eum eaque. Voluptatem quis blanditiis ipsa sint.',69),(235,'dicta','Quisquam in in sunt et necessitatibus distinctio dolorum alias. Autem inventore sint inventore veniam quis qui. In excepturi nobis suscipit ipsum fuga et. Doloribus sit voluptatem voluptas reprehenderit.',9),(236,'rerum','Est excepturi et nobis voluptas. Dolor sint et inventore corrupti quaerat et sapiente. Ut voluptates mollitia voluptatem.',146),(237,'consequuntur','Iste vitae ipsam perferendis blanditiis quia dolores. Non accusantium voluptate alias velit ut. Quia dolorem sequi libero ullam voluptates voluptatem repellendus. Accusantium est quod quod voluptatum est molestiae fugiat.',125),(238,'dolorum','Sit illo illum similique non et. Odio sint sint est voluptatum iste omnis porro. Ad quisquam quod et et porro. Aliquid ab voluptatem neque.',149),(239,'itaque','Quis rerum illum fugiat praesentium sit rerum. Exercitationem culpa minus sit cum. Temporibus omnis sit ut deserunt doloremque et. Voluptates omnis molestiae harum qui aliquid tempore.',153),(240,'est','Quia quasi ratione pariatur sequi. Aliquam voluptatem nesciunt illo et. Voluptates maxime consectetur inventore.',77),(241,'voluptatem','Et ipsa inventore esse. Adipisci est nobis tempore voluptatem velit molestiae sed. Odit quo consequuntur ea eveniet exercitationem autem. Est laudantium harum et nesciunt optio libero.',147),(242,'error','Fugiat vero impedit sit rerum ea. Porro nam quia voluptate nam. Quas blanditiis facere modi quia minus. Ut voluptatem nam laboriosam voluptas eaque dolorum.',120),(243,'voluptatum','Minima ut commodi est non autem. Magni asperiores excepturi saepe omnis nisi consequatur. Rerum magnam est doloribus libero aut corporis perferendis. Vel repellendus sint doloremque qui aut.',158),(244,'labore','Autem quod dicta nesciunt similique voluptas. Aspernatur nihil iure non vel alias asperiores. Maxime possimus similique est nemo sed omnis provident. At deserunt veritatis et iste ut cupiditate sit esse.',130),(245,'aut','Quo omnis error natus est. Doloribus voluptatem reprehenderit repellendus voluptas et. Harum dolorem nulla aut aut repellat unde unde voluptatem.',14),(246,'est','Asperiores iure ut perferendis doloribus officia. Culpa consequatur ex neque dolores consequatur excepturi animi. Adipisci cupiditate voluptatem illum quo magnam assumenda expedita.',7),(247,'autem','Quasi ut ea recusandae earum. Ipsum deleniti saepe ea et cum. Et consequuntur consequatur illum eveniet dolorum rerum quae voluptatum.',13),(248,'et','Accusamus quasi recusandae qui. Voluptate consequuntur est quo adipisci itaque assumenda et et. Officia molestiae ratione quos iusto harum temporibus inventore.',112),(249,'accusantium','Hic omnis illum ea. Vel quod aut quae. Porro sit voluptates aut sed perspiciatis fugit eum.',35),(250,'ut','Sit eos cumque qui non unde id quas. Culpa amet modi error nisi et ut. Ipsum voluptatem reiciendis sint sed sunt ut.',8);
/*!40000 ALTER TABLE `communities` ENABLE KEYS */;
UNLOCK TABLES;

--
-- Table structure for table `communities_users`
--

DROP TABLE IF EXISTS `communities_users`;
/*!40101 SET @saved_cs_client     = @@character_set_client */;
/*!40101 SET character_set_client = utf8 */;
CREATE TABLE `communities_users` (
  `community_id` bigint(20) unsigned NOT NULL,
  `user_id` bigint(20) unsigned NOT NULL,
  `created_at` datetime NOT NULL DEFAULT current_timestamp(),
  PRIMARY KEY (`community_id`,`user_id`),
  KEY `communities_users_comm_idx` (`community_id`),
  KEY `communities_users_users_idx` (`user_id`),
  CONSTRAINT `fk_communities_users_comm` FOREIGN KEY (`community_id`) REFERENCES `communities` (`id`),
  CONSTRAINT `fk_communities_users_users` FOREIGN KEY (`user_id`) REFERENCES `users` (`id`)
) ENGINE=InnoDB DEFAULT CHARSET=utf8mb4 COLLATE=utf8mb4_unicode_ci;
/*!40101 SET character_set_client = @saved_cs_client */;

--
-- Dumping data for table `communities_users`
--

LOCK TABLES `communities_users` WRITE;
/*!40000 ALTER TABLE `communities_users` DISABLE KEYS */;
INSERT INTO `communities_users` VALUES (2,111,'2001-11-14 07:30:08'),(3,6,'2009-12-23 10:34:35'),(3,53,'2000-06-19 03:26:34'),(3,58,'1978-02-02 17:36:42'),(4,34,'2017-06-06 03:19:19'),(4,170,'1987-12-21 17:08:21'),(4,181,'1997-10-14 13:59:29'),(5,44,'2000-11-23 07:33:09'),(5,85,'1975-02-25 18:00:34'),(6,76,'1991-08-24 10:48:16'),(6,153,'1972-05-25 18:32:50'),(7,153,'2001-05-30 21:03:02'),(9,84,'1991-10-12 12:40:44'),(9,198,'1973-04-20 18:55:28'),(12,14,'1991-07-10 15:07:36'),(12,104,'2000-01-08 12:04:32'),(12,167,'2007-09-06 02:45:01'),(13,40,'1977-06-10 05:05:48'),(13,71,'1974-08-01 09:08:26'),(14,28,'1990-10-08 07:12:05'),(14,83,'2015-03-26 20:59:58'),(15,49,'1974-06-06 05:56:42'),(15,121,'1994-09-30 12:50:10'),(15,159,'2017-04-04 10:35:47'),(16,192,'2011-03-19 22:38:22'),(17,73,'2001-02-26 07:58:27'),(17,86,'2009-06-01 18:38:43'),(17,188,'2018-11-18 16:18:03'),(18,98,'1988-06-07 12:17:43'),(18,118,'1974-08-24 06:53:44'),(19,200,'1996-05-15 16:02:25'),(20,90,'2011-12-05 07:11:22'),(21,26,'2004-09-18 10:06:34'),(21,148,'2018-07-19 10:56:20'),(22,120,'1973-03-11 15:06:06'),(23,26,'2013-09-23 19:59:12'),(23,84,'2010-03-19 23:30:06'),(24,148,'1998-11-28 08:20:04'),(25,73,'1977-04-10 18:30:32'),(25,144,'1974-01-07 04:04:10'),(25,167,'2004-07-01 01:49:28'),(27,105,'1973-05-28 07:04:11'),(27,186,'2015-01-06 10:13:54'),(28,62,'1983-05-31 05:48:19'),(29,73,'2001-05-28 06:32:22'),(30,103,'1995-06-03 00:46:30'),(31,163,'1976-07-04 15:32:32'),(32,49,'1976-06-20 15:08:49'),(32,178,'1999-10-03 09:42:06'),(33,72,'2019-02-09 01:10:47'),(34,68,'1980-04-17 06:10:35'),(34,171,'2011-08-26 07:19:47'),(34,175,'2017-09-17 09:41:21'),(35,13,'2006-01-05 00:13:03'),(36,127,'2004-08-31 22:24:05'),(36,151,'1980-08-24 00:20:17'),(36,166,'1978-01-13 07:58:39'),(36,187,'1986-06-16 01:00:37'),(37,24,'1976-04-17 17:07:46'),(38,59,'1976-04-02 22:37:19'),(38,80,'1980-06-29 09:05:48'),(38,180,'2009-02-10 14:23:57'),(40,94,'1988-01-11 15:43:55'),(41,100,'2001-07-09 10:21:14'),(41,135,'2018-01-19 20:07:12'),(42,183,'2016-12-31 15:28:26'),(43,143,'1990-07-21 18:47:04'),(45,86,'1997-03-14 06:56:06'),(46,55,'1978-08-04 23:47:00'),(47,83,'1973-10-07 05:42:57'),(47,172,'1997-01-04 03:50:50'),(49,99,'1973-10-06 14:20:31'),(49,199,'1999-08-08 06:23:07'),(50,118,'2021-01-01 11:25:32'),(50,195,'1996-10-25 21:11:28'),(51,155,'1983-11-14 02:02:08'),(56,48,'2020-08-19 15:16:30'),(57,44,'1977-11-13 13:02:00'),(57,59,'1994-07-07 13:27:33'),(57,116,'2019-02-12 14:39:13'),(58,84,'2006-05-19 22:56:23'),(58,164,'2006-02-28 02:14:00'),(58,173,'2013-08-27 05:15:23'),(58,189,'1984-02-25 09:30:49'),(58,200,'2002-07-19 23:13:02'),(60,174,'1991-07-07 21:26:55'),(62,24,'1989-01-17 13:03:13'),(62,156,'1972-04-15 11:44:59'),(63,16,'1974-09-24 19:36:18'),(63,119,'1995-06-01 11:55:45'),(63,133,'2016-05-14 00:20:18'),(63,151,'1976-11-12 16:00:16'),(64,166,'2008-12-09 04:38:10'),(64,191,'1986-03-11 19:42:28'),(65,48,'2011-06-27 01:05:19'),(65,72,'1982-03-07 03:04:29'),(66,70,'1984-12-03 19:41:15'),(67,61,'1979-03-20 10:22:42'),(67,185,'2001-10-04 01:52:32'),(68,12,'1980-11-23 21:59:20'),(68,131,'2017-12-31 01:03:52'),(68,163,'1994-06-09 01:43:11'),(70,6,'2015-09-28 11:33:11'),(70,53,'1981-08-21 12:27:37'),(71,78,'1997-11-26 06:05:12'),(71,199,'1988-05-19 12:16:50'),(72,167,'1996-06-06 11:51:13'),(73,31,'1972-11-22 06:36:07'),(75,11,'1984-05-18 12:18:35'),(75,110,'1979-01-31 03:45:49'),(75,142,'2009-04-17 05:04:42'),(76,2,'1977-08-21 03:34:45'),(76,59,'1991-07-22 01:21:08'),(76,100,'2000-05-05 01:45:12'),(76,181,'1979-07-06 16:19:22'),(76,196,'1983-09-29 11:12:01'),(77,97,'2008-03-02 18:22:15'),(77,112,'2000-03-26 04:57:02'),(78,9,'2009-01-23 13:18:35'),(78,31,'2001-09-18 00:26:36'),(78,59,'1992-06-07 01:40:44'),(78,121,'1991-08-22 01:08:21'),(79,134,'1998-08-11 19:37:17'),(82,162,'1990-09-25 17:30:50'),(83,26,'1999-09-02 13:28:19'),(85,37,'2018-02-13 13:40:15'),(85,45,'1979-05-26 02:39:21'),(85,100,'1995-02-10 20:08:07'),(85,176,'1998-11-10 04:21:48'),(86,47,'2001-01-25 01:29:23'),(86,61,'1994-07-19 23:57:03'),(87,7,'2014-08-06 10:55:10'),(87,106,'2010-06-02 17:49:43'),(88,21,'1979-06-04 14:41:46'),(90,114,'2005-12-31 08:38:09'),(91,148,'1986-06-29 13:58:45'),(93,98,'2007-04-03 01:42:23'),(93,124,'1997-11-03 04:11:16'),(94,5,'1987-03-28 22:14:05'),(94,86,'1982-08-27 02:50:19'),(94,156,'1993-04-13 13:06:23'),(95,175,'1990-04-04 07:30:59'),(96,137,'1980-06-05 07:29:51'),(97,91,'2004-02-23 21:18:24'),(97,95,'2011-09-19 11:36:26'),(97,175,'1974-12-09 22:53:44'),(98,47,'1987-07-29 17:12:58'),(98,101,'1989-10-23 13:58:23'),(98,161,'2000-05-14 08:00:56'),(99,4,'2017-08-29 23:27:00'),(99,34,'2020-12-18 18:22:39'),(100,133,'1987-05-11 01:48:17'),(102,4,'2016-06-30 20:08:08'),(102,47,'2008-01-03 04:24:40'),(102,160,'1971-05-08 20:16:51'),(102,167,'1975-01-13 07:07:24'),(102,185,'2015-09-04 14:51:55'),(103,76,'2017-06-18 06:47:24'),(105,44,'2009-02-03 20:52:48'),(105,52,'2020-01-15 20:51:33'),(105,84,'1990-11-23 00:06:33'),(105,122,'1976-01-10 01:12:54'),(105,154,'2012-08-23 07:40:33'),(106,53,'1982-05-14 15:03:11'),(106,59,'2020-10-18 16:09:28'),(106,89,'2007-02-23 15:51:17'),(107,140,'1982-11-06 09:03:08'),(108,37,'1990-01-26 06:51:18'),(108,55,'2012-07-29 01:40:34'),(109,75,'2013-09-20 06:38:42'),(109,183,'2005-10-22 05:15:02'),(110,100,'1997-05-04 23:45:24'),(111,87,'1970-03-05 12:41:45'),(112,61,'1972-09-18 09:35:11'),(113,62,'1990-07-05 22:05:31'),(114,64,'1972-07-25 17:36:23'),(114,114,'1991-10-08 20:14:54'),(115,129,'1970-10-19 05:13:36'),(115,133,'2004-02-28 04:38:52'),(115,157,'1989-11-26 09:02:44'),(116,32,'2001-10-06 13:32:11'),(117,122,'1977-08-13 23:42:12'),(117,155,'2006-03-15 15:08:54'),(117,180,'1979-08-20 15:33:16'),(118,156,'1977-02-13 22:37:12'),(119,58,'2015-06-06 10:45:25'),(120,36,'1995-02-26 02:07:29'),(120,99,'2018-08-17 06:45:54'),(120,200,'1986-10-07 04:27:47'),(121,87,'1990-10-27 08:29:18'),(121,131,'2012-04-25 21:01:56'),(121,162,'1990-07-13 07:50:02'),(122,72,'2015-07-29 02:51:58'),(123,136,'1974-12-03 17:37:07'),(124,39,'1980-12-06 06:31:43'),(124,130,'1999-10-02 15:39:45'),(124,146,'1974-11-11 02:31:21'),(124,191,'1988-12-26 10:27:46'),(127,129,'2014-05-22 14:14:02'),(129,16,'2017-01-19 10:11:38'),(130,105,'1980-08-29 02:19:57'),(131,141,'1981-06-19 10:35:45'),(133,123,'2019-11-19 16:03:31'),(134,80,'1988-05-12 04:28:11'),(135,68,'1992-07-29 21:24:05'),(135,195,'2007-04-11 07:00:27'),(136,19,'1973-02-19 07:37:50'),(136,53,'2002-03-24 05:02:13'),(138,33,'1977-04-04 00:22:40'),(138,59,'1971-06-05 20:52:58'),(138,130,'2020-06-16 11:59:34'),(138,177,'1975-07-19 14:43:16'),(138,200,'1998-11-29 15:27:02'),(141,141,'2013-11-11 17:10:41'),(141,192,'1971-02-11 05:27:30'),(142,6,'1981-08-26 21:19:04'),(142,46,'1983-03-06 06:49:25'),(142,87,'1980-02-04 02:08:30'),(142,192,'2003-09-15 07:08:15'),(142,200,'1979-09-25 17:49:08'),(144,140,'1976-04-13 08:02:19'),(144,149,'2019-01-26 19:54:52'),(145,132,'2015-06-07 00:30:43'),(146,30,'2015-07-06 09:37:05'),(146,38,'1989-10-29 22:27:25'),(147,90,'1996-12-22 12:22:44'),(147,129,'2018-06-07 07:35:56'),(147,195,'2019-11-21 12:22:37'),(149,141,'1990-10-21 13:06:58'),(150,69,'2005-07-22 04:49:38'),(153,54,'1998-08-18 00:01:14'),(153,183,'1999-09-16 00:11:35'),(154,23,'1988-11-24 21:33:55'),(155,18,'1983-12-23 17:28:00'),(155,183,'2018-08-20 12:25:59'),(156,108,'1984-04-03 09:20:56'),(157,3,'1971-06-29 03:25:17'),(157,8,'2008-04-25 10:34:55'),(158,31,'2002-03-11 17:20:58'),(158,160,'2011-07-28 09:21:12'),(159,50,'1993-04-24 16:25:42'),(159,129,'1971-01-30 09:04:09'),(160,56,'1984-07-26 15:49:15'),(160,58,'2003-07-24 11:34:36'),(160,126,'1980-09-19 16:42:48'),(161,150,'1997-01-09 06:12:34'),(162,139,'2004-06-26 17:14:30'),(162,197,'2000-04-12 15:00:10'),(163,41,'1993-12-22 11:17:18'),(163,126,'1980-04-10 20:31:40'),(163,132,'1981-08-05 09:16:54'),(165,71,'2013-09-14 17:02:21'),(165,197,'2019-01-25 21:47:42'),(167,58,'1986-04-26 15:58:19'),(167,64,'2014-04-01 14:19:30'),(167,72,'2017-08-28 14:23:46'),(167,82,'1978-11-21 23:41:05'),(167,139,'2015-10-19 21:09:19'),(168,3,'1986-04-23 08:24:17'),(168,15,'1989-09-02 21:56:58'),(168,95,'1999-04-05 03:05:12'),(169,15,'1991-09-24 17:44:05'),(169,110,'2011-07-27 10:18:27'),(170,27,'2012-02-14 16:50:46'),(170,40,'1993-04-02 09:55:16'),(170,64,'2002-02-05 19:01:36'),(171,182,'2018-05-21 18:21:39'),(171,197,'1979-08-26 15:36:54'),(172,92,'1997-11-29 09:22:12'),(172,161,'2000-09-10 14:40:07'),(173,149,'1997-08-24 02:09:08'),(173,178,'2006-11-30 19:59:38'),(174,87,'2012-12-04 08:38:14'),(175,13,'2003-01-05 23:56:48'),(177,45,'1970-12-10 22:47:04'),(178,14,'2008-03-31 13:55:52'),(178,122,'2016-12-19 10:03:36'),(178,134,'2011-10-19 05:43:18'),(178,168,'1994-07-06 13:18:34'),(178,199,'1971-09-18 17:22:22'),(179,24,'1997-01-30 11:16:31'),(179,46,'1982-11-19 04:44:44'),(180,163,'1973-12-29 04:02:10'),(181,33,'2014-12-26 11:29:21'),(181,66,'1973-07-28 11:05:44'),(181,143,'1970-12-27 23:34:25'),(182,40,'1970-01-16 04:33:52'),(182,86,'2004-08-25 05:18:12'),(182,147,'1983-10-07 16:56:39'),(182,172,'1979-11-02 12:51:37'),(182,192,'1982-08-29 04:23:13'),(183,34,'2008-06-19 05:20:13'),(183,41,'2012-05-09 12:55:40'),(183,129,'1994-11-20 13:30:54'),(183,171,'1977-09-17 08:14:55'),(184,36,'1981-12-06 04:06:29'),(184,43,'1970-09-22 17:17:24'),(184,150,'1997-02-15 08:53:36'),(184,153,'1983-04-09 06:50:44'),(185,57,'2011-01-24 19:32:54'),(185,178,'1985-12-21 03:29:36'),(185,185,'1985-10-12 15:11:44'),(186,84,'2011-05-11 06:21:21'),(186,190,'1975-06-15 17:11:20'),(187,75,'1999-12-17 16:45:15'),(190,27,'1991-10-20 21:20:50'),(190,52,'2001-04-27 23:04:28'),(190,192,'1998-11-01 15:17:23'),(191,64,'2015-07-05 19:20:22'),(191,119,'1972-03-18 02:21:21'),(191,135,'2005-12-01 22:12:03'),(192,31,'1975-05-10 18:05:09'),(192,87,'1982-01-01 13:00:11'),(192,189,'1971-05-21 14:06:37'),(193,149,'2000-05-21 14:29:43'),(193,159,'1988-11-05 07:44:07'),(194,139,'2018-09-01 04:16:49'),(194,140,'1980-01-18 21:18:54'),(196,38,'2007-05-17 16:29:56'),(197,35,'1996-10-21 04:28:59'),(197,116,'1992-10-17 17:18:21'),(198,53,'1997-01-04 04:42:08'),(198,125,'1985-01-23 02:42:05'),(199,95,'1993-01-07 13:51:15'),(199,163,'1977-07-13 12:15:55'),(200,147,'1996-02-27 08:48:53'),(201,116,'2003-04-24 18:08:00'),(203,50,'1982-10-07 15:51:49'),(203,193,'2009-01-08 15:52:10'),(204,100,'1976-10-09 02:54:49'),(204,146,'2018-07-30 21:59:05'),(206,194,'2011-08-12 07:54:34'),(207,79,'2013-11-13 07:39:12'),(207,106,'2005-08-19 12:51:02'),(208,73,'1976-06-12 22:21:13'),(208,80,'2005-08-05 15:59:42'),(208,91,'1997-12-02 08:42:51'),(209,20,'1981-06-13 09:53:22'),(209,153,'1977-04-07 05:05:41'),(210,11,'1985-09-30 01:20:30'),(211,5,'1976-02-15 00:31:54'),(211,52,'2010-02-01 19:04:00'),(211,168,'1972-12-20 10:59:44'),(212,61,'1982-08-22 09:59:20'),(213,35,'1987-09-18 12:50:44'),(213,37,'1974-10-05 16:58:03'),(213,65,'1997-06-10 08:52:59'),(213,77,'1999-10-07 00:17:16'),(213,156,'1971-05-24 02:02:34'),(216,141,'2019-03-11 18:58:18'),(218,43,'1994-09-15 08:15:59'),(218,44,'1999-12-07 18:31:39'),(218,83,'1973-10-17 05:48:01'),(219,15,'1988-02-08 21:51:40'),(221,12,'1989-12-06 14:08:37'),(222,51,'2007-08-23 13:27:46'),(222,165,'1999-12-08 18:03:14'),(222,196,'1992-09-29 08:03:47'),(223,16,'2005-12-13 15:21:18'),(224,10,'2002-09-29 10:03:04'),(224,29,'1988-03-30 01:37:19'),(224,81,'2005-10-23 09:12:28'),(225,55,'2001-07-27 14:15:27'),(225,90,'2021-02-06 15:40:02'),(225,158,'1980-04-01 10:53:17'),(225,194,'2000-12-18 21:06:28'),(225,195,'1991-09-13 09:17:34'),(226,35,'2006-03-03 08:32:33'),(226,97,'2001-09-05 19:50:49'),(227,19,'1982-01-16 02:29:51'),(227,103,'1991-07-03 16:26:00'),(228,30,'2008-05-07 23:19:12'),(228,155,'2019-04-26 23:48:38'),(229,52,'1981-05-27 15:59:41'),(229,164,'2015-01-24 07:37:24'),(229,178,'1976-08-30 00:44:11'),(230,132,'1998-03-26 07:59:12'),(230,160,'2004-04-11 03:22:43'),(231,33,'2000-08-18 01:11:12'),(233,35,'2001-08-02 06:19:46'),(233,78,'1974-03-14 23:47:45'),(233,188,'1977-06-05 08:23:53'),(236,70,'2018-12-09 23:28:05'),(237,75,'2002-06-25 14:18:23'),(239,63,'1995-08-18 01:56:12'),(240,103,'1999-09-13 19:02:32'),(240,136,'1983-11-11 00:11:31'),(241,139,'2006-08-25 13:25:33'),(241,158,'1988-12-23 20:19:48'),(242,80,'2019-02-12 23:27:52'),(242,171,'2000-10-29 16:48:24'),(243,155,'1989-01-16 22:53:34'),(244,139,'1992-01-06 09:08:10'),(245,112,'1998-11-23 09:26:27'),(245,189,'1986-12-16 01:25:16'),(245,194,'1981-12-11 14:54:31'),(247,67,'1978-06-16 12:49:31'),(247,174,'2013-01-24 20:05:52'),(247,175,'2001-09-14 14:28:30'),(247,187,'2006-05-24 17:26:56');
/*!40000 ALTER TABLE `communities_users` ENABLE KEYS */;
UNLOCK TABLES;

--
-- Table structure for table `friend_requests`
--

DROP TABLE IF EXISTS `friend_requests`;
/*!40101 SET @saved_cs_client     = @@character_set_client */;
/*!40101 SET character_set_client = utf8 */;
CREATE TABLE `friend_requests` (
  `from_user_id` bigint(20) unsigned NOT NULL,
  `to_user_id` bigint(20) unsigned NOT NULL,
  `accepted` tinyint(1) DEFAULT 0,
  PRIMARY KEY (`from_user_id`,`to_user_id`),
  KEY `fk_friend_requests_from_user_idx` (`from_user_id`),
  KEY `fk_friend_requests_to_user_idx` (`to_user_id`),
  CONSTRAINT `fk_friend_requests_users_1` FOREIGN KEY (`from_user_id`) REFERENCES `users` (`id`),
  CONSTRAINT `fk_friend_requests_users_2` FOREIGN KEY (`to_user_id`) REFERENCES `users` (`id`)
) ENGINE=InnoDB DEFAULT CHARSET=utf8mb4 COLLATE=utf8mb4_unicode_ci;
/*!40101 SET character_set_client = @saved_cs_client */;

--
-- Dumping data for table `friend_requests`
--

LOCK TABLES `friend_requests` WRITE;
/*!40000 ALTER TABLE `friend_requests` DISABLE KEYS */;
INSERT INTO `friend_requests` VALUES (1,52,1),(1,66,1),(2,12,1),(2,186,1),(3,11,1),(3,32,1),(3,97,1),(4,54,1),(5,32,0),(5,34,0),(6,163,0),(7,65,1),(7,172,0),(7,194,0),(8,49,0),(9,122,1),(10,41,0),(10,163,1),(10,175,0),(11,76,0),(12,78,0),(12,141,0),(13,91,1),(13,196,1),(14,13,1),(14,14,1),(14,187,1),(14,193,1),(17,25,0),(17,51,0),(17,169,0),(18,103,1),(19,95,1),(19,97,1),(19,115,1),(19,124,1),(20,61,1),(20,72,1),(21,51,1),(22,102,0),(22,161,0),(23,64,1),(23,87,0),(24,13,1),(24,83,1),(24,107,0),(24,132,0),(25,64,1),(25,65,0),(25,82,1),(26,114,1),(26,125,1),(26,137,1),(27,15,0),(27,107,0),(28,143,0),(29,21,0),(29,73,0),(29,115,1),(29,143,0),(30,9,1),(30,86,0),(30,100,1),(31,109,1),(31,173,1),(31,194,1),(32,77,1),(32,99,1),(33,6,1),(33,94,0),(33,106,1),(34,88,1),(35,87,1),(35,117,0),(36,138,1),(37,21,1),(37,70,1),(37,84,0),(37,197,0),(38,4,1),(38,5,0),(38,12,1),(38,94,1),(38,122,0),(38,153,0),(38,196,0),(40,127,0),(40,136,1),(41,123,1),(43,185,1),(45,49,0),(45,74,1),(45,127,0),(46,195,0),(47,108,1),(48,4,0),(48,22,0),(48,47,1),(48,184,1),(49,92,0),(49,194,1),(50,164,1),(50,184,0),(51,48,1),(52,16,0),(53,11,1),(54,151,1),(54,169,0),(55,90,0),(55,155,0),(55,192,0),(56,18,1),(56,67,0),(56,173,0),(58,137,0),(58,184,0),(59,10,1),(60,18,0),(61,30,0),(61,40,1),(61,102,0),(62,60,0),(62,150,0),(63,26,1),(63,123,1),(63,134,0),(64,36,1),(64,45,0),(65,23,1),(66,50,0),(67,16,1),(67,125,0),(67,142,0),(68,47,1),(68,185,1),(69,20,1),(69,48,1),(69,97,1),(69,190,0),(70,77,1),(70,81,1),(71,182,0),(72,66,1),(72,134,1),(72,146,1),(72,185,1),(72,198,0),(73,109,0),(73,140,0),(74,99,1),(75,46,0),(76,93,0),(77,14,1),(77,113,0),(78,46,1),(79,14,1),(79,37,0),(80,52,1),(80,53,0),(80,174,1),(81,169,0),(81,197,1),(82,73,0),(82,158,1),(83,139,1),(84,9,1),(84,47,0),(84,130,0),(84,134,1),(86,67,1),(87,23,0),(87,125,1),(87,165,0),(88,148,0),(88,149,0),(88,157,1),(89,28,0),(89,35,1),(89,45,0),(89,81,1),(89,124,1),(89,126,1),(89,143,1),(89,158,1),(89,162,0),(90,120,0),(90,157,0),(91,34,1),(92,23,1),(93,47,1),(94,24,1),(94,74,0),(94,186,0),(95,129,1),(95,133,0),(95,163,0),(96,80,0),(97,4,1),(97,10,0),(97,99,0),(97,114,0),(98,11,0),(98,19,1),(98,32,1),(98,129,0),(98,160,0),(99,57,1),(100,86,1),(100,160,1),(101,4,1),(101,69,0),(101,83,1),(101,180,0),(102,61,1),(103,111,0),(103,125,1),(103,187,0),(104,6,1),(104,106,1),(104,107,1),(105,84,0),(106,70,0),(107,2,1),(107,127,0),(107,150,0),(107,155,0),(107,167,1),(108,6,0),(108,24,1),(108,123,1),(109,126,1),(109,165,0),(109,192,1),(110,106,0),(110,178,1),(111,196,0),(112,74,1),(112,190,0),(113,15,1),(113,34,1),(113,63,1),(113,151,0),(114,68,1),(115,54,0),(116,3,1),(118,65,0),(118,75,1),(118,127,0),(118,143,0),(120,106,0),(121,13,1),(121,166,0),(122,24,0),(122,123,1),(122,158,0),(122,198,0),(123,40,1),(124,33,1),(124,182,1),(125,51,0),(125,62,1),(125,134,1),(126,153,0),(127,40,1),(127,162,1),(128,76,1),(129,33,0),(129,82,1),(129,88,0),(131,13,0),(131,73,1),(131,195,0),(132,182,0),(134,84,0),(134,195,0),(135,120,1),(136,151,0),(136,170,1),(138,52,1),(138,119,1),(139,110,0),(139,117,0),(140,55,0),(140,165,1),(143,19,0),(143,89,0),(143,131,0),(143,165,1),(143,199,0),(144,4,1),(144,35,0),(144,166,1),(145,75,1),(145,82,1),(145,163,0),(146,53,1),(147,128,1),(147,158,1),(148,24,0),(148,172,0),(149,145,1),(149,154,1),(149,181,1),(150,32,0),(150,121,1),(152,165,0),(153,165,0),(154,31,0),(154,117,0),(155,38,1),(155,119,1),(156,56,1),(156,60,1),(156,135,0),(158,32,1),(158,96,1),(158,120,0),(159,44,1),(160,15,0),(160,125,1),(161,20,0),(162,26,1),(162,75,0),(162,148,0),(162,160,0),(164,134,0),(165,42,1),(165,141,0),(165,147,1),(165,194,0),(166,108,0),(167,102,1),(167,126,1),(167,180,1),(168,92,1),(169,130,1),(169,148,0),(170,45,0),(170,67,1),(170,125,0),(171,54,1),(171,64,1),(171,186,0),(172,22,0),(172,101,0),(173,6,1),(173,150,1),(173,187,0),(174,62,1),(174,125,0),(175,125,1),(176,16,0),(176,62,0),(176,74,1),(176,108,1),(177,34,0),(177,50,1),(177,61,1),(177,122,1),(178,145,0),(179,107,1),(179,144,0),(179,163,0),(179,171,1),(181,31,1),(182,32,0),(182,57,1),(182,170,0),(184,72,0),(184,161,1),(185,100,1),(186,40,1),(188,121,0),(188,142,0),(188,195,1),(189,163,1),(190,23,1),(190,94,0),(190,108,1),(191,193,0),(192,8,0),(193,44,0),(194,68,0),(194,87,0),(195,56,1),(195,108,1),(196,76,0),(196,162,0),(197,91,1),(197,93,1),(197,138,1),(197,174,1),(197,193,0),(198,14,0),(198,48,0),(198,58,0),(198,96,0),(199,44,1),(200,110,0),(200,142,1);
/*!40000 ALTER TABLE `friend_requests` ENABLE KEYS */;
UNLOCK TABLES;

--
-- Table structure for table `media`
--

DROP TABLE IF EXISTS `media`;
/*!40101 SET @saved_cs_client     = @@character_set_client */;
/*!40101 SET character_set_client = utf8 */;
CREATE TABLE `media` (
  `id` bigint(20) unsigned NOT NULL AUTO_INCREMENT,
  `user_id` bigint(20) unsigned NOT NULL,
  `media_types_id` int(10) unsigned NOT NULL,
  `file_name` varchar(245) COLLATE utf8mb4_unicode_ci DEFAULT NULL COMMENT '/files/folder/img.png',
  `file_size` bigint(20) DEFAULT NULL,
  `created_at` datetime NOT NULL DEFAULT current_timestamp(),
  PRIMARY KEY (`id`),
  KEY `fk_media_users_idx` (`user_id`),
  KEY `fk_media_media_types` (`media_types_id`),
  CONSTRAINT `fk_media_media_types` FOREIGN KEY (`media_types_id`) REFERENCES `media_types` (`id`),
  CONSTRAINT `fk_media_users` FOREIGN KEY (`user_id`) REFERENCES `users` (`id`)
) ENGINE=InnoDB AUTO_INCREMENT=501 DEFAULT CHARSET=utf8mb4 COLLATE=utf8mb4_unicode_ci;
/*!40101 SET character_set_client = @saved_cs_client */;

--
-- Dumping data for table `media`
--

LOCK TABLES `media` WRITE;
/*!40000 ALTER TABLE `media` DISABLE KEYS */;
INSERT INTO `media` VALUES (1,126,2,'ratione',784838,'2009-08-30 09:11:07'),(2,115,4,'itaque',155,'1996-06-20 12:15:05'),(3,87,3,'vel',2967,'2008-06-20 03:07:28'),(4,89,2,'mollitia',26037,'2009-03-23 15:59:16'),(5,105,1,'numquam',76460,'2020-10-25 05:19:28'),(6,116,1,'veritatis',776,'1976-02-14 03:16:34'),(7,39,2,'perferendis',395885350,'1980-11-10 00:52:52'),(8,39,2,'in',1619765,'2000-05-26 21:02:11'),(9,107,4,'hic',843,'1977-10-20 14:39:35'),(10,11,4,'reiciendis',614647638,'1974-06-16 22:54:13'),(11,108,4,'est',116825291,'1974-05-26 15:33:23'),(12,98,3,'ut',62751021,'2006-10-28 07:14:08'),(13,26,4,'asperiores',298,'1975-10-29 10:34:33'),(14,87,1,'optio',0,'1978-12-23 04:44:04'),(15,68,4,'nam',3,'1975-06-04 13:45:56'),(16,159,4,'quidem',960,'1972-05-24 20:03:01'),(17,66,2,'aut',917823996,'2017-12-26 01:28:56'),(18,178,4,'voluptas',581,'2016-02-23 06:08:37'),(19,192,2,'commodi',141604,'1997-01-31 09:20:23'),(20,47,2,'libero',564029006,'2011-02-18 15:20:02'),(21,76,4,'expedita',6568,'2013-01-04 08:27:39'),(22,126,3,'consequuntur',850,'1978-08-31 04:37:30'),(23,46,4,'veniam',84,'2011-03-07 11:57:55'),(24,3,4,'reprehenderit',180931794,'2014-06-12 02:30:25'),(25,120,1,'laudantium',7335453,'1973-11-13 22:52:07'),(26,137,1,'corrupti',0,'2020-09-10 03:59:09'),(27,182,1,'ad',215665,'1982-08-16 03:24:03'),(28,130,1,'saepe',0,'2016-04-29 01:44:29'),(29,31,1,'vero',81,'1989-02-26 04:57:12'),(30,52,2,'nihil',4694,'1976-11-10 02:52:33'),(31,183,1,'alias',0,'1997-07-22 04:16:49'),(32,92,1,'minus',5070,'2010-07-22 16:20:29'),(33,85,2,'explicabo',3287274,'2019-12-17 02:54:42'),(34,1,2,'tenetur',124928364,'1984-05-13 10:05:22'),(35,136,1,'voluptatem',4898,'2012-06-30 19:41:27'),(36,172,1,'qui',3610,'1980-12-13 18:05:47'),(37,10,2,'nihil',378,'1998-01-03 08:03:06'),(38,126,2,'ut',34155,'2012-03-25 10:36:52'),(39,61,3,'dolor',0,'1974-12-06 03:26:53'),(40,6,4,'quis',5,'1976-06-02 15:09:51'),(41,140,3,'quia',673,'1995-10-11 13:52:01'),(42,8,3,'nihil',0,'1978-09-04 05:35:17'),(43,176,3,'dolorem',797,'1983-06-17 10:37:26'),(44,129,1,'ratione',5188,'1983-03-29 21:57:46'),(45,153,4,'reprehenderit',949,'1973-08-11 22:12:30'),(46,104,3,'architecto',0,'1974-11-09 23:31:35'),(47,191,4,'mollitia',0,'1983-02-28 20:26:00'),(48,184,2,'voluptas',585331,'2008-11-18 14:12:56'),(49,65,4,'iusto',155483,'1987-03-07 11:48:58'),(50,150,1,'velit',953844,'2006-08-29 22:12:19'),(51,32,3,'maxime',3,'2018-12-22 13:18:42'),(52,12,1,'voluptatem',39,'2016-10-27 02:01:06'),(53,18,3,'ipsam',1,'1982-07-31 15:52:52'),(54,95,2,'in',3703630,'1982-06-30 16:16:51'),(55,64,2,'asperiores',48192,'2000-01-19 20:02:05'),(56,58,1,'iusto',6,'2018-03-09 06:09:55'),(57,42,2,'molestias',3,'2004-07-26 05:19:26'),(58,124,1,'placeat',3023454,'2009-01-15 19:40:13'),(59,2,2,'quia',72017377,'1982-12-20 18:55:56'),(60,23,4,'consequatur',6296,'1989-01-27 18:07:09'),(61,32,3,'vero',580579,'2002-09-10 12:13:16'),(62,90,1,'laudantium',96603,'2013-05-11 00:23:46'),(63,122,2,'sunt',297262,'1986-03-11 17:39:09'),(64,96,4,'enim',14513,'1998-12-12 01:55:50'),(65,57,1,'repellendus',824273471,'2012-07-28 11:50:05'),(66,187,2,'quo',6183,'2017-05-09 12:59:02'),(67,166,4,'et',185,'2005-10-28 11:47:08'),(68,128,4,'aliquam',362316498,'1974-10-29 12:18:56'),(69,134,1,'provident',9853207,'1972-11-02 14:49:59'),(70,62,4,'quasi',30,'2002-10-12 20:04:18'),(71,123,3,'in',71,'1978-07-28 11:17:28'),(72,200,4,'molestiae',51356791,'2012-04-21 21:14:20'),(73,184,3,'placeat',785017,'2012-01-03 18:49:57'),(74,180,4,'aut',0,'1979-09-19 09:52:16'),(75,175,1,'quaerat',7569,'1970-04-09 03:53:45'),(76,139,1,'saepe',51770,'1970-02-20 06:16:46'),(77,128,1,'facilis',73534,'2003-03-31 14:23:17'),(78,27,1,'eaque',90576589,'1989-03-06 08:16:57'),(79,101,3,'nisi',0,'1996-08-10 10:53:51'),(80,37,4,'est',0,'1999-10-23 10:58:16'),(81,167,1,'repudiandae',21069680,'1975-06-15 15:15:35'),(82,45,3,'et',60632303,'1980-08-23 02:16:57'),(83,21,4,'aspernatur',261918731,'1981-05-22 09:53:34'),(84,116,4,'sit',23,'1979-08-13 05:29:38'),(85,195,4,'dolorem',13,'2010-08-09 12:08:48'),(86,151,3,'enim',149300765,'2021-02-19 11:13:32'),(87,96,4,'sit',420,'1978-05-02 15:14:48'),(88,81,2,'tempore',72579,'2000-06-11 06:48:23'),(89,74,2,'enim',707227,'1997-03-27 18:45:11'),(90,64,1,'nihil',29874575,'2003-05-23 21:51:13'),(91,63,1,'sunt',840085,'1973-04-20 14:56:20'),(92,54,4,'corporis',8360188,'2014-07-21 05:58:18'),(93,31,2,'ad',48042869,'1988-12-29 02:48:34'),(94,40,3,'pariatur',7367315,'1974-10-01 05:48:30'),(95,3,2,'ea',19,'1972-05-07 15:38:44'),(96,89,4,'debitis',1,'2002-01-28 22:28:09'),(97,99,3,'asperiores',5147692,'2010-10-06 17:20:19'),(98,101,3,'rerum',47,'2008-05-13 20:51:15'),(99,106,1,'sed',16913664,'1979-09-22 12:46:06'),(100,73,3,'nostrum',238,'2004-06-10 02:55:03'),(101,194,1,'ut',3,'1989-09-29 17:47:51'),(102,18,2,'voluptate',1840,'1983-10-29 16:30:47'),(103,174,2,'blanditiis',212903571,'2001-02-23 01:05:23'),(104,169,1,'quis',9,'1999-07-02 23:35:53'),(105,158,1,'ab',4189,'2007-02-02 19:32:22'),(106,96,1,'perferendis',7,'1997-01-15 23:12:10'),(107,35,3,'vitae',0,'2020-11-10 16:30:43'),(108,11,2,'quasi',702309203,'1974-04-08 21:37:18'),(109,30,1,'ut',45,'2013-02-23 01:30:19'),(110,197,1,'ullam',0,'2015-01-06 21:18:44'),(111,126,2,'sequi',59,'2001-12-10 06:27:23'),(112,1,1,'qui',234,'2002-08-10 12:17:17'),(113,18,3,'expedita',6532,'1985-12-03 22:22:27'),(114,143,3,'recusandae',10707,'2005-06-04 16:30:24'),(115,118,1,'ut',0,'2015-04-11 12:32:06'),(116,24,3,'velit',691393,'2002-04-12 03:35:59'),(117,39,1,'facilis',21,'1993-04-21 18:32:08'),(118,1,1,'praesentium',78,'1999-11-17 02:58:19'),(119,138,4,'expedita',0,'1987-05-23 15:56:23'),(120,61,2,'sed',2107564,'1972-09-02 00:14:47'),(121,1,4,'harum',0,'1978-09-09 21:54:13'),(122,116,1,'sit',429197199,'1997-11-11 19:53:35'),(123,105,3,'sed',9135832,'1989-09-04 13:36:12'),(124,100,3,'aut',3910,'2016-05-05 00:31:54'),(125,176,2,'repellat',13974,'2010-05-24 08:54:36'),(126,167,3,'non',7722753,'1975-12-15 02:37:28'),(127,181,4,'in',900,'1986-12-07 08:20:30'),(128,126,4,'est',715220,'2017-03-29 20:20:53'),(129,68,2,'consectetur',39,'1976-01-06 13:27:22'),(130,122,4,'nostrum',730772,'2000-02-27 17:26:02'),(131,84,3,'iste',0,'1988-10-18 22:16:17'),(132,97,3,'praesentium',29515069,'1991-04-18 23:27:53'),(133,185,2,'repellat',315700704,'2002-09-15 06:16:13'),(134,135,3,'reprehenderit',13820,'2016-07-18 18:23:00'),(135,66,4,'ut',516,'2005-04-20 17:46:32'),(136,18,2,'laudantium',7042852,'2008-06-25 09:50:57'),(137,151,3,'nesciunt',155,'1989-02-16 11:16:09'),(138,101,2,'repellat',2558,'2004-04-11 16:43:59'),(139,59,4,'voluptatibus',496821,'1991-04-16 22:58:56'),(140,190,1,'dolorem',786028,'1995-07-05 22:24:43'),(141,96,4,'quasi',5,'2001-06-21 21:51:15'),(142,136,2,'laudantium',59057368,'1986-12-01 19:05:51'),(143,124,2,'in',4,'2008-07-18 19:03:42'),(144,75,4,'occaecati',0,'1978-01-15 16:22:04'),(145,129,4,'voluptates',62,'1984-04-29 13:49:49'),(146,177,1,'aliquid',469251,'2010-02-11 09:35:09'),(147,141,2,'vero',8520,'1992-07-29 00:03:26'),(148,135,3,'autem',5891202,'1995-01-30 21:41:53'),(149,171,2,'perferendis',408,'1999-04-17 02:27:10'),(150,48,1,'illo',0,'1980-03-20 20:57:10'),(151,64,2,'voluptates',17,'1988-10-15 04:38:56'),(152,102,1,'blanditiis',0,'2017-10-15 16:55:35'),(153,199,1,'id',275712389,'2007-02-17 08:23:30'),(154,70,2,'deserunt',76,'2003-04-13 11:08:54'),(155,2,2,'alias',2951678,'1979-12-26 08:52:39'),(156,92,2,'ab',67,'1983-01-16 12:27:51'),(157,16,1,'quas',63250820,'2005-03-14 13:34:01'),(158,174,3,'et',9368716,'2008-07-03 00:15:13'),(159,88,1,'earum',5556483,'1980-06-14 18:38:04'),(160,130,1,'voluptas',97176,'1970-04-16 21:11:26'),(161,44,3,'quae',3706,'2000-02-08 02:46:16'),(162,30,4,'praesentium',3387469,'2018-10-28 16:19:54'),(163,180,4,'porro',19,'1970-11-16 16:55:36'),(164,109,4,'eaque',12726080,'1987-02-06 14:17:28'),(165,32,4,'quas',479,'1996-10-29 18:52:13'),(166,187,2,'quam',63262943,'1997-06-15 00:19:38'),(167,21,2,'et',73,'1985-07-19 18:06:10'),(168,110,1,'iusto',17810,'1990-12-01 17:35:35'),(169,90,4,'omnis',0,'1985-11-18 06:45:27'),(170,76,2,'aliquid',8710668,'2000-10-02 00:12:21'),(171,38,4,'omnis',55,'1998-10-21 15:25:08'),(172,188,2,'voluptas',4099899,'1970-08-25 06:56:48'),(173,194,4,'pariatur',661,'1986-07-17 02:41:01'),(174,191,2,'nulla',22106540,'2003-11-08 06:57:38'),(175,9,3,'est',322,'1970-03-29 21:42:18'),(176,99,2,'suscipit',0,'1995-03-31 02:28:33'),(177,27,3,'qui',5216065,'1987-02-27 06:53:52'),(178,37,1,'sunt',953631535,'2014-11-19 03:25:02'),(179,91,3,'quia',0,'1981-09-19 22:45:40'),(180,157,3,'qui',519863,'2015-08-23 18:01:09'),(181,102,3,'illo',387168759,'2009-09-30 16:59:38'),(182,19,3,'sed',985,'1976-02-23 12:29:59'),(183,32,3,'non',15962759,'1998-03-05 13:47:43'),(184,141,3,'excepturi',0,'2019-03-29 01:02:41'),(185,106,1,'ipsa',41210894,'1971-07-23 01:28:27'),(186,13,3,'eum',915,'1980-06-18 15:43:47'),(187,183,4,'ut',2,'2001-03-30 08:18:08'),(188,195,4,'tenetur',103105417,'1993-10-02 07:50:07'),(189,161,4,'saepe',6932142,'2002-10-23 02:40:52'),(190,59,4,'illo',7,'1984-10-09 08:27:27'),(191,106,4,'quisquam',92580566,'1990-10-30 02:02:41'),(192,23,3,'cupiditate',99175,'2001-11-21 17:13:53'),(193,84,2,'quos',51202,'2009-11-26 16:25:38'),(194,139,4,'dolores',0,'1973-06-28 02:17:12'),(195,5,2,'est',4839,'1994-02-09 00:44:38'),(196,98,3,'corrupti',4820,'2004-06-18 16:42:25'),(197,39,3,'ducimus',6,'2000-09-30 12:00:44'),(198,28,2,'veritatis',5,'2008-10-16 01:17:19'),(199,43,4,'dolorum',0,'2014-10-10 00:35:07'),(200,192,3,'dolorum',552,'1977-06-24 22:07:24'),(201,185,1,'maiores',2,'1983-04-20 15:44:13'),(202,90,4,'nulla',8083,'2007-02-25 00:08:23'),(203,4,2,'similique',7115,'1999-07-07 10:37:24'),(204,144,4,'atque',718921796,'1990-08-08 06:10:40'),(205,71,1,'nesciunt',0,'1988-05-09 16:17:01'),(206,135,4,'commodi',29,'2001-07-26 01:43:46'),(207,159,4,'beatae',68382203,'2006-05-11 19:56:14'),(208,109,1,'qui',4122,'2009-04-01 00:15:23'),(209,16,1,'ut',438,'1993-04-14 07:19:16'),(210,17,1,'libero',6158,'1976-04-07 00:08:44'),(211,143,3,'possimus',70,'2020-02-19 01:53:20'),(212,126,4,'sed',7509511,'1999-05-09 16:57:24'),(213,30,4,'qui',1478158,'1992-09-22 19:33:12'),(214,52,2,'sed',802470791,'1993-08-24 22:51:31'),(215,122,1,'sint',7,'2009-07-06 16:32:18'),(216,20,3,'possimus',20616545,'1981-10-11 13:24:24'),(217,48,3,'atque',81,'1974-03-19 09:47:46'),(218,74,2,'est',43438120,'2017-05-30 11:00:08'),(219,195,1,'provident',1,'2014-05-12 01:45:27'),(220,16,2,'et',34873,'2020-11-12 11:54:32'),(221,19,3,'aspernatur',29,'2020-12-26 11:26:57'),(222,42,4,'accusamus',45,'1977-07-06 18:59:39'),(223,106,3,'qui',198346952,'2020-01-31 08:16:53'),(224,19,3,'iure',0,'2000-11-11 02:42:29'),(225,198,1,'sit',7848552,'2011-08-15 00:53:38'),(226,141,3,'suscipit',6007,'2006-11-11 06:19:36'),(227,150,2,'facilis',0,'2013-09-15 05:52:05'),(228,122,4,'omnis',0,'1996-01-12 02:08:50'),(229,21,4,'sapiente',56,'2010-11-18 19:58:23'),(230,51,3,'consequatur',8520642,'2018-10-24 06:39:28'),(231,17,2,'perferendis',996575895,'1998-03-20 10:32:40'),(232,49,2,'hic',73,'1991-08-11 19:35:15'),(233,179,3,'amet',57,'1990-05-29 22:11:09'),(234,115,4,'ea',1237972,'1983-02-08 10:23:48'),(235,140,3,'sapiente',48,'1983-11-07 10:19:22'),(236,38,4,'unde',0,'1970-11-30 22:29:03'),(237,79,2,'molestias',859289947,'1983-06-27 03:05:25'),(238,135,4,'voluptas',79333085,'1981-02-10 10:51:53'),(239,29,4,'sit',585093,'2014-08-01 02:18:48'),(240,105,1,'dolor',61,'1980-06-07 18:47:05'),(241,189,1,'officia',12282,'2004-09-22 18:59:00'),(242,165,3,'aut',65623,'2006-08-25 05:21:39'),(243,113,2,'consequatur',730221998,'1988-10-02 05:36:10'),(244,118,3,'vel',0,'1977-11-01 13:57:18'),(245,59,4,'vero',0,'1970-08-14 09:23:36'),(246,76,2,'perferendis',70516,'1986-09-24 00:49:38'),(247,37,3,'labore',242,'2001-09-29 10:39:04'),(248,139,1,'qui',713367,'1984-09-12 12:57:15'),(249,47,2,'voluptatibus',460877,'1994-05-24 07:35:27'),(250,188,4,'voluptatum',3848,'2007-06-09 22:36:57'),(251,182,1,'vitae',2,'2011-12-20 11:22:43'),(252,144,2,'et',42,'1977-03-25 06:34:36'),(253,104,2,'assumenda',2,'1979-03-20 00:37:22'),(254,43,3,'ut',12521482,'1987-06-12 15:30:35'),(255,32,3,'sunt',66290,'2015-12-12 19:58:56'),(256,157,1,'dolores',467201601,'1994-05-16 01:43:36'),(257,193,3,'qui',302609,'1996-12-02 21:44:42'),(258,159,3,'recusandae',686415035,'1998-07-18 08:49:54'),(259,8,2,'impedit',400335175,'2002-12-22 13:50:42'),(260,39,2,'pariatur',6346437,'1999-07-03 16:01:13'),(261,43,3,'laboriosam',345926,'1996-06-06 20:10:16'),(262,141,2,'quia',838176,'1999-04-17 16:47:30'),(263,39,2,'illum',0,'2000-09-19 17:09:16'),(264,95,2,'est',9405,'1973-08-09 16:51:39'),(265,131,2,'et',15,'1983-02-17 16:52:58'),(266,71,3,'animi',35656,'1972-06-18 12:08:24'),(267,108,1,'deleniti',0,'1987-06-03 11:22:36'),(268,172,1,'voluptas',8287265,'2018-07-27 00:35:32'),(269,92,1,'asperiores',8064233,'1982-03-10 06:29:06'),(270,143,3,'nostrum',44,'1971-11-15 03:25:04'),(271,162,2,'nemo',321,'1975-01-18 09:49:40'),(272,143,4,'suscipit',46612,'1978-08-18 07:39:23'),(273,20,3,'non',899835752,'1995-09-03 09:24:51'),(274,60,1,'quae',0,'1977-07-28 15:51:02'),(275,177,2,'consectetur',520319910,'1997-03-18 22:19:13'),(276,93,1,'minus',332392,'2013-05-20 17:14:15'),(277,12,1,'ipsa',5,'2001-07-26 15:35:45'),(278,99,1,'quasi',5,'2001-07-26 21:25:08'),(279,112,4,'soluta',44,'2002-11-07 12:58:47'),(280,135,1,'nulla',42733,'1990-12-24 18:54:29'),(281,77,1,'aut',0,'1991-11-26 23:59:14'),(282,154,4,'quia',417,'1984-12-28 09:59:51'),(283,19,3,'debitis',66608981,'2020-10-18 02:00:56'),(284,195,3,'commodi',616516,'1986-07-03 16:39:14'),(285,139,3,'aperiam',79,'1980-10-29 19:31:44'),(286,33,3,'voluptas',117007,'1984-02-16 20:28:20'),(287,36,4,'magni',878,'2005-11-24 12:48:39'),(288,55,2,'rem',3776,'2018-02-17 07:48:53'),(289,77,3,'excepturi',43182,'1990-11-02 19:53:38'),(290,82,2,'alias',27984,'2020-03-15 07:41:15'),(291,11,4,'minima',22,'2019-05-28 02:27:35'),(292,73,1,'ea',6,'2015-07-30 19:52:27'),(293,8,4,'est',82830139,'1978-03-19 01:48:24'),(294,72,3,'eaque',6497409,'1983-05-18 22:38:35'),(295,165,1,'ut',5385506,'2019-02-22 04:32:59'),(296,161,1,'eveniet',77764264,'1994-09-05 00:35:55'),(297,10,3,'nihil',63,'1995-04-13 09:02:41'),(298,25,1,'dignissimos',553,'1991-05-21 05:57:30'),(299,39,1,'mollitia',0,'1998-03-21 08:41:09'),(300,138,4,'dolorem',128781,'2001-08-31 20:17:04'),(301,157,4,'praesentium',531852,'1989-01-09 13:33:24'),(302,77,4,'quia',328827810,'2012-03-13 22:21:36'),(303,145,3,'magnam',8218,'1970-11-28 10:19:17'),(304,47,1,'tempore',28517,'1977-09-05 11:38:00'),(305,45,3,'nesciunt',9736,'2005-03-09 17:52:36'),(306,74,2,'deserunt',2274,'1997-11-19 12:48:48'),(307,104,3,'laboriosam',254021056,'2003-12-14 11:03:34'),(308,78,3,'qui',0,'2001-07-08 06:35:08'),(309,117,3,'ut',863524696,'1988-03-14 15:32:14'),(310,29,2,'soluta',0,'1976-06-09 04:14:40'),(311,154,4,'earum',4,'2015-01-21 22:50:00'),(312,122,4,'ducimus',3,'1982-12-01 02:33:21'),(313,102,3,'temporibus',4441,'1987-06-23 16:16:40'),(314,192,3,'ipsam',0,'1979-02-05 10:29:24'),(315,166,3,'qui',1,'1995-10-23 02:56:27'),(316,117,3,'in',1280751,'2017-08-24 14:56:59'),(317,99,4,'expedita',78516,'1970-09-27 07:20:43'),(318,114,1,'perspiciatis',358326,'1992-04-13 15:19:01'),(319,126,4,'fugit',0,'2008-09-22 15:31:42'),(320,64,4,'vitae',150,'1993-02-08 19:20:32'),(321,90,3,'culpa',86432485,'1993-01-28 13:24:52'),(322,26,4,'aut',0,'1992-01-19 17:21:17'),(323,83,3,'sapiente',4190338,'1987-12-14 07:26:14'),(324,103,4,'dolor',0,'2005-09-04 17:57:54'),(325,52,3,'accusamus',466,'1974-07-26 13:07:56'),(326,80,1,'consequuntur',361038,'2014-06-26 15:43:19'),(327,119,1,'aut',941081,'1975-03-06 01:48:51'),(328,169,1,'aut',5,'1976-06-23 07:33:13'),(329,148,4,'porro',7057,'2004-06-12 19:46:29'),(330,161,3,'nesciunt',4,'2007-02-23 11:57:29'),(331,88,2,'reiciendis',66786307,'1977-08-21 11:08:46'),(332,36,4,'in',389,'1999-11-25 16:32:28'),(333,72,3,'architecto',0,'1997-02-14 15:18:12'),(334,30,4,'dolorem',364760,'2014-09-24 05:41:14'),(335,109,2,'doloremque',4543572,'2016-11-11 20:13:58'),(336,167,4,'quia',0,'1989-08-08 01:40:00'),(337,30,4,'accusamus',53,'1995-07-19 17:03:58'),(338,190,3,'a',281241,'2014-12-29 13:46:33'),(339,95,2,'dolor',2,'2018-07-02 10:51:38'),(340,112,3,'et',6160,'2006-08-11 22:20:51'),(341,23,4,'rem',813318684,'1999-02-22 11:07:32'),(342,151,3,'et',85,'1995-09-07 04:48:09'),(343,193,3,'at',79232978,'1984-11-29 20:16:02'),(344,162,3,'iste',9,'1988-07-01 14:26:04'),(345,79,3,'amet',5,'2020-06-25 20:08:16'),(346,54,4,'aut',75894,'1971-03-31 08:32:18'),(347,200,2,'nesciunt',9,'2011-09-14 12:15:41'),(348,153,2,'nisi',4,'1984-07-12 14:41:25'),(349,38,4,'voluptatem',372371,'1972-09-06 07:41:32'),(350,68,3,'unde',37643521,'2002-08-19 10:10:36'),(351,75,1,'beatae',772699,'1986-01-19 11:41:24'),(352,145,3,'qui',595949,'1975-11-28 07:48:09'),(353,26,3,'consequatur',8594,'2019-12-11 13:30:01'),(354,17,3,'ut',57369526,'2017-09-26 07:55:07'),(355,27,3,'autem',241,'2008-11-27 12:12:57'),(356,65,1,'delectus',22089,'2008-01-02 13:52:57'),(357,120,1,'atque',9,'1999-07-26 11:30:38'),(358,190,3,'ipsa',285537,'1980-07-31 12:14:34'),(359,135,4,'enim',9924105,'1980-05-07 07:03:00'),(360,52,1,'sit',12949093,'2014-02-15 09:12:11'),(361,73,3,'quas',83216,'2016-05-31 08:20:30'),(362,180,2,'eum',67228,'1986-05-20 02:34:38'),(363,194,3,'est',3,'2012-01-23 14:11:47'),(364,143,1,'aut',940482823,'1996-08-12 22:41:47'),(365,113,1,'nisi',0,'2016-08-12 00:25:36'),(366,178,4,'aliquid',911211,'2006-07-13 11:45:27'),(367,44,3,'voluptatem',0,'2006-09-02 12:02:07'),(368,92,2,'cupiditate',5,'1987-01-08 01:54:59'),(369,56,3,'quo',3538,'1978-12-01 23:29:13'),(370,189,2,'architecto',215,'1994-04-25 00:12:58'),(371,36,2,'voluptatem',15,'2005-04-10 17:33:08'),(372,131,4,'impedit',8,'1989-03-06 10:09:13'),(373,69,3,'sunt',237055,'2003-02-12 07:31:01'),(374,67,1,'incidunt',345238,'2019-11-03 08:30:06'),(375,71,3,'accusamus',41,'1976-07-18 19:39:01'),(376,16,3,'hic',950,'2016-04-15 11:04:15'),(377,24,4,'pariatur',47621,'1979-05-22 23:12:57'),(378,16,1,'et',887,'1985-05-01 17:39:04'),(379,127,4,'et',54,'2006-05-07 07:34:18'),(380,48,1,'sed',30873,'2002-07-23 17:48:59'),(381,168,1,'perspiciatis',0,'1993-03-01 04:51:28'),(382,27,1,'explicabo',26213,'1982-06-23 23:33:39'),(383,147,3,'officiis',2363,'2009-10-23 09:51:36'),(384,81,1,'et',3443805,'2019-12-10 07:44:35'),(385,26,2,'ullam',305094384,'2013-03-12 17:05:54'),(386,84,2,'laborum',37127400,'2018-12-20 18:12:29'),(387,122,1,'nihil',608276522,'1993-12-17 22:32:56'),(388,17,4,'non',393801,'1976-07-21 15:57:37'),(389,134,2,'adipisci',502273756,'1979-08-26 11:00:01'),(390,194,1,'non',1,'1989-02-18 06:46:11'),(391,1,1,'tempora',53992,'2009-11-10 21:49:54'),(392,148,1,'et',391,'2009-02-20 09:53:55'),(393,5,4,'expedita',703421607,'1986-10-23 05:11:31'),(394,41,3,'aliquid',522654982,'2010-10-21 19:59:03'),(395,121,2,'non',35420,'2001-07-15 14:52:07'),(396,171,2,'pariatur',98358,'1982-04-28 02:05:29'),(397,114,4,'atque',0,'1997-04-25 08:15:37'),(398,101,2,'quia',31431,'1972-10-28 12:40:42'),(399,116,4,'ipsa',195,'2007-07-24 02:20:43'),(400,62,3,'sed',5813,'2006-11-21 11:58:14'),(401,49,3,'occaecati',2714,'2016-06-09 09:24:26'),(402,4,4,'aliquid',25,'2003-10-30 20:37:24'),(403,159,1,'perspiciatis',0,'1982-12-09 01:28:56'),(404,161,2,'et',931203509,'1988-12-22 05:00:55'),(405,103,4,'tenetur',465954,'1974-04-29 07:42:45'),(406,97,3,'saepe',6639,'2008-03-29 05:27:13'),(407,165,1,'fugiat',98,'2010-03-18 19:35:35'),(408,128,4,'quibusdam',2597905,'1981-10-21 11:52:13'),(409,7,4,'vel',2,'2010-01-03 01:19:02'),(410,100,3,'ut',1542465,'2016-02-25 09:04:59'),(411,57,2,'nulla',2,'2010-02-12 19:05:14'),(412,17,4,'sed',0,'1978-08-25 10:57:17'),(413,68,3,'debitis',12,'1980-12-29 17:22:48'),(414,30,4,'dicta',15,'1985-11-14 03:13:23'),(415,97,2,'ab',772876517,'1972-08-03 12:58:48'),(416,126,3,'neque',49273,'1978-03-03 05:47:36'),(417,35,3,'repellat',8574,'1990-12-25 09:34:06'),(418,117,4,'qui',739732,'2019-01-17 21:14:02'),(419,149,2,'dicta',70412,'1975-10-17 08:46:52'),(420,85,2,'molestias',84809983,'1972-10-27 16:32:32'),(421,32,4,'et',934531243,'2001-01-14 20:57:36'),(422,156,4,'est',16505860,'1989-09-01 22:39:19'),(423,25,2,'magni',84,'1987-05-26 15:25:28'),(424,165,1,'ducimus',170293,'1999-06-22 05:26:59'),(425,52,2,'dolore',4913,'1973-12-07 09:08:46'),(426,159,3,'velit',57385,'2001-05-10 05:27:00'),(427,135,4,'voluptatem',5774548,'1984-06-04 10:49:13'),(428,78,1,'exercitationem',59,'1999-09-16 11:18:28'),(429,92,3,'natus',93791,'1970-01-04 13:44:46'),(430,187,4,'et',42481558,'2007-12-04 18:39:30'),(431,198,3,'commodi',422865471,'2006-01-20 08:09:11'),(432,134,1,'et',0,'1982-08-27 17:38:29'),(433,40,2,'ut',63,'1996-10-16 22:42:32'),(434,25,4,'est',3243873,'2020-04-19 11:22:22'),(435,128,3,'ut',656933,'1993-08-25 06:58:32'),(436,40,4,'culpa',959,'1984-01-23 20:27:42'),(437,91,4,'cum',25,'1989-02-25 11:45:47'),(438,155,3,'modi',7948,'1974-09-27 14:31:19'),(439,78,3,'voluptates',0,'1980-07-12 11:36:09'),(440,147,3,'itaque',0,'1974-10-07 16:42:55'),(441,184,3,'consequuntur',0,'1999-07-25 07:54:24'),(442,37,3,'architecto',853530403,'1984-05-26 10:00:03'),(443,80,3,'voluptatem',658,'1975-12-08 18:28:14'),(444,121,4,'aut',512,'1982-09-01 12:57:34'),(445,22,3,'perferendis',63,'2009-08-16 05:07:21'),(446,159,1,'fuga',5668,'1976-07-28 03:36:47'),(447,18,2,'ab',18,'1971-04-10 08:13:25'),(448,51,2,'est',3,'1985-09-02 18:48:24'),(449,143,2,'dolor',77,'2002-03-09 03:04:41'),(450,46,2,'assumenda',13,'2001-08-08 19:12:42'),(451,185,2,'cupiditate',30068,'1996-01-15 23:15:55'),(452,29,2,'ratione',2,'1978-11-18 20:17:02'),(453,80,4,'nostrum',38,'2012-03-14 21:39:49'),(454,190,4,'nam',6897548,'1982-06-04 19:17:35'),(455,103,3,'provident',0,'1998-04-02 03:58:33'),(456,87,2,'explicabo',44173953,'2014-03-31 05:21:12'),(457,41,3,'occaecati',56214,'2002-03-25 03:47:21'),(458,5,3,'voluptates',15185665,'2007-07-13 15:38:55'),(459,37,3,'fugiat',64707821,'2020-02-27 13:43:34'),(460,91,2,'iste',461,'1984-09-17 23:08:35'),(461,32,1,'odit',0,'2011-01-05 07:55:43'),(462,77,1,'iste',7775,'1976-05-05 07:33:28'),(463,142,3,'nihil',3256317,'1980-11-17 20:03:05'),(464,107,2,'eligendi',9633,'1998-04-22 10:53:02'),(465,2,4,'est',2,'2009-10-06 20:02:16'),(466,154,4,'pariatur',3,'2002-05-04 05:37:13'),(467,38,4,'recusandae',24589,'2015-03-09 09:46:52'),(468,61,3,'fugiat',42731,'1987-12-28 21:52:28'),(469,167,2,'aliquid',18599,'2008-04-29 11:50:34'),(470,75,2,'suscipit',9347,'1987-12-30 18:21:15'),(471,187,4,'animi',15,'2011-07-26 17:10:24'),(472,156,1,'est',90668773,'2006-11-20 21:53:33'),(473,84,4,'dolores',0,'1993-03-30 04:18:41'),(474,148,3,'quis',58246744,'1992-12-26 01:04:08'),(475,85,1,'sit',622816,'1985-08-17 16:11:39'),(476,179,3,'officia',336265,'2018-12-18 20:00:54'),(477,89,2,'aut',3336,'2002-10-30 14:59:40'),(478,165,1,'eum',90163,'2007-11-21 01:23:30'),(479,182,2,'deserunt',134958008,'1975-04-30 00:14:03'),(480,114,4,'quo',85726,'1982-04-22 02:15:01'),(481,24,2,'aut',370539157,'2018-01-05 22:38:20'),(482,169,2,'officia',330365,'1983-03-30 01:36:37'),(483,50,1,'sed',38711,'1985-10-15 21:37:08'),(484,179,1,'aut',888,'1975-01-30 07:46:30'),(485,80,2,'aliquid',63028644,'2011-08-03 21:00:58'),(486,86,2,'inventore',63914415,'1999-10-27 22:38:54'),(487,15,1,'perferendis',39361157,'2005-09-27 19:53:03'),(488,94,2,'qui',6220358,'2008-08-22 12:03:41'),(489,1,1,'similique',866663,'1995-09-24 12:01:19'),(490,19,2,'deleniti',0,'1988-02-08 00:54:02'),(491,81,4,'magnam',0,'1995-08-12 17:08:28'),(492,1,4,'beatae',0,'2017-09-26 10:47:11'),(493,52,4,'ratione',0,'1998-03-01 12:05:01'),(494,199,1,'eveniet',3,'1973-04-11 14:33:23'),(495,37,3,'et',606714019,'1971-10-06 17:24:28'),(496,16,2,'consequatur',4,'2010-08-11 00:31:32'),(497,181,4,'nam',858,'2007-05-12 20:58:56'),(498,122,1,'magni',9,'1995-07-28 23:11:59'),(499,14,2,'nemo',90620075,'2006-02-07 04:17:58'),(500,47,2,'placeat',7,'1979-01-13 18:40:40');
/*!40000 ALTER TABLE `media` ENABLE KEYS */;
UNLOCK TABLES;

--
-- Table structure for table `media_types`
--

DROP TABLE IF EXISTS `media_types`;
/*!40101 SET @saved_cs_client     = @@character_set_client */;
/*!40101 SET character_set_client = utf8 */;
CREATE TABLE `media_types` (
  `id` int(10) unsigned NOT NULL AUTO_INCREMENT,
  `name` varchar(45) COLLATE utf8mb4_unicode_ci NOT NULL,
  PRIMARY KEY (`id`),
  UNIQUE KEY `name` (`name`)
) ENGINE=InnoDB AUTO_INCREMENT=5 DEFAULT CHARSET=utf8mb4 COLLATE=utf8mb4_unicode_ci;
/*!40101 SET character_set_client = @saved_cs_client */;

--
-- Dumping data for table `media_types`
--

LOCK TABLES `media_types` WRITE;
/*!40000 ALTER TABLE `media_types` DISABLE KEYS */;
INSERT INTO `media_types` VALUES (4,'animi'),(2,'doloremque'),(1,'odio'),(3,'repellat');
/*!40000 ALTER TABLE `media_types` ENABLE KEYS */;
UNLOCK TABLES;

--
-- Table structure for table `messages`
--

DROP TABLE IF EXISTS `messages`;
/*!40101 SET @saved_cs_client     = @@character_set_client */;
/*!40101 SET character_set_client = utf8 */;
CREATE TABLE `messages` (
  `id` bigint(20) unsigned NOT NULL AUTO_INCREMENT,
  `from_user_id` bigint(20) unsigned NOT NULL,
  `to_user_id` bigint(20) unsigned NOT NULL,
  `txt` text COLLATE utf8mb4_unicode_ci NOT NULL,
  `is_delivered` tinyint(1) DEFAULT 0,
  `created_at` datetime NOT NULL DEFAULT current_timestamp(),
  `update_at` datetime DEFAULT NULL ON UPDATE current_timestamp(),
  PRIMARY KEY (`id`),
  KEY `fk_messages_from_user_idx` (`from_user_id`),
  KEY `fk_messages_to_user_idx` (`to_user_id`),
  CONSTRAINT `fk_messages_users_1` FOREIGN KEY (`from_user_id`) REFERENCES `users` (`id`),
  CONSTRAINT `fk_messages_users_2` FOREIGN KEY (`to_user_id`) REFERENCES `users` (`id`)
) ENGINE=InnoDB AUTO_INCREMENT=601 DEFAULT CHARSET=utf8mb4 COLLATE=utf8mb4_unicode_ci;
/*!40101 SET character_set_client = @saved_cs_client */;

--
-- Dumping data for table `messages`
--

LOCK TABLES `messages` WRITE;
/*!40000 ALTER TABLE `messages` DISABLE KEYS */;
INSERT INTO `messages` VALUES (1,12,109,'Facilis exercitationem numquam porro molestiae quis temporibus laudantium.',1,'1977-09-14 16:29:39','1990-03-05 21:15:23'),(2,184,31,'Pariatur a mollitia excepturi magni impedit.',1,'1993-04-22 10:36:25','2017-09-27 04:32:01'),(3,4,114,'Et laborum vitae unde qui.',1,'2014-08-26 10:19:00','1996-12-27 00:36:47'),(4,170,124,'Numquam perferendis et autem quasi harum et harum.',1,'2014-06-02 10:13:29','2015-01-20 08:37:43'),(5,198,165,'Aut est ut voluptatibus aut cum ipsam.',0,'1970-10-21 13:38:34','2019-04-17 10:34:57'),(6,55,188,'Et qui ipsam tenetur ducimus.',0,'1973-09-12 14:56:37','1980-12-01 12:33:44'),(7,74,167,'Sint pariatur sint veniam.',1,'1987-06-13 02:03:42','1992-06-03 17:28:11'),(8,24,195,'Possimus dolore deserunt animi impedit.',0,'1973-04-24 17:43:36','1991-12-19 22:16:24'),(9,10,82,'Esse dolore quae eligendi id rem consequatur voluptatem.',1,'1986-12-20 00:33:18','2018-06-23 10:32:30'),(10,15,32,'Voluptatum et in saepe magnam autem id.',0,'2006-10-03 12:19:49','1978-12-15 02:14:16'),(11,176,92,'Excepturi perspiciatis laudantium corporis saepe.',0,'1976-10-06 04:14:52','2017-12-17 08:57:59'),(12,123,119,'Autem nihil nobis voluptas dolor expedita dolore ab cupiditate.',1,'2007-11-06 10:44:54','1980-12-31 13:46:11'),(13,49,130,'Alias debitis at ut dignissimos veritatis.',0,'2013-05-28 02:40:13','2008-12-25 10:53:47'),(14,138,186,'Nihil ut qui ducimus facere ea.',1,'1992-12-02 19:47:53','1999-03-12 17:59:01'),(15,84,150,'Repellat dolores in quaerat temporibus esse similique laudantium.',0,'1998-12-19 07:41:21','1991-12-14 03:51:11'),(16,69,95,'Eum mollitia magnam rem voluptatem molestiae in.',1,'1986-02-13 11:02:51','2007-07-24 17:24:24'),(17,58,53,'Rem dolores iusto adipisci sunt.',0,'1980-09-05 17:27:04','1996-06-13 02:15:13'),(18,125,62,'Ab omnis voluptatibus quo consectetur reprehenderit optio.',1,'2018-10-15 00:24:33','1998-08-24 10:57:33'),(19,166,94,'Quasi est magnam molestiae qui distinctio voluptates qui nihil.',1,'2014-03-31 01:46:10','1996-06-09 05:59:11'),(20,185,164,'Aliquid dolor ut mollitia optio.',0,'1973-05-23 18:38:24','2003-05-31 10:37:45'),(21,58,39,'Distinctio et nihil dolorem unde.',1,'2000-07-08 05:33:07','1997-06-21 21:19:50'),(22,151,132,'Cumque reprehenderit harum facilis dolorum fugit.',0,'1982-09-06 04:52:30','1987-04-12 09:30:24'),(23,6,174,'Dolore autem ut voluptas repellendus facere.',1,'2007-05-31 21:56:39','1970-09-30 13:51:03'),(24,127,16,'Mollitia fuga hic quo vitae dolorem.',0,'1983-01-03 12:08:23','1977-07-11 18:53:07'),(25,56,141,'Qui officiis tempore sunt autem dolorem soluta cupiditate.',1,'1999-03-16 05:35:38','1975-11-22 00:46:46'),(26,48,31,'Ipsam sit aut non iste quo.',0,'2001-10-03 06:41:28','2013-11-06 16:27:01'),(27,32,170,'Amet dolores doloremque est.',0,'2002-12-01 00:42:08','1981-07-29 03:45:10'),(28,149,81,'Deserunt ut eum incidunt suscipit nostrum dicta.',0,'1994-09-25 14:33:46','1986-01-25 13:20:02'),(29,99,87,'Voluptas beatae et aliquid similique veniam voluptatum.',0,'1998-10-05 06:24:42','1975-08-23 03:50:07'),(30,66,183,'Quia magnam recusandae iste quas aut repudiandae praesentium.',0,'2013-01-09 19:54:50','1982-03-22 16:40:11'),(31,37,135,'Et nam quod optio hic minima.',1,'2009-10-17 08:29:38','1980-03-15 16:32:57'),(32,77,94,'Qui et quia enim laudantium quaerat recusandae.',1,'2002-02-16 21:38:25','1973-11-15 09:01:54'),(33,188,2,'Iure est eius consequatur error tempora.',0,'1993-01-30 10:04:07','2000-07-16 12:19:59'),(34,155,154,'Voluptatem porro magnam commodi repellat qui voluptas pariatur.',0,'2018-04-15 08:48:39','1970-09-03 16:14:26'),(35,95,140,'Rem commodi et et.',0,'1995-04-06 16:21:19','1982-09-10 00:56:39'),(36,117,153,'Accusantium harum ex dolore deleniti.',0,'1977-05-24 17:39:59','1980-03-24 15:34:18'),(37,179,67,'Veniam officiis quis odit.',1,'2001-05-14 01:59:59','2018-05-08 00:58:21'),(38,85,184,'Dolor dolorem nostrum autem ut.',1,'2006-08-07 18:23:32','2002-12-15 05:05:17'),(39,41,12,'Aliquam asperiores dicta aut nisi.',0,'1993-12-07 13:02:17','2007-02-25 21:52:54'),(40,199,96,'Et praesentium labore qui.',0,'2015-03-09 20:28:20','1996-07-15 07:41:51'),(41,152,46,'Et non iure similique.',0,'1972-05-13 18:41:14','2004-06-19 18:32:43'),(42,127,184,'Nostrum cum dolor et ad corrupti vel maiores.',1,'1974-08-07 08:55:41','2008-04-03 03:54:48'),(43,16,76,'Aut perferendis et eaque ipsum.',1,'1980-05-20 23:21:41','1985-04-05 23:02:49'),(44,64,115,'Aspernatur aliquid ipsa a eum.',1,'2004-01-27 02:16:43','2006-08-07 07:55:55'),(45,162,130,'Numquam eum aut eius illum molestiae.',1,'2005-06-20 03:44:40','1986-09-12 21:12:03'),(46,97,198,'Sed est sit repudiandae minima vel et expedita rem.',0,'1981-02-18 15:26:42','2015-05-13 13:31:35'),(47,64,174,'Recusandae sint vel eveniet voluptates ea qui.',0,'2005-10-07 00:55:43','2004-08-14 00:05:38'),(48,92,52,'Ipsam tenetur dolor expedita error voluptatum.',0,'1996-12-18 04:11:07','2010-05-18 13:56:35'),(49,175,47,'Maxime veniam incidunt labore totam architecto.',1,'2015-03-13 07:50:42','1995-09-24 04:27:07'),(50,5,70,'Officiis vero cum dolor aliquid.',0,'2000-03-24 08:34:49','1987-11-20 06:37:44'),(51,186,122,'Aut velit tempora voluptatem similique impedit.',0,'1992-06-13 02:14:16','2017-03-20 22:51:26'),(52,23,164,'Deleniti accusantium sequi quas ad eveniet deserunt.',0,'2013-04-07 17:01:34','2002-11-07 02:38:27'),(53,188,107,'Impedit est aliquid eos culpa.',1,'1987-07-08 01:08:12','2012-03-25 19:52:05'),(54,148,29,'Blanditiis eius quia autem.',1,'2016-01-13 17:40:12','2003-12-08 08:09:47'),(55,118,146,'Perspiciatis cumque tempore dolor omnis ratione aut.',1,'2002-01-27 19:01:21','1999-04-21 17:21:28'),(56,125,70,'Repellendus ratione vero dolorum accusantium nulla perferendis.',0,'1985-09-18 01:36:10','1972-10-21 21:53:52'),(57,192,51,'Rem eum et pariatur.',0,'2004-06-05 01:34:03','1977-05-30 23:36:09'),(58,54,8,'Omnis voluptas iure molestiae quidem blanditiis sed dignissimos.',0,'2008-11-19 13:21:30','2008-09-26 17:18:13'),(59,126,117,'Aut deleniti ut eveniet ut numquam vel.',1,'1977-03-17 10:39:21','1983-09-10 00:40:22'),(60,122,88,'Quia cum omnis totam nihil quis fugiat distinctio nulla.',0,'1988-06-29 01:03:08','1981-12-29 01:50:01'),(61,46,18,'Autem provident modi fuga consequatur velit qui officiis.',1,'2002-06-02 00:50:05','2013-12-19 04:59:31'),(62,86,110,'Perferendis nisi harum non consequatur voluptas eius.',1,'2015-11-16 12:26:15','1970-05-15 15:43:46'),(63,191,178,'Est a tempora est consectetur occaecati voluptas ullam soluta.',1,'2017-02-28 05:42:53','2012-01-27 00:13:55'),(64,162,166,'In cupiditate ut est ex asperiores ut voluptatem.',0,'2016-05-14 20:57:48','1971-12-18 02:49:19'),(65,24,166,'Porro autem fuga ut quae.',0,'1985-05-15 00:42:57','2012-05-23 00:18:21'),(66,35,10,'Quia eligendi a dignissimos.',0,'1995-11-20 00:53:40','2011-02-23 15:03:28'),(67,88,57,'Soluta accusantium perferendis nobis.',0,'1979-08-05 09:25:43','2019-01-08 20:44:52'),(68,174,76,'Officia quos sunt rerum.',1,'2001-04-09 09:18:35','2019-09-10 16:03:37'),(69,164,121,'Ipsa molestias aut inventore neque est ut.',0,'2003-08-12 14:02:53','1994-01-07 22:26:10'),(70,104,82,'Atque incidunt veniam ex atque non voluptatem eos omnis.',1,'1982-08-29 03:21:45','1977-01-10 18:07:51'),(71,67,28,'Dolor maiores iusto vel repudiandae dolorem.',0,'1976-10-15 04:52:35','1992-03-26 20:28:51'),(72,152,59,'Magnam asperiores reiciendis saepe neque quam ipsa.',1,'2009-10-01 14:15:25','2014-12-21 02:51:17'),(73,79,5,'Occaecati deleniti mollitia culpa explicabo.',0,'2010-07-20 22:33:39','1988-03-20 02:14:57'),(74,66,5,'Ut eos laborum eveniet accusantium iure.',0,'2010-05-20 20:38:00','2011-11-16 11:28:13'),(75,121,187,'Modi sunt saepe dolores est autem rerum modi.',0,'2005-02-25 16:28:20','2010-12-14 00:41:52'),(76,93,167,'A veritatis libero dolor sit.',0,'1977-04-07 07:06:56','2003-01-23 13:54:23'),(77,5,178,'Aliquam aperiam quia et repellendus eligendi error.',0,'2006-12-27 08:07:07','1974-04-03 09:20:32'),(78,77,196,'Odit assumenda voluptatibus quaerat et.',0,'2016-05-19 01:15:17','2003-10-31 09:07:59'),(79,156,38,'Mollitia deleniti sit in aliquam est magnam non quasi.',1,'1997-06-12 23:07:22','1992-05-03 08:36:57'),(80,161,180,'Dolores et ipsum aspernatur eum.',1,'1977-03-30 19:54:22','1993-11-04 19:47:48'),(81,3,195,'Et id beatae impedit et.',0,'1976-03-20 09:01:00','1975-06-07 16:56:57'),(82,189,90,'Asperiores et eos ullam neque hic voluptate ut.',0,'1972-11-12 08:16:34','1980-12-30 18:49:10'),(83,52,162,'Dolor magnam et rem et cum.',0,'2012-06-01 03:14:33','1997-10-14 03:12:02'),(84,165,15,'Et saepe optio perferendis et.',0,'1996-09-22 23:43:58','1982-06-17 22:11:58'),(85,83,69,'Vel odit ipsum omnis omnis maiores esse.',1,'1975-01-08 03:53:56','1978-04-04 08:42:25'),(86,97,149,'Voluptas fugit porro non deserunt quia.',1,'1993-03-22 20:44:05','1998-06-09 09:55:49'),(87,97,48,'Similique sit tempora sapiente laborum hic assumenda qui.',1,'1989-07-04 01:26:38','1972-03-05 07:57:31'),(88,7,175,'Odit maxime explicabo itaque non rerum.',0,'1978-10-04 16:15:24','2013-11-18 23:37:47'),(89,52,72,'Aspernatur autem nostrum saepe soluta hic labore porro.',1,'1973-06-26 23:13:41','1982-01-07 00:04:35'),(90,180,173,'Corporis voluptatem laudantium nostrum omnis minus nobis minus optio.',1,'2018-09-30 16:30:51','1987-10-07 06:36:15'),(91,59,72,'Et officiis iure enim doloribus.',1,'2018-11-13 12:55:12','2004-06-28 05:26:44'),(92,139,63,'Nihil molestiae sit repudiandae omnis nihil ab.',1,'2017-07-22 22:50:30','2009-07-28 05:45:55'),(93,50,15,'Rerum ut architecto sint dolore.',1,'1974-11-21 01:35:31','2007-06-30 01:47:16'),(94,59,5,'Ratione suscipit fuga aliquid quasi voluptatem quia.',1,'2007-07-01 11:30:26','1974-04-12 17:04:06'),(95,52,19,'Nulla possimus numquam sint porro incidunt.',1,'1978-10-18 14:42:02','1992-01-18 17:05:17'),(96,184,55,'Omnis est quis est possimus.',1,'2003-10-26 09:03:37','2003-09-15 05:39:06'),(97,14,173,'Repudiandae sed animi odit et.',0,'2003-10-24 05:23:44','1973-01-13 04:09:23'),(98,145,65,'Repudiandae error dolor magnam modi.',0,'1998-07-31 23:31:33','1993-09-17 11:40:58'),(99,134,110,'Perspiciatis ab molestiae perferendis laudantium reprehenderit nulla in sequi.',0,'1985-08-28 08:42:47','2010-05-01 20:21:12'),(100,80,16,'Repudiandae quas illo cumque aut nihil sequi.',0,'1995-02-05 13:45:43','2010-05-09 06:50:14'),(101,179,177,'Quas perferendis molestiae error repellendus sequi veniam tempore.',0,'2005-03-14 07:21:20','2007-06-30 10:57:31'),(102,165,75,'Earum sapiente aliquam temporibus voluptas est laudantium autem.',1,'2014-08-18 17:49:13','2003-08-17 10:27:31'),(103,24,171,'Nostrum sit autem et saepe quia.',1,'1974-06-08 21:43:22','1989-11-10 20:08:11'),(104,50,76,'Dolorem culpa quo aut id quo debitis.',0,'1998-11-16 23:05:09','1995-09-30 21:31:09'),(105,43,29,'Exercitationem eaque ducimus consequatur voluptatem accusamus.',1,'1983-04-11 22:59:40','2013-09-14 09:21:43'),(106,48,102,'Officiis voluptatem voluptatum sint.',1,'1980-09-11 00:00:05','2010-04-28 16:54:18'),(107,101,187,'Omnis adipisci sint quos quae eveniet et deleniti.',1,'2009-07-13 20:40:08','1973-06-20 06:40:44'),(108,164,150,'Exercitationem omnis voluptas laboriosam sit quae dolores.',0,'2001-11-05 14:31:41','2011-09-01 23:52:31'),(109,2,23,'Et dolor amet qui voluptates.',1,'2014-12-25 09:23:43','1986-08-20 08:47:10'),(110,155,54,'Provident qui neque sit quia consequatur.',1,'1994-12-07 08:42:31','2003-07-28 12:07:57'),(111,41,139,'Dolor aut nostrum ex similique iste.',1,'1989-08-31 14:18:55','1991-12-19 07:57:03'),(112,108,54,'Aspernatur quis id iste minus nostrum.',0,'1972-01-20 15:42:46','1973-04-25 20:34:57'),(113,111,53,'Accusantium deserunt qui voluptatem quibusdam rerum perspiciatis.',0,'1982-08-27 07:51:51','1978-03-11 16:50:21'),(114,119,45,'Neque eligendi saepe veritatis id molestiae.',1,'1981-05-15 19:22:25','1993-12-12 10:37:50'),(115,163,199,'Expedita incidunt voluptatibus sapiente.',1,'1998-07-10 23:34:05','1999-11-05 20:17:23'),(116,61,141,'Et magnam possimus autem impedit distinctio natus quis qui.',1,'2012-03-08 10:29:57','1972-11-11 15:25:08'),(117,175,25,'Repudiandae perferendis reiciendis velit.',0,'1975-11-05 12:20:51','1974-10-14 03:17:26'),(118,16,198,'Debitis consequatur rerum dicta voluptas quia porro.',0,'1996-02-10 09:34:53','2000-09-04 05:47:41'),(119,196,65,'Ut velit debitis et neque soluta maxime deserunt nihil.',1,'1980-09-25 00:52:26','1982-03-04 02:15:24'),(120,74,39,'Ut aut soluta quae quidem sed.',0,'2017-02-18 15:55:36','2009-02-09 09:38:46'),(121,94,121,'Aut et repellendus molestias consequatur iure autem.',1,'2000-01-08 10:55:14','2010-06-06 23:02:29'),(122,140,195,'Est cum omnis provident exercitationem cumque dicta.',0,'2008-10-28 04:30:15','2001-10-26 13:31:41'),(123,107,104,'Amet mollitia voluptatibus velit.',1,'1980-05-27 16:50:02','1982-05-16 13:10:32'),(124,145,109,'Quia et laborum sunt qui officiis dolorem.',1,'1993-04-05 10:47:56','1998-04-07 23:51:24'),(125,126,99,'Nemo hic repellat deserunt quis sint ab.',1,'1995-03-06 12:01:07','2018-06-22 18:44:15'),(126,162,166,'Accusantium minus eaque ut voluptas magnam voluptatem eos illo.',0,'2002-11-10 04:07:00','2006-04-20 01:34:37'),(127,38,70,'Ad voluptatibus velit voluptatem inventore dolorem officiis enim.',1,'2000-11-19 00:13:06','1991-11-05 11:19:10'),(128,20,149,'Quis facere molestias fuga molestiae molestias est est debitis.',1,'1973-10-27 13:13:13','2000-12-25 23:25:43'),(129,122,139,'Fugit est ea vel saepe praesentium necessitatibus eligendi ab.',1,'1974-08-28 19:50:03','1970-12-08 15:57:22'),(130,194,85,'In et enim distinctio enim eum nesciunt eum.',0,'1987-11-11 03:02:56','1979-01-05 15:02:10'),(131,137,54,'Aspernatur similique quis totam atque.',1,'1988-04-22 10:20:33','1977-09-03 12:31:07'),(132,25,111,'Cumque voluptatem saepe non aliquam.',0,'1971-05-12 07:12:17','1993-03-10 10:41:44'),(133,79,41,'Aspernatur ut dolores eaque est aut excepturi.',0,'1977-10-31 16:29:11','2009-04-09 08:26:07'),(134,109,74,'Iste porro aut molestiae aliquam.',0,'1985-02-14 06:04:14','1975-02-08 12:46:31'),(135,106,183,'Rerum et officia voluptate libero ut et rerum.',1,'1982-07-29 09:29:56','1973-10-06 14:03:13'),(136,112,200,'Nostrum omnis explicabo nisi quia pariatur error id.',1,'2017-08-18 05:32:40','1978-12-29 02:24:43'),(137,103,52,'Quasi qui rem sint reprehenderit perferendis numquam.',0,'2003-10-09 03:25:43','2008-08-23 12:35:43'),(138,194,10,'Aut dolor eos ut libero.',1,'1999-09-14 23:06:22','2003-08-26 05:00:03'),(139,155,138,'Consectetur quisquam omnis aut quaerat.',0,'2020-11-17 21:32:31','1973-02-14 11:31:59'),(140,118,80,'Sequi doloribus dolorem doloribus qui tenetur fugit provident.',0,'1971-07-12 11:21:22','1975-11-26 11:17:48'),(141,37,79,'Quod eum et ut.',0,'2015-11-29 19:03:09','2007-12-16 19:58:44'),(142,45,75,'Reprehenderit eius non alias placeat ratione quis.',0,'1987-10-06 05:17:30','1985-06-05 11:46:24'),(143,148,65,'Nam dicta aut consequatur non dolor dicta ipsa.',1,'2016-12-25 18:53:37','2003-09-23 16:12:00'),(144,23,70,'Rerum non voluptas numquam quibusdam ut.',1,'1980-01-04 23:55:47','2005-08-09 10:56:54'),(145,3,16,'Officiis iusto et labore.',1,'1981-01-23 21:15:17','1990-11-07 23:50:23'),(146,154,139,'Laudantium consequatur et ut quaerat ut.',1,'1972-10-31 23:05:30','2003-07-21 15:16:13'),(147,70,179,'Molestiae delectus est nihil sint.',1,'1996-12-20 17:42:22','2020-10-27 15:09:33'),(148,50,148,'Ullam nemo totam suscipit dicta corrupti.',1,'1979-08-14 04:12:28','1999-07-04 14:37:45'),(149,20,159,'Et et omnis provident doloribus accusamus odio.',0,'1973-04-13 08:05:12','2002-09-27 23:20:45'),(150,22,125,'Eaque quia velit et tenetur inventore perferendis.',0,'1979-01-08 17:51:50','1970-10-26 04:30:41'),(151,141,134,'Voluptatem incidunt facere vero eum vero ut ipsam.',1,'2007-03-26 11:31:23','2013-08-09 04:20:53'),(152,124,44,'Temporibus rerum beatae aperiam excepturi eligendi numquam.',1,'1992-01-15 08:14:32','2016-03-21 23:13:18'),(153,185,118,'Et reiciendis culpa vel iste.',1,'1997-01-05 10:10:36','1993-06-21 22:41:20'),(154,53,139,'Qui excepturi et adipisci voluptas minima dolor.',0,'2009-06-14 16:30:19','1976-09-24 04:22:36'),(155,55,171,'Autem sit similique minima voluptatibus laborum et.',0,'1996-08-13 06:17:26','2012-11-12 17:20:57'),(156,18,92,'Enim itaque consequatur illum accusantium nesciunt.',0,'2005-02-02 12:56:51','1983-03-21 19:42:24'),(157,50,63,'Illum quos ut rerum dolorem maiores adipisci id.',0,'2006-11-25 02:57:45','2018-03-19 08:47:18'),(158,166,198,'Voluptas non dolorum voluptatum voluptatem.',0,'1986-09-17 03:45:18','2000-05-19 16:12:41'),(159,127,189,'Vel voluptas atque est quis saepe.',0,'1980-03-11 04:01:45','2008-07-25 21:22:01'),(160,67,129,'Aut molestiae perferendis nisi magni veritatis.',1,'2015-09-22 17:49:56','1996-11-26 17:03:57'),(161,5,21,'Omnis rerum eligendi maiores sint ducimus dolorem tempora.',0,'1995-01-29 09:21:31','2000-05-09 04:11:35'),(162,68,74,'Et quia rerum omnis omnis aut.',1,'2001-04-27 06:00:30','2015-11-16 01:51:57'),(163,200,118,'Tempore expedita ut omnis tenetur.',0,'1995-10-07 10:55:17','1970-08-24 23:29:52'),(164,22,19,'Fugiat illo saepe qui exercitationem possimus.',1,'2001-03-30 04:20:53','2010-06-05 04:31:25'),(165,77,43,'Sequi qui officiis saepe vel.',0,'1997-09-30 20:51:38','1971-02-04 07:11:19'),(166,144,18,'Perferendis reprehenderit optio soluta.',0,'1978-10-31 19:11:56','2019-03-23 14:08:33'),(167,177,67,'Assumenda dolor odit voluptatibus veritatis aliquam sint voluptatibus.',0,'1998-08-06 01:31:02','2002-08-10 19:10:26'),(168,61,161,'Alias possimus ea saepe fugit labore.',0,'2018-09-07 20:00:17','1997-12-24 19:30:21'),(169,184,114,'Animi voluptate aspernatur non quia tenetur eaque atque.',0,'1992-02-13 03:57:23','1988-09-26 15:23:48'),(170,99,39,'Cum nisi aut aperiam corporis.',1,'2002-10-25 14:50:28','2002-10-12 21:31:20'),(171,84,117,'Veniam tempora amet voluptas eveniet maiores.',1,'1993-11-14 20:48:44','2009-03-15 05:45:39'),(172,131,134,'Corrupti distinctio inventore nobis quia aut inventore.',0,'1971-01-27 08:32:05','1980-12-17 11:57:13'),(173,179,96,'Culpa eligendi rem similique libero et nihil provident.',1,'1982-07-12 14:47:17','1981-06-19 20:17:16'),(174,131,105,'Quia saepe sequi consequuntur sint repellat quia.',1,'1973-06-07 00:46:53','1973-09-14 10:03:53'),(175,84,198,'Esse sint quod vel ea.',1,'1985-07-13 08:20:08','2007-01-27 10:49:22'),(176,34,89,'Animi dolore maxime dicta facilis porro qui.',1,'1971-10-20 23:38:33','1999-04-06 22:38:14'),(177,18,102,'Culpa voluptate nihil et quos doloremque necessitatibus.',1,'1984-02-11 04:46:04','1983-03-08 15:06:51'),(178,162,18,'Qui sint nisi sint quo assumenda.',1,'2004-05-17 01:08:36','1988-04-04 22:07:23'),(179,19,184,'Inventore odio ab occaecati doloremque quos repellendus vel.',1,'1978-12-30 09:00:10','1981-12-30 03:12:12'),(180,37,96,'Molestiae dicta ad rerum voluptatem et.',1,'1997-04-09 06:36:03','1999-09-08 16:23:30'),(181,27,180,'Consequatur optio ipsam sed delectus.',1,'2006-12-13 03:53:44','1986-09-18 05:24:44'),(182,113,3,'Voluptatibus blanditiis sequi distinctio eaque.',0,'1971-12-23 23:23:33','1991-06-01 08:17:15'),(183,47,173,'Ipsam odit dolorem sit consequatur accusantium esse.',0,'1994-08-14 10:38:16','2016-05-03 13:42:25'),(184,163,31,'Quo rerum ducimus adipisci et ipsa.',1,'2010-03-12 06:13:58','1985-11-04 15:51:21'),(185,87,62,'Aut maiores necessitatibus qui nobis ut.',0,'1996-04-30 17:21:41','1986-02-12 11:13:54'),(186,69,171,'Rerum distinctio aliquid corrupti quasi aut.',0,'2004-10-21 23:46:17','1973-05-06 05:15:59'),(187,178,200,'Vel odio dolor sequi aut quas.',1,'2011-02-01 06:35:02','2020-08-21 04:07:18'),(188,104,157,'Qui et deserunt saepe voluptatem.',0,'2020-12-01 16:10:12','1976-06-25 02:30:34'),(189,95,34,'Beatae doloribus voluptatem cupiditate id.',1,'1999-01-12 15:49:51','1997-12-11 19:50:18'),(190,62,179,'Ut id placeat id qui dolorum tenetur id necessitatibus.',1,'1978-11-10 04:02:22','1979-03-11 00:51:39'),(191,31,95,'Distinctio quod qui dolorem et eveniet modi.',0,'1973-02-21 16:23:30','2000-09-24 03:58:19'),(192,67,49,'Ea aut consectetur molestiae sed laudantium.',1,'2016-10-25 03:15:34','1982-05-20 01:34:31'),(193,197,29,'Et ut cum cupiditate fuga sed qui perferendis.',0,'1979-07-20 02:42:00','1975-07-06 20:02:46'),(194,66,16,'Eius ad architecto qui sed.',0,'2008-08-28 08:44:28','1985-12-01 21:28:36'),(195,13,102,'Quia iste ipsum minus pariatur.',1,'1996-08-16 17:44:26','1999-10-12 19:07:57'),(196,111,39,'Ut tempora qui sed repellat occaecati.',1,'2002-12-18 21:49:25','2005-07-29 03:53:13'),(197,82,23,'Aperiam harum sed quo consequatur ipsum ducimus vero.',0,'1978-06-13 21:47:37','2001-05-14 10:59:40'),(198,41,128,'Mollitia enim nemo facere distinctio reiciendis.',0,'1994-06-09 21:06:47','1987-11-12 20:50:36'),(199,196,4,'Neque voluptatum qui veniam reprehenderit accusamus et.',1,'1977-12-29 13:42:42','2020-04-04 04:35:08'),(200,159,82,'Mollitia cum sit sed similique.',0,'1996-07-19 16:59:56','1982-10-25 21:04:05'),(201,65,28,'Ducimus cum qui ipsum id neque.',0,'1993-11-02 13:55:06','1991-03-01 18:23:09'),(202,52,43,'Itaque eveniet dolores numquam repudiandae cupiditate.',0,'1996-03-25 15:31:37','2014-11-15 21:13:53'),(203,27,155,'Vel et magnam repudiandae eaque et praesentium.',1,'2006-05-22 15:59:07','1971-11-01 08:52:18'),(204,199,121,'Id ratione sed exercitationem tempora et vel.',1,'1994-06-28 23:01:14','2008-12-05 23:00:38'),(205,189,60,'Corrupti repellendus aut provident veniam laudantium.',0,'1981-01-25 16:17:45','1978-03-14 01:25:23'),(206,100,20,'Itaque eum voluptatem optio.',1,'1979-08-07 02:21:17','2018-08-08 00:23:12'),(207,155,167,'Enim rerum nesciunt ipsum labore nihil.',1,'1975-05-26 06:11:28','1971-01-18 02:50:36'),(208,69,151,'Voluptatem assumenda blanditiis eveniet esse autem.',1,'1979-09-29 08:58:55','2000-10-28 17:15:59'),(209,195,134,'Unde veritatis nam assumenda ut.',1,'1989-03-12 01:56:40','1992-11-27 10:21:50'),(210,167,7,'Minus fugiat neque aperiam quia ipsum.',1,'2004-07-03 12:01:23','2007-11-30 17:57:31'),(211,36,77,'Assumenda consequatur vel qui est labore id quia saepe.',0,'2018-04-01 03:29:46','2005-05-20 16:19:22'),(212,46,118,'Labore officiis aut earum magnam.',0,'2014-06-27 08:15:20','2003-07-03 19:37:23'),(213,99,86,'Delectus neque omnis animi cupiditate.',0,'1990-10-12 16:57:42','2020-12-13 01:25:46'),(214,46,95,'Voluptatem voluptate voluptatem quia perferendis.',0,'1989-06-21 23:11:16','1993-03-12 15:23:34'),(215,89,4,'Iusto dolorem sed ut qui in eligendi.',1,'2009-05-09 08:59:26','1994-12-12 16:40:40'),(216,176,154,'Animi deserunt quibusdam dolorem aliquam consequatur officia animi.',0,'2018-09-22 05:55:02','1993-05-27 09:28:55'),(217,31,27,'Ad dignissimos rerum voluptas id in.',0,'1973-09-02 21:23:52','1980-02-16 04:58:50'),(218,197,57,'Nemo expedita eos magni sint consequatur et nostrum.',1,'2001-07-25 15:07:24','1974-05-12 22:15:05'),(219,182,196,'Minima magni culpa molestiae.',0,'1981-10-19 03:55:10','1997-03-09 04:57:50'),(220,177,171,'Nam nihil nesciunt consequatur ducimus sed laboriosam provident qui.',0,'2016-10-28 18:49:59','1972-07-24 08:29:20'),(221,56,77,'Quia molestiae et minima ullam eos.',0,'2008-02-10 12:45:51','2009-11-07 01:09:50'),(222,190,10,'Harum non et fuga quo.',0,'2001-11-20 17:27:39','2016-07-22 14:20:37'),(223,43,58,'Excepturi quasi velit cumque vero.',1,'1986-09-08 22:44:51','1979-09-25 04:34:55'),(224,161,37,'Est repellendus exercitationem totam et similique quod nam.',1,'1991-06-04 13:08:38','1985-09-24 01:25:41'),(225,192,127,'Nisi aut adipisci magni consequuntur et fugit sed.',1,'1982-06-13 11:42:43','2015-11-15 02:35:18'),(226,44,28,'Velit autem cum natus quaerat ab.',0,'2016-05-14 17:07:18','1970-07-09 23:33:04'),(227,4,90,'Dolores delectus non molestiae est cupiditate.',0,'1973-10-27 11:49:13','2013-11-18 08:11:29'),(228,146,103,'Fugiat voluptatem ipsa id.',0,'1970-01-22 07:22:49','2004-02-08 01:33:00'),(229,175,191,'Eos enim repellendus commodi repellat et enim.',0,'2003-12-03 16:05:49','1997-02-03 20:36:53'),(230,197,64,'Nesciunt debitis quasi iusto eligendi eos aut corporis.',1,'1982-08-29 15:49:19','2003-03-15 02:31:12'),(231,194,172,'Doloribus veniam velit hic.',0,'1980-02-05 11:13:21','1979-07-07 18:33:52'),(232,18,24,'Quibusdam ut sit minima inventore quam corporis laboriosam.',0,'2021-02-28 14:17:06','1985-06-21 12:17:32'),(233,199,14,'Provident voluptas cupiditate qui illum.',0,'2017-07-27 00:45:07','1977-11-10 21:28:25'),(234,80,181,'Numquam dolorum rem commodi et qui.',1,'2006-07-16 20:42:18','1996-01-30 21:03:50'),(235,9,57,'Nemo doloremque magnam voluptas.',1,'1998-10-04 01:40:29','1983-06-28 14:00:40'),(236,151,64,'Pariatur fugiat vitae aspernatur voluptatem et dicta ullam.',1,'2016-03-02 14:09:09','1994-08-05 00:24:31'),(237,133,141,'Illo quo consequatur quasi odit a explicabo est.',0,'1992-05-29 15:27:55','1993-02-10 23:43:16'),(238,74,175,'Temporibus inventore illum cum nesciunt est mollitia debitis aut.',0,'1989-04-17 00:19:10','1996-03-22 15:58:25'),(239,199,35,'Fugiat non ducimus dolorem sapiente et quaerat consequuntur molestias.',0,'1981-11-22 02:08:15','2017-06-23 10:07:09'),(240,12,191,'Enim at incidunt quis qui ea minus.',0,'1990-05-08 08:57:27','2008-01-20 22:31:08'),(241,162,56,'Cumque ut alias ullam exercitationem.',1,'2002-08-26 20:10:30','1994-01-24 07:35:53'),(242,19,165,'Rem doloremque perferendis excepturi vel excepturi corporis saepe quisquam.',1,'2013-10-07 18:40:19','1972-04-09 04:27:35'),(243,145,164,'Ut perspiciatis qui eos ea rerum aut non.',0,'1973-12-22 23:54:41','1989-01-16 23:28:52'),(244,67,120,'Tempore consequatur animi ut temporibus nesciunt.',0,'1988-07-29 18:52:03','2018-07-12 16:11:26'),(245,154,63,'Facilis non ipsum quaerat quas.',0,'1980-07-18 08:26:58','2003-01-16 07:33:47'),(246,183,148,'Officia reiciendis sunt ratione facilis in dicta voluptatem.',1,'2015-06-25 12:18:41','2018-02-17 23:57:27'),(247,35,1,'Ipsa consequatur quia in nobis non possimus et.',0,'1997-06-13 08:34:05','1978-10-03 20:58:03'),(248,171,33,'Veniam pariatur nam aliquid libero nostrum voluptatem ut.',1,'1976-04-27 03:38:50','2018-11-25 05:00:04'),(249,14,51,'Voluptatem sed id voluptates voluptatum sapiente perspiciatis.',0,'1978-12-04 04:15:22','2015-12-21 06:52:38'),(250,14,23,'Aut optio aut et.',0,'1972-08-12 13:53:30','2001-07-15 19:32:52'),(251,107,165,'Et natus labore ipsam explicabo error at amet.',0,'1976-05-10 08:12:26','2015-06-25 11:40:20'),(252,87,40,'Iusto officia ut ab porro in nam omnis.',1,'2011-12-05 23:49:32','1970-08-01 12:25:33'),(253,105,160,'Voluptate libero molestiae velit nesciunt labore.',0,'1994-04-08 12:31:04','1975-06-08 02:18:48'),(254,14,104,'Ut sed error aperiam et non aspernatur quidem.',0,'2004-01-17 22:22:38','1984-01-24 13:12:01'),(255,195,26,'Et illo repudiandae eos non aut.',1,'1982-09-07 03:16:53','2003-09-18 23:42:13'),(256,95,156,'Atque ab architecto nostrum repudiandae magnam sequi qui qui.',0,'1987-09-18 15:51:56','1982-09-24 18:40:29'),(257,81,113,'Reprehenderit aut omnis placeat quam aut nemo quidem.',0,'1971-06-27 21:57:16','1993-11-17 16:18:40'),(258,120,26,'Voluptatem et quo repellendus temporibus doloribus voluptas.',1,'2018-10-04 11:01:43','1972-01-29 14:21:09'),(259,77,187,'Possimus iste culpa aut voluptates dolor amet.',0,'1983-09-16 07:24:34','1973-10-07 20:22:12'),(260,145,31,'Quia enim sit maiores.',1,'1973-09-05 00:12:01','1976-06-04 06:38:21'),(261,49,128,'Dolores nulla aut culpa aut amet eius.',0,'2011-10-29 15:56:28','2002-03-31 23:30:22'),(262,178,84,'Architecto consequuntur et aut earum mollitia voluptas quidem.',0,'2010-08-30 18:49:18','2004-05-20 05:40:51'),(263,128,149,'Et deleniti error consequatur.',0,'1973-12-15 14:44:36','1975-06-27 18:38:04'),(264,117,141,'Sint dolor placeat necessitatibus deserunt dolore.',1,'1998-01-31 14:48:49','1974-04-28 18:14:28'),(265,199,130,'Quos corrupti minus enim enim rerum aliquam.',0,'2017-05-31 00:16:18','1970-06-30 12:42:12'),(266,164,106,'Est natus rerum et facere.',0,'1971-12-04 07:12:44','1970-12-10 19:39:09'),(267,94,50,'Nemo incidunt aut delectus rem facilis omnis.',0,'2017-02-25 22:29:50','1981-03-31 17:55:18'),(268,145,199,'Voluptatem qui eaque quia quibusdam odio dicta.',0,'2012-03-13 04:31:52','1984-06-03 01:59:47'),(269,10,158,'Occaecati maiores ut vel illo quia necessitatibus libero quibusdam.',0,'1995-07-23 05:12:10','1989-10-17 21:11:54'),(270,103,4,'Facilis dignissimos autem deserunt nam dolores corporis.',1,'2012-01-14 20:14:04','1983-01-15 23:42:25'),(271,183,197,'Quisquam est accusamus autem eum dolorum ut ex.',0,'1981-09-09 12:57:10','1996-06-09 13:47:05'),(272,160,64,'Temporibus mollitia quis ut nobis quo.',0,'2007-01-30 00:49:00','1995-12-03 18:49:18'),(273,110,80,'Omnis omnis quos nemo facere cupiditate fugit in.',1,'1971-08-24 10:01:14','1996-06-19 23:04:27'),(274,89,187,'Et eveniet quod commodi aut.',1,'2020-06-04 17:15:26','1974-04-27 07:39:03'),(275,66,33,'Nihil repellat sint maxime atque aut adipisci.',0,'1972-10-29 21:50:28','1981-03-27 11:55:18'),(276,17,115,'Distinctio saepe culpa laudantium quia nobis mollitia veritatis.',1,'1982-09-23 16:49:44','2002-10-17 00:39:53'),(277,161,195,'Perspiciatis aut corporis autem aut.',0,'2009-03-15 01:57:37','1971-02-07 17:40:25'),(278,198,88,'Illo et laboriosam minus tempore dolore fuga cumque.',0,'1974-01-25 21:21:59','2002-12-25 11:28:35'),(279,143,114,'Tempore earum aut aperiam molestias sed nisi sapiente architecto.',1,'2007-10-30 03:59:27','1999-07-02 23:53:43'),(280,29,142,'Aspernatur fugiat quas dignissimos aspernatur.',1,'1994-04-21 08:20:21','1984-11-14 21:48:48'),(281,44,192,'Quidem sunt nostrum animi.',1,'2002-10-18 16:00:30','1979-03-20 03:35:25'),(282,47,137,'Incidunt corrupti similique quo atque incidunt autem unde eos.',1,'1971-09-17 15:54:07','2010-07-13 22:19:16'),(283,42,191,'Maxime culpa facilis optio aperiam distinctio quis similique.',1,'1999-04-25 17:33:13','2000-06-21 19:24:24'),(284,136,52,'Porro dolore fuga corrupti quaerat itaque.',0,'1984-05-22 22:04:00','1993-10-26 21:28:46'),(285,149,38,'Veritatis quas accusantium vitae est adipisci totam sit illo.',1,'1988-07-03 14:35:17','2020-07-15 16:08:25'),(286,55,132,'Quia aliquam reprehenderit ratione corrupti expedita.',0,'2011-10-16 04:56:55','1976-09-20 19:02:13'),(287,35,15,'Nisi consequuntur autem eveniet.',0,'2011-07-18 23:07:06','2000-02-27 00:43:12'),(288,196,145,'Dolore quasi eos nobis dolorum quam facilis explicabo.',1,'1988-11-02 16:08:27','2003-04-30 23:05:04'),(289,94,84,'Nihil dolor aut dolore iste repellat porro rerum.',1,'1979-04-19 03:20:13','1989-02-15 15:24:38'),(290,131,159,'Amet consequatur deleniti consequatur adipisci tempore.',0,'1987-12-15 19:27:47','2020-08-14 17:35:22'),(291,117,147,'Esse in sit inventore et.',1,'1972-04-28 05:24:44','2017-05-09 04:44:54'),(292,73,77,'Quia laudantium dolorem aut ut iste.',0,'2014-12-29 09:07:51','1985-03-07 11:29:46'),(293,142,71,'Eum quisquam quia itaque distinctio est ut.',0,'2018-03-07 00:38:45','2002-12-06 20:04:58'),(294,165,85,'Suscipit ex sint velit aliquid ab.',1,'1984-03-05 19:07:41','1982-05-26 19:41:37'),(295,184,193,'Dolorum voluptatum ratione adipisci quia optio.',0,'2017-06-06 08:20:07','1980-03-13 00:55:13'),(296,26,28,'Pariatur consequatur natus aut rem dolorem corrupti id.',1,'2007-09-20 11:44:37','1988-10-11 21:08:56'),(297,185,73,'Qui ut et est aut unde.',1,'1979-10-01 09:00:26','1998-09-26 05:54:50'),(298,164,26,'Voluptatem mollitia molestiae eveniet atque soluta.',0,'1972-03-10 07:28:22','2017-01-13 08:55:31'),(299,64,100,'Est eaque magnam qui debitis.',0,'2013-08-20 19:12:49','1978-09-28 07:04:39'),(300,77,12,'Sit cupiditate quia aspernatur accusantium illum.',1,'2007-05-12 18:35:36','2004-05-03 08:34:29'),(301,137,132,'Libero modi fuga aut laborum perspiciatis iste.',1,'1979-08-08 10:29:18','2017-09-02 00:00:27'),(302,144,172,'Ut ut vitae dolor autem aut animi.',0,'2018-11-04 06:49:31','2001-02-28 16:57:56'),(303,146,139,'Facere dolore temporibus nobis libero nostrum aspernatur quas repellendus.',0,'2012-12-27 19:40:21','2010-06-28 13:42:24'),(304,116,39,'Est incidunt culpa id itaque tempora reiciendis.',1,'1982-02-18 12:21:18','2015-03-01 07:06:22'),(305,23,46,'Ut modi dolor ut eum architecto esse odio.',1,'2015-09-23 01:45:41','2015-09-11 05:46:01'),(306,197,140,'Cupiditate nam aperiam velit.',0,'2002-11-07 17:15:24','1983-03-23 10:23:29'),(307,193,70,'Deleniti laudantium et voluptas suscipit et.',1,'1992-08-05 23:54:57','2019-05-19 17:58:13'),(308,17,134,'Ea doloremque quis natus.',1,'1993-12-16 18:36:18','1976-04-16 00:17:13'),(309,141,181,'Voluptas nemo omnis totam harum a necessitatibus.',1,'2003-04-09 02:04:30','2004-03-02 13:00:05'),(310,19,125,'Consectetur et voluptas consequatur velit.',0,'1972-06-25 11:17:49','1975-09-01 11:10:09'),(311,173,44,'Et voluptatem velit nesciunt sint facere debitis.',1,'1970-09-20 10:47:57','1972-01-07 05:58:48'),(312,152,157,'Temporibus dolor nulla deleniti.',1,'2009-08-23 20:19:19','2000-07-12 10:18:39'),(313,116,115,'In repellat deserunt qui quam qui qui maxime.',1,'2007-05-13 00:58:44','1994-05-23 03:35:31'),(314,183,179,'Facere id error distinctio veniam aut voluptatibus eum.',0,'1998-07-26 13:59:28','1974-05-20 23:19:44'),(315,15,59,'Sed aut provident enim consequatur voluptates assumenda.',1,'1998-11-11 06:25:31','2014-06-06 22:41:10'),(316,191,152,'Et expedita reprehenderit assumenda.',1,'2011-03-04 22:02:21','1981-12-17 02:04:51'),(317,190,134,'Aut sed et rerum maiores maiores fugiat.',0,'1979-12-19 08:27:33','1982-03-29 02:16:44'),(318,123,136,'In cumque aut saepe tenetur rerum.',1,'1990-06-01 02:59:11','1982-10-27 07:07:37'),(319,73,38,'Dolore et est qui dolorum quia.',1,'1999-07-28 05:13:33','2012-06-15 23:23:15'),(320,174,95,'Cupiditate velit officia praesentium sit id.',1,'1976-05-26 05:24:25','2012-04-11 06:48:38'),(321,84,171,'Et nisi rerum enim neque mollitia facilis.',0,'1979-02-01 17:15:09','2019-05-10 20:26:29'),(322,35,77,'Itaque error similique ratione numquam.',0,'2011-07-17 20:58:36','1973-03-12 11:24:29'),(323,41,51,'Tempora iste omnis velit dignissimos molestiae.',1,'2004-09-11 00:52:52','1987-09-29 13:01:48'),(324,11,181,'Repellat officia quis est est est voluptatem eos deleniti.',1,'2012-01-13 03:38:36','2020-07-07 08:55:58'),(325,31,29,'Qui aut sit qui hic iure ipsa harum quas.',0,'2000-12-10 06:41:15','1977-02-16 00:55:47'),(326,105,4,'Atque iusto aliquid aut est numquam ut.',1,'2011-04-07 08:22:56','2013-09-09 03:50:58'),(327,73,56,'Nemo ea eos eos dolore ipsum excepturi excepturi minus.',1,'2003-06-23 05:25:56','1987-05-12 07:34:35'),(328,160,188,'Consequatur nobis optio tempora ut nemo.',0,'2012-07-16 03:36:12','1989-06-20 00:04:51'),(329,171,142,'Officia unde excepturi quo nulla officia sint iste.',1,'1978-02-07 17:48:44','1982-10-16 19:25:06'),(330,167,185,'Ut expedita dolorem repellat.',0,'2013-04-19 18:35:05','2021-02-03 22:57:08'),(331,1,158,'Suscipit corporis maiores et et.',1,'2012-12-26 00:37:21','2010-12-05 17:04:26'),(332,136,191,'Tempora nulla repellat aliquam.',0,'2018-06-04 04:37:48','1992-09-05 20:15:37'),(333,91,59,'Labore enim est alias et sed aspernatur asperiores placeat.',0,'1974-08-09 19:55:52','2015-07-09 21:25:53'),(334,126,164,'Libero facere debitis tempora esse asperiores aut.',0,'1976-06-25 16:14:06','2011-01-10 18:25:17'),(335,97,99,'Fugit autem excepturi itaque sed maiores dolorem rerum minima.',1,'2018-12-02 13:08:00','1984-04-06 19:13:02'),(336,59,180,'Dolor ea quam occaecati veniam tempore.',1,'1978-08-21 06:34:20','2001-01-14 08:52:58'),(337,70,93,'Ea possimus dolore voluptatum qui dolorem architecto.',1,'2015-06-07 07:06:16','1970-07-05 01:16:34'),(338,57,110,'Voluptatem laborum tenetur excepturi velit eos quis.',0,'2008-02-13 21:18:29','2002-05-18 18:38:21'),(339,143,67,'Voluptatem tenetur asperiores necessitatibus natus.',0,'1981-12-23 16:25:48','2005-08-24 06:36:40'),(340,90,174,'Consequatur quidem aut illum commodi.',0,'2006-08-08 14:16:19','2019-10-16 04:24:41'),(341,96,195,'Ex ut nesciunt sunt labore voluptas architecto eos.',1,'1986-11-08 12:27:01','2015-12-07 18:59:02'),(342,177,168,'Asperiores ab magni soluta dolor blanditiis.',1,'1996-12-01 03:35:25','1981-06-17 08:50:23'),(343,50,136,'Sunt voluptatum maxime voluptas quam rerum ullam incidunt reiciendis.',0,'1970-11-07 15:29:17','2011-05-28 16:36:22'),(344,156,21,'A ratione aut et aut hic aperiam et.',1,'1978-04-18 10:00:38','1988-11-24 02:39:11'),(345,78,122,'Qui laudantium impedit quas nobis.',1,'1988-06-18 19:23:43','1989-12-29 19:53:10'),(346,5,79,'Ratione voluptatem tempore veniam distinctio et vero reiciendis.',1,'1980-07-16 22:50:31','1972-11-19 03:18:46'),(347,79,141,'Perspiciatis minus minima beatae ea voluptatem animi iste.',0,'2018-05-18 23:18:13','2016-09-09 00:14:59'),(348,69,170,'Ducimus consequatur perspiciatis omnis vitae nulla odit.',0,'1987-04-25 20:36:40','2005-03-23 14:10:19'),(349,199,194,'Eum ducimus totam vero et voluptatem maxime et quia.',1,'2015-04-13 02:04:03','1994-12-16 07:40:27'),(350,134,96,'Quibusdam est fugit et dolorem et.',0,'2011-02-20 09:59:35','1975-07-26 21:19:01'),(351,93,192,'Temporibus et eveniet qui quisquam.',0,'2001-04-02 21:02:17','1971-03-25 08:50:22'),(352,76,162,'Asperiores sed non magnam odit voluptatem minima voluptatum iusto.',0,'1998-10-08 22:22:04','2005-05-22 09:03:38'),(353,84,132,'Laboriosam ab sit facere recusandae alias.',0,'1986-06-25 06:06:41','1985-08-03 03:16:34'),(354,72,27,'Ducimus voluptatem exercitationem maxime laudantium.',0,'1979-08-17 05:32:19','2020-12-08 20:05:07'),(355,199,162,'Autem tempora consequuntur aspernatur ipsum velit omnis voluptatibus qui.',1,'2000-02-21 05:56:12','1975-07-27 18:55:02'),(356,200,94,'Velit ratione fuga quidem perspiciatis adipisci at.',0,'1984-05-08 21:44:41','2005-06-07 23:32:18'),(357,156,176,'Et hic quam tempora.',1,'1988-01-02 06:40:38','2001-04-03 21:32:49'),(358,61,6,'Qui sit sunt omnis dolor ut.',1,'2001-02-26 07:43:07','1974-03-19 19:36:42'),(359,112,16,'Temporibus id delectus quibusdam temporibus.',1,'1997-07-04 23:44:36','1982-04-05 04:58:25'),(360,26,190,'Omnis quia aut ea quidem et.',1,'2005-03-08 04:53:34','2017-02-07 01:19:09'),(361,138,31,'Ea similique excepturi ipsam rerum.',0,'1973-05-02 18:13:15','1998-08-20 17:09:15'),(362,68,17,'Neque excepturi in itaque adipisci.',1,'1978-01-09 04:58:54','1977-08-22 23:00:19'),(363,171,136,'Rerum perferendis ipsum soluta accusamus corporis autem nam.',1,'2009-12-12 17:56:31','2009-07-26 12:42:10'),(364,187,170,'Quis incidunt odio reprehenderit sed vero.',0,'2010-03-09 20:27:19','2009-12-18 21:07:00'),(365,129,120,'Ut voluptas fugit fuga.',1,'2006-07-27 11:18:12','2000-11-16 20:57:22'),(366,65,22,'Fugit qui hic pariatur aliquid.',1,'1979-10-31 06:14:39','2020-11-14 18:28:47'),(367,111,140,'Perferendis libero eveniet rerum et repellat possimus praesentium.',1,'1973-07-27 13:20:45','1971-02-23 07:34:49'),(368,183,195,'Magni ut voluptatem explicabo et quod saepe maxime.',1,'1972-01-05 10:29:01','2007-05-27 07:14:39'),(369,72,54,'Fugit molestias ut quam qui consequatur impedit.',1,'1984-06-15 22:34:30','2020-09-01 02:10:03'),(370,21,70,'Nemo culpa et quia qui maxime.',0,'1983-07-22 12:32:49','2011-11-05 07:12:29'),(371,15,21,'Odio voluptatibus aliquam a at est illum nihil.',0,'1997-06-27 05:35:04','1977-07-04 08:19:05'),(372,163,171,'Non neque fugit velit eum cum et.',0,'1992-03-03 04:33:37','1997-09-09 09:10:52'),(373,196,24,'Exercitationem reprehenderit provident qui ut.',0,'2015-03-16 23:03:50','1986-07-08 04:52:07'),(374,176,108,'Veritatis rerum quas iure maiores ut et.',0,'2008-04-05 23:15:35','2000-07-12 20:57:06'),(375,40,1,'Earum ab officia fugit natus ea ratione quo.',1,'2011-07-13 04:57:47','2009-10-24 15:42:38'),(376,98,177,'Rem quibusdam est aut rerum.',1,'1973-01-03 02:49:10','2013-05-19 23:35:42'),(377,31,165,'Velit nam non doloribus.',1,'2000-04-11 23:12:04','1986-09-01 08:13:18'),(378,194,2,'Et sunt nihil dicta cumque odit.',1,'1989-02-15 12:11:33','1977-02-24 21:16:02'),(379,101,180,'Tempora qui facere et ea non.',1,'2019-11-29 01:27:31','2006-12-24 10:24:50'),(380,171,29,'Eos sint minima unde consequuntur eius consequatur.',0,'1981-12-26 10:18:20','2019-02-11 05:37:02'),(381,99,36,'Illum id iste numquam dolor rem molestias illo.',0,'2019-08-06 10:22:50','1996-08-01 12:12:11'),(382,50,10,'Excepturi veritatis eius optio officiis ut tempore.',1,'2004-11-21 19:26:05','2019-01-19 13:29:32'),(383,176,33,'Aut quia autem deleniti occaecati perferendis.',0,'2002-11-30 19:19:53','2009-04-21 14:34:51'),(384,4,47,'Dolor eum laboriosam nostrum sed dolorem.',1,'1974-04-13 14:27:44','2016-11-02 12:48:51'),(385,87,25,'Nulla molestiae voluptas assumenda.',0,'1995-06-30 09:11:18','2001-04-02 15:48:57'),(386,116,101,'Error molestiae suscipit deleniti dignissimos aspernatur minima rerum.',1,'1996-09-24 21:55:58','2018-07-27 07:46:01'),(387,45,79,'Officiis incidunt et praesentium consequatur sed voluptatem fugiat.',1,'2005-07-03 12:58:08','2018-06-23 03:51:48'),(388,71,41,'Suscipit et dolor eos nisi.',0,'2016-10-12 00:21:49','1973-02-20 02:28:30'),(389,102,47,'Qui odit eaque odit corrupti provident fugit.',0,'1975-05-07 01:14:48','2016-02-02 18:26:25'),(390,149,141,'Voluptates vel quis dolore veniam maxime consequatur.',1,'2018-07-15 16:28:35','2010-03-16 06:05:49'),(391,47,46,'Nam magni beatae culpa laborum eveniet dolor molestias et.',0,'1996-07-16 04:24:43','2008-04-07 13:34:36'),(392,118,78,'Rerum velit est est mollitia non dignissimos voluptatem aliquam.',0,'2004-01-20 19:30:38','1998-07-08 14:28:32'),(393,10,111,'Nesciunt libero fugit nam quibusdam.',1,'2004-12-22 15:46:50','1973-04-17 15:49:22'),(394,79,110,'Soluta eligendi est ut ab rerum qui.',0,'1987-02-21 21:40:44','1984-06-08 14:57:55'),(395,90,50,'Consectetur sed aspernatur dolorem mollitia doloribus.',1,'1974-04-18 18:42:10','1973-01-30 22:22:59'),(396,139,188,'Quis rerum ea tempore enim ex.',0,'1990-03-29 13:28:15','1998-06-26 13:00:22'),(397,85,189,'Perferendis veritatis cumque quas.',1,'1991-01-24 20:29:54','2001-08-25 19:53:04'),(398,198,61,'Non numquam repellendus eos sequi nisi.',1,'1997-12-20 11:36:12','2019-12-02 16:14:06'),(399,21,1,'Et iure aut nostrum quis quis et omnis.',1,'2008-01-07 06:20:10','1978-02-21 03:50:54'),(400,107,108,'Non adipisci aperiam minus numquam.',1,'2011-10-03 17:26:25','2018-01-30 15:31:13'),(401,26,23,'Et blanditiis a nesciunt nobis rerum dolorem.',0,'1970-11-29 05:36:26','2001-01-04 19:07:35'),(402,8,70,'Ut earum enim a dolore qui et.',1,'1978-03-30 20:38:08','2007-12-05 16:38:03'),(403,101,79,'Eos corrupti similique aut eos.',1,'1998-05-30 15:10:25','1977-03-26 02:34:00'),(404,111,2,'Non in in neque quo in.',0,'1989-06-06 04:08:05','1976-04-02 06:13:01'),(405,125,59,'Sapiente ex veritatis voluptatem omnis nulla hic.',0,'1989-01-10 01:48:46','2010-01-09 07:46:02'),(406,143,172,'Minima nobis quam quia et.',0,'1996-11-17 23:51:53','1977-08-25 08:46:46'),(407,104,60,'Nihil quo debitis voluptatem.',0,'1988-06-21 00:26:49','2018-10-29 02:47:22'),(408,49,114,'Placeat natus neque sunt.',1,'1980-01-08 23:03:12','1979-09-16 18:13:45'),(409,170,127,'Et et culpa velit ipsa iusto nobis ab est.',0,'2016-07-20 12:28:18','2012-07-31 14:20:02'),(410,24,59,'Dolorem aut aliquid et et fugiat.',0,'1979-12-18 15:14:43','1996-10-07 19:34:11'),(411,176,162,'Similique est molestiae sunt sint ut tenetur.',0,'2011-07-08 15:25:55','2019-10-24 10:47:08'),(412,47,61,'Recusandae cupiditate et magni in est unde.',1,'2012-10-06 14:39:52','1982-12-26 17:25:19'),(413,151,44,'Laboriosam sed nam et qui et vel accusantium.',0,'1985-11-16 08:39:56','1972-08-12 18:02:57'),(414,122,172,'Id esse et officiis.',0,'2018-07-25 08:09:25','1979-03-02 15:28:50'),(415,45,29,'Rerum harum et facilis praesentium.',1,'1975-08-30 23:12:33','1984-12-12 08:32:27'),(416,79,71,'Corporis commodi eligendi assumenda et.',0,'1981-11-10 12:31:00','1996-11-23 15:55:56'),(417,51,87,'Sit eius eaque totam deleniti consectetur quia.',0,'2003-09-30 02:48:44','2013-12-05 10:13:05'),(418,141,151,'Quia inventore est in.',1,'1988-05-09 14:13:42','1975-11-25 22:57:32'),(419,165,51,'Labore quas earum voluptate ipsam aut tempora.',0,'2010-12-07 11:46:48','1972-10-01 11:11:55'),(420,153,90,'Perspiciatis velit magni quia doloremque modi quis iusto labore.',1,'1976-06-28 06:55:55','1979-12-02 16:18:33'),(421,110,96,'Iusto tempora et odit odio asperiores.',0,'2009-04-15 08:28:07','1991-03-01 19:18:37'),(422,61,14,'Asperiores est et officia rerum numquam.',0,'1992-11-03 07:40:31','1976-04-08 18:48:37'),(423,155,109,'Sapiente laborum nihil similique labore omnis.',1,'1974-02-14 02:38:37','1971-08-25 10:44:12'),(424,127,124,'Quaerat numquam ipsa natus deserunt.',0,'1998-09-30 02:58:18','2013-03-10 17:28:44'),(425,36,150,'Quia totam itaque voluptatum odio dolorem.',1,'1974-07-28 16:54:57','1982-01-27 23:53:31'),(426,183,12,'Maxime dolores suscipit ullam rem.',1,'1981-06-23 04:04:40','2019-07-03 06:25:26'),(427,112,30,'Et iusto velit maiores voluptatem nemo eveniet.',1,'1985-02-25 17:22:47','1996-04-22 03:53:56'),(428,73,63,'Aut eum necessitatibus a voluptatem dolor.',0,'2000-06-18 14:44:04','1972-12-09 12:58:51'),(429,74,194,'Suscipit cumque aperiam veniam voluptate.',0,'2015-11-01 21:53:23','1987-08-02 21:11:47'),(430,34,118,'Totam placeat ad perferendis dolorum adipisci dignissimos doloremque.',0,'2001-05-28 00:23:27','1990-11-10 03:25:47'),(431,22,112,'Ab ipsum est consectetur repudiandae ut amet.',1,'1995-06-26 00:45:06','1994-10-05 08:28:11'),(432,189,73,'Est eaque corrupti eum quod.',1,'1992-06-07 05:38:34','2002-08-10 00:54:16'),(433,198,129,'Molestiae magni dolorum eos deserunt amet.',0,'1990-11-06 14:47:59','2005-12-06 16:55:48'),(434,24,163,'Porro quis ullam tempore suscipit sit repellendus.',0,'1998-06-23 20:00:01','2001-10-07 06:23:07'),(435,179,176,'Aspernatur voluptatum alias inventore recusandae.',1,'2019-01-13 15:37:43','2018-05-29 15:42:49'),(436,52,89,'Sit autem voluptatem eos aut qui saepe.',0,'2020-01-17 12:14:07','1982-01-18 03:25:32'),(437,72,113,'Tempore sit qui dignissimos labore provident aut.',1,'2011-11-14 11:57:43','2021-01-21 14:11:50'),(438,102,26,'Ipsa unde velit sed magnam dolores autem laudantium.',1,'1991-07-28 01:30:53','2016-04-17 05:32:28'),(439,22,29,'Sit sapiente sed magni ab magnam ipsam fugiat.',1,'2003-02-03 19:51:25','1979-11-06 06:26:53'),(440,150,57,'Reprehenderit qui rerum accusamus.',0,'1992-02-25 13:15:36','2000-04-14 02:00:10'),(441,179,133,'Aut dolore tempore ut esse quasi omnis nam.',0,'2001-08-12 11:57:42','2001-07-21 08:39:06'),(442,69,90,'Suscipit aspernatur odio voluptatem necessitatibus.',1,'2002-08-04 07:15:52','1995-01-07 12:42:39'),(443,162,141,'Incidunt voluptatem facilis dignissimos sit fugiat.',1,'2021-01-05 11:52:40','1977-09-02 00:25:09'),(444,152,35,'Qui culpa dignissimos quia aut.',0,'2013-08-28 06:28:23','1999-07-26 10:24:15'),(445,135,186,'Aut ratione qui excepturi soluta earum veniam.',1,'1993-01-23 17:22:31','1973-08-25 11:38:16'),(446,153,156,'Inventore numquam quas sit blanditiis soluta cum.',0,'1991-02-23 13:20:40','1977-08-21 20:36:47'),(447,97,141,'Ad eos necessitatibus ut perferendis adipisci aut.',1,'2020-07-30 10:58:24','1996-03-22 05:15:51'),(448,28,95,'Non debitis qui et ut nisi id qui saepe.',0,'1994-08-15 01:56:02','2020-11-16 10:27:56'),(449,70,52,'Totam tenetur quam voluptates labore.',0,'2000-12-18 11:56:41','1987-11-24 00:28:33'),(450,57,49,'Quis omnis consectetur hic vero id.',0,'1984-02-10 07:03:41','1990-11-28 05:23:54'),(451,28,109,'Labore veniam nemo sunt quia non hic.',0,'1993-06-24 04:38:01','2016-09-14 18:17:57'),(452,137,99,'Id consequatur delectus dolore omnis consequuntur.',1,'1999-03-19 02:52:29','2011-04-17 21:26:39'),(453,22,38,'Illum omnis pariatur quasi aliquid aspernatur.',0,'1993-02-17 12:35:14','1989-11-26 11:57:57'),(454,125,43,'Ut dolor est quod.',1,'1976-05-17 05:00:54','2010-05-09 10:42:12'),(455,67,74,'Nihil aspernatur aperiam enim.',0,'2010-02-01 16:39:03','2015-12-06 16:54:40'),(456,100,45,'Beatae a qui vitae corporis occaecati ab.',1,'2014-01-16 12:16:46','1972-11-26 22:30:56'),(457,7,168,'Voluptatum quibusdam aliquam omnis explicabo tempore.',0,'1990-11-27 18:33:15','1985-11-16 09:07:29'),(458,134,169,'Sed natus incidunt amet eos eum voluptatem non.',1,'1979-03-29 18:40:52','1989-01-14 17:05:30'),(459,109,86,'Quis et quis sit et iure ut id.',1,'2005-11-14 08:33:45','1985-07-31 23:37:09'),(460,4,43,'Error qui omnis quo maxime odio impedit omnis.',1,'1990-03-21 19:45:46','1979-05-21 20:34:05'),(461,71,156,'Laborum eaque consequatur exercitationem eum ratione neque.',0,'1973-10-20 03:41:55','1979-04-11 16:19:07'),(462,199,168,'Vel animi rerum non.',1,'2012-04-07 12:59:52','2007-06-28 22:32:04'),(463,97,27,'Eveniet ea sed et provident itaque atque incidunt.',0,'1988-11-26 05:40:49','1970-09-17 02:50:02'),(464,62,166,'Ex quaerat id doloremque adipisci.',0,'1974-08-11 14:17:58','1974-05-24 17:00:51'),(465,78,119,'Ipsa qui sunt fugiat sit.',1,'1995-01-31 11:15:01','1970-02-08 04:24:21'),(466,15,105,'Delectus odit sed ut illum vel natus sint.',1,'1996-06-27 08:55:38','2010-12-27 04:41:26'),(467,28,151,'Nihil est necessitatibus iste.',0,'1997-07-19 06:45:45','1982-06-20 17:16:48'),(468,3,49,'Et qui eveniet voluptatem maxime qui aspernatur.',1,'1990-04-13 10:57:30','1984-10-16 06:31:51'),(469,189,127,'Quasi iste aut enim aliquid.',0,'1989-09-11 13:21:03','1998-04-29 08:33:28'),(470,92,55,'Nobis occaecati omnis velit ad ut illum.',1,'1986-12-10 20:40:13','1994-03-13 06:00:39'),(471,1,191,'Odit fuga in est debitis ut sapiente fuga.',0,'1991-12-06 16:47:13','2012-07-16 22:01:23'),(472,99,7,'Et iure et iure quam consequatur tempore ut sequi.',1,'1999-12-23 07:41:57','1990-08-12 04:46:19'),(473,159,33,'Voluptatem expedita suscipit aut.',0,'1981-07-22 09:24:52','2015-01-04 10:41:53'),(474,176,67,'Incidunt quia voluptatem neque voluptatem culpa nesciunt.',0,'1983-08-21 19:14:02','1970-04-20 23:21:32'),(475,119,179,'Excepturi nam et eum eum ut omnis.',0,'1989-04-21 17:18:00','1999-01-10 07:10:11'),(476,110,190,'Ullam rerum maxime hic.',1,'1993-07-25 04:22:25','1978-07-14 16:09:52'),(477,134,108,'Et est qui id sequi laboriosam et.',1,'2018-10-25 20:17:54','2016-09-06 20:50:31'),(478,158,31,'Assumenda incidunt qui et voluptatem in illo.',0,'2014-03-07 03:24:47','2001-11-30 17:33:56'),(479,134,19,'Vitae sed et voluptate voluptate necessitatibus.',1,'1973-10-17 20:00:55','1982-09-01 17:46:33'),(480,197,12,'Magnam totam nisi veniam aperiam ipsam consequatur.',1,'2010-06-05 10:22:50','1980-02-18 21:49:08'),(481,138,11,'Facilis nulla quia eveniet eum impedit non.',1,'2001-08-06 06:00:33','2003-10-16 15:38:41'),(482,116,165,'In nisi laudantium officia.',0,'2012-03-16 19:09:40','1987-01-10 11:19:01'),(483,162,118,'Dicta qui error repellat inventore.',1,'2010-03-21 10:35:18','1993-07-04 22:53:36'),(484,14,150,'Dicta vitae reiciendis sint quia et molestiae ut.',0,'2001-08-18 20:36:57','2006-07-11 01:49:19'),(485,45,105,'Vitae dolorum quia rerum voluptatem eum.',1,'2003-10-03 09:35:44','2018-06-01 12:00:45'),(486,5,46,'Amet fugiat repudiandae quae rem saepe excepturi.',0,'1981-11-12 07:15:14','1978-06-15 07:11:10'),(487,95,104,'Repellat quos est ullam aut quod.',1,'2012-03-13 03:46:09','2014-01-31 04:20:34'),(488,53,54,'Maiores hic nisi iste dolor et cupiditate.',0,'1974-09-13 10:57:29','2002-12-03 06:25:22'),(489,137,28,'Temporibus vel ratione molestiae maiores eos rerum rerum.',1,'2020-07-15 02:52:29','2015-12-29 07:50:45'),(490,120,55,'Minus autem laboriosam numquam nemo nesciunt cumque atque deserunt.',0,'1996-08-11 01:04:31','1985-01-05 01:58:05'),(491,6,29,'Perferendis qui ea expedita eaque.',0,'2009-12-27 06:14:45','2009-06-23 09:12:46'),(492,45,140,'Voluptatem alias eaque voluptatem odit modi commodi.',1,'1978-02-27 05:46:34','1993-10-10 16:01:18'),(493,137,2,'Iste eum qui culpa amet id dolor.',1,'1995-02-07 07:38:29','1981-11-17 02:10:50'),(494,171,70,'Nam at beatae non a.',1,'2010-01-26 19:51:48','1977-06-01 07:31:04'),(495,21,167,'Corporis dolore necessitatibus culpa totam.',1,'1983-10-31 07:38:55','1991-09-11 01:19:56'),(496,81,158,'Natus voluptatem eum fuga necessitatibus et maiores qui quia.',1,'2003-11-04 09:05:42','1990-06-14 04:50:38'),(497,178,197,'Officiis harum ut laboriosam laudantium.',0,'2016-06-12 02:58:52','2010-11-22 06:06:22'),(498,123,139,'In qui sunt voluptate.',1,'2004-05-21 00:10:18','1992-03-09 20:12:32'),(499,115,136,'Consequatur accusantium qui id blanditiis voluptate.',1,'1985-02-18 02:58:42','1973-01-07 05:59:52'),(500,89,159,'Doloribus officia consequatur dolor labore.',1,'2017-06-10 15:38:43','2011-10-31 23:59:17'),(501,40,94,'Suscipit fugit eligendi voluptates aut aperiam rem quas.',1,'1981-12-31 02:48:37','1980-04-17 05:46:27'),(502,4,135,'Esse soluta autem aut est.',0,'1981-05-28 11:53:54','2008-12-30 18:56:58'),(503,197,56,'Sunt qui aut id possimus rem et.',1,'1988-03-22 20:25:59','1986-08-14 02:35:12'),(504,188,134,'Iure voluptates ut rerum et.',1,'1970-03-07 15:44:26','1994-10-28 23:47:34'),(505,83,108,'Eum quibusdam et voluptas eaque ducimus qui.',1,'1976-06-05 11:50:44','1971-02-21 23:08:19'),(506,188,89,'Voluptatem libero sed cupiditate molestiae.',0,'1976-08-30 08:23:27','2005-03-14 20:50:28'),(507,137,33,'Consequatur iste est aliquam.',1,'2005-06-02 11:26:49','2006-08-25 02:27:44'),(508,28,73,'Dolorem fugiat omnis quibusdam sunt velit.',1,'1977-10-13 23:40:38','2017-03-20 07:28:11'),(509,34,198,'Ut reiciendis iusto sequi.',0,'2015-01-27 05:28:37','1979-04-29 02:02:07'),(510,143,55,'Nemo voluptatem sint voluptatem minima qui voluptatem.',0,'2007-02-24 22:10:32','1972-06-01 04:05:02'),(511,165,23,'Tenetur velit facilis et quasi ad.',0,'1972-12-24 22:30:00','2002-11-26 19:21:51'),(512,12,142,'Quos odit cupiditate vel adipisci iusto doloribus ipsum labore.',1,'2008-04-06 19:32:29','1995-02-08 04:04:19'),(513,19,135,'Expedita consequuntur et dignissimos.',0,'2009-06-07 01:39:47','2001-01-18 00:14:55'),(514,81,134,'Rem et ex amet sapiente autem repellat.',0,'1980-02-04 02:58:40','2021-03-06 19:28:06'),(515,70,170,'Ex et recusandae dolor iure deserunt repellat est.',1,'1986-03-27 23:34:15','2004-08-22 14:31:04'),(516,92,110,'Excepturi cumque minus quidem sed.',1,'1979-01-26 22:08:44','2006-05-30 22:08:40'),(517,63,96,'Rem eum possimus placeat et laborum quia fuga odio.',1,'1994-04-09 04:01:09','2009-04-30 10:25:21'),(518,45,60,'Corrupti est nesciunt corporis nesciunt repellat.',1,'1980-07-24 09:58:59','1996-11-01 20:19:47'),(519,152,33,'Doloremque tempore eaque facere necessitatibus.',1,'2007-10-21 11:00:00','1998-08-22 12:54:56'),(520,193,35,'Ipsam praesentium vitae quasi vero quo ratione est.',1,'2006-08-21 09:01:13','1973-12-19 01:51:27'),(521,140,181,'Voluptatem sed dolor distinctio.',1,'1997-07-15 18:12:22','1993-09-02 12:56:22'),(522,123,76,'Et perspiciatis enim ut deleniti alias dolor.',0,'1985-12-06 19:00:14','2020-12-16 09:22:00'),(523,13,151,'Ducimus optio qui quia quis quos reprehenderit ut.',0,'1983-12-21 12:55:24','1994-09-24 17:50:20'),(524,148,47,'Quia consequuntur sed soluta sed accusamus ipsum.',1,'2001-11-10 10:03:13','1976-05-09 09:12:56'),(525,148,90,'Aperiam occaecati et est nemo ducimus fugit occaecati.',1,'2014-05-02 01:04:58','1996-06-09 10:27:03'),(526,101,113,'Voluptas animi reiciendis ad reiciendis.',0,'2015-08-29 03:22:16','1979-04-26 08:36:50'),(527,113,113,'Doloribus rerum consequatur et.',1,'1974-07-20 22:46:30','2010-11-09 03:06:48'),(528,55,132,'Autem vel odio ut nulla repellat culpa.',1,'1981-11-09 10:07:04','2009-10-31 09:24:47'),(529,47,135,'Cumque illum fugiat dignissimos dolorem minima similique autem.',1,'1992-06-28 21:33:00','1973-06-13 22:48:32'),(530,65,117,'Repudiandae iusto accusamus soluta assumenda voluptates similique eos laborum.',1,'1987-04-14 19:06:22','1972-02-24 21:52:13'),(531,105,157,'Voluptatem quia sequi atque id in.',0,'1983-02-11 15:04:32','1988-06-02 19:36:01'),(532,26,167,'Unde qui quibusdam sapiente magni.',0,'1975-06-22 08:36:47','2021-01-11 07:37:11'),(533,52,70,'Qui ab quasi ut quidem et eius vel.',0,'1975-10-25 08:00:14','2000-02-10 14:49:16'),(534,27,4,'Voluptatum voluptatem aut magnam et atque asperiores.',1,'2016-07-01 14:07:54','1991-12-25 03:18:57'),(535,102,19,'Quibusdam ut veritatis et rerum explicabo voluptatem fugit.',0,'1992-03-16 02:41:32','2001-08-01 17:42:41'),(536,38,42,'Velit esse repudiandae delectus laudantium blanditiis quia inventore.',0,'1994-12-17 21:20:42','1982-03-05 02:21:57'),(537,199,161,'Aut cum sit veritatis ut a consequatur dicta.',0,'2012-11-08 23:06:49','1974-08-21 10:56:35'),(538,117,12,'Iusto non quaerat ut veritatis.',1,'1983-02-11 09:40:59','1992-03-22 05:15:14'),(539,111,65,'Et et quia natus adipisci voluptatem.',1,'1984-01-16 06:19:44','2001-02-05 05:44:06'),(540,58,59,'Distinctio cupiditate fugiat quibusdam maxime id omnis et.',0,'1997-05-01 17:34:04','2014-03-18 09:53:49'),(541,155,159,'Adipisci enim deserunt molestias voluptatem.',1,'2020-06-28 12:13:05','1993-07-19 06:32:28'),(542,171,68,'Quos aut similique sapiente nihil cum dolores.',1,'1972-09-18 01:58:08','2004-04-25 00:18:52'),(543,71,26,'Et omnis est odio vero laboriosam.',1,'1992-09-15 04:36:06','1983-02-24 03:36:37'),(544,199,117,'Reiciendis laboriosam quia laborum sapiente eligendi odio fuga.',0,'2003-10-19 08:20:49','2012-03-29 19:07:10'),(545,160,64,'Molestiae et sequi rem fugiat numquam illo quis.',1,'2008-05-27 08:33:22','1981-11-20 00:47:06'),(546,33,65,'Et culpa nobis laborum laboriosam.',0,'1979-08-07 08:45:29','2005-07-20 21:35:18'),(547,20,59,'Reiciendis aut delectus porro veritatis quae et saepe.',1,'1997-10-05 02:00:09','1986-11-12 15:34:06'),(548,31,72,'Facilis perspiciatis repellat rerum aspernatur accusamus et enim.',1,'1996-04-22 22:14:15','1990-10-01 11:27:32'),(549,129,57,'Nihil repellendus veritatis explicabo.',0,'1988-08-27 06:06:55','1978-09-21 03:31:55'),(550,75,31,'Earum nisi numquam adipisci quos laudantium exercitationem quia.',0,'2010-07-08 04:53:02','1980-06-27 22:22:41'),(551,76,113,'Dolores libero dolorem asperiores enim unde quo voluptas.',1,'2010-03-30 03:04:23','1999-09-25 20:50:23'),(552,72,75,'Officiis est repellat blanditiis qui.',1,'1993-06-27 05:47:01','1994-02-07 03:17:30'),(553,73,189,'Qui eos laborum nisi ab ut illum ut.',0,'1991-01-18 13:22:15','1977-12-15 18:16:28'),(554,86,184,'Voluptatem consequatur dolorem debitis et quod esse minima quis.',0,'1971-12-25 15:06:34','1999-07-10 17:57:42'),(555,53,144,'Molestiae suscipit dolores aut ratione.',1,'1980-12-17 08:52:36','2004-01-05 01:18:56'),(556,43,8,'Sequi aliquam sit quasi et.',1,'2006-06-19 01:47:03','2002-11-05 16:28:17'),(557,102,14,'Qui quos repellat et minima odio.',0,'2011-06-06 06:26:30','2004-12-17 22:18:00'),(558,75,173,'Dolorum quia aut quis eos similique.',0,'2019-08-11 03:08:28','1975-04-12 01:39:21'),(559,39,73,'Esse repellat delectus accusantium dicta error deleniti.',1,'1995-11-07 17:05:51','2013-02-10 10:35:25'),(560,89,199,'Eos voluptas iste et debitis dolor quas.',0,'2015-12-28 16:43:23','2020-07-26 01:07:13'),(561,137,122,'Odio rerum rem harum vero.',1,'2016-10-23 12:20:21','2000-09-29 19:23:38'),(562,63,156,'Aut iure sequi maiores assumenda.',0,'1994-01-11 09:45:54','2010-11-01 18:14:21'),(563,180,94,'Et non doloremque illo tempore mollitia est.',0,'1981-09-26 12:24:15','1987-09-12 08:10:05'),(564,28,109,'Quis blanditiis quibusdam corporis perferendis aut tempora.',1,'1970-11-15 07:00:04','1993-10-07 08:18:27'),(565,151,103,'In officia quas non qui quia fuga sit.',1,'1988-08-01 18:36:48','1990-07-07 05:45:24'),(566,139,26,'Dicta illum nisi aut magni nihil molestiae qui.',1,'2004-12-11 09:25:43','1993-09-28 13:34:11'),(567,16,10,'Eius accusamus repellat voluptate deleniti.',1,'1972-04-20 11:03:51','2008-11-30 17:04:56'),(568,101,89,'Aperiam aperiam quos quos optio consequatur commodi ducimus.',1,'1983-04-03 08:31:49','1971-10-13 15:08:32'),(569,199,186,'Voluptas a vitae quasi.',1,'1976-07-22 12:53:35','1990-09-12 09:26:30'),(570,72,52,'Velit eligendi repellat aliquam voluptas exercitationem et.',0,'2017-07-04 21:14:50','2016-07-28 04:48:06'),(571,130,114,'Ipsum deserunt natus et ut nam ratione.',1,'1992-12-31 23:55:50','1994-11-11 16:27:30'),(572,59,32,'Rerum sint est aliquid illo dicta consectetur aliquid.',0,'1975-07-11 16:17:05','1970-07-12 05:42:22'),(573,128,133,'Recusandae blanditiis eum illum consequuntur.',0,'1979-02-15 17:04:49','1982-01-08 07:14:35'),(574,4,166,'Blanditiis asperiores ut fuga sequi est occaecati soluta.',0,'2010-12-15 17:18:50','1981-08-14 17:25:37'),(575,6,93,'Debitis ullam voluptatem quod rerum.',0,'1998-04-12 11:09:20','2020-11-10 21:41:47'),(576,164,143,'Nihil in nihil reiciendis voluptas commodi cupiditate.',1,'1978-01-07 01:08:15','1989-04-06 15:55:38'),(577,15,27,'Esse porro deleniti laborum eveniet molestiae.',0,'1990-02-14 12:31:46','1995-07-03 09:44:05'),(578,99,195,'Aut quis cupiditate possimus sit modi.',1,'2019-10-08 13:21:53','2009-11-01 13:31:25'),(579,120,126,'Et consequatur velit modi.',0,'1980-02-26 11:20:14','1988-03-08 08:53:59'),(580,103,70,'Et iure nostrum maiores velit voluptas quasi necessitatibus.',0,'1991-06-13 14:53:04','2019-01-10 11:03:43'),(581,29,41,'Ipsum dolor qui qui repudiandae nemo ducimus.',0,'1976-04-23 08:42:19','1985-03-11 10:45:57'),(582,96,44,'Rerum maiores voluptas sint explicabo praesentium rerum.',1,'2003-03-06 04:19:32','2003-11-22 17:50:01'),(583,51,196,'Beatae vitae aut reiciendis vel.',0,'1999-07-08 12:17:31','1985-05-10 16:29:28'),(584,132,49,'Error quia quaerat est quam alias sed et occaecati.',0,'1992-10-15 02:16:28','2012-08-16 23:31:00'),(585,182,3,'Minus at fuga eveniet.',1,'2000-06-10 08:00:17','2007-07-03 10:19:17'),(586,100,112,'Ea alias explicabo quia quos et totam quisquam.',0,'1986-09-10 22:59:29','2005-10-04 03:27:32'),(587,117,159,'Ut at quod ut qui voluptatem.',1,'2017-07-22 02:17:57','1975-06-30 19:14:22'),(588,143,44,'Sed rem quia cum ea error ipsum.',1,'2009-08-23 11:24:56','1986-11-19 04:19:53'),(589,92,147,'Explicabo excepturi velit in accusantium.',1,'1971-03-28 05:45:59','2018-05-27 14:06:06'),(590,10,98,'Molestiae veritatis in corporis.',0,'1971-08-08 06:24:52','2001-03-19 10:01:51'),(591,39,173,'Distinctio ex occaecati sint consequuntur et quibusdam atque.',1,'1972-09-09 06:19:49','1991-01-26 10:00:49'),(592,40,53,'Veritatis tempora vel maxime fugiat fugiat perferendis rerum.',0,'2003-01-05 13:22:19','1970-06-19 18:09:23'),(593,199,138,'Consequatur aliquid aut incidunt placeat itaque accusamus in.',1,'1988-09-01 20:24:12','1978-01-15 15:02:47'),(594,47,119,'Cumque ipsum quae doloremque consequuntur quia ut consequatur iste.',1,'1980-09-29 12:00:36','2017-08-21 19:06:05'),(595,63,149,'Non vel modi ad nobis.',0,'2007-04-29 15:05:59','2011-08-21 23:07:50'),(596,189,92,'Quo libero rem aliquam quia suscipit.',0,'1985-06-10 06:42:32','1972-11-16 18:36:53'),(597,190,84,'Pariatur aut necessitatibus iusto similique at.',1,'2008-02-18 01:57:19','1992-03-28 23:57:32'),(598,135,40,'Sunt aut et voluptas id eum odit nisi.',0,'2014-09-18 04:12:17','1978-01-18 03:39:30'),(599,80,66,'Necessitatibus eum est laudantium ut et dolor et dolor.',0,'2001-06-02 10:33:29','2017-06-17 16:14:48'),(600,89,62,'Veniam hic sequi eos consequatur dolor quasi.',1,'2013-04-21 13:47:31','1977-09-02 02:39:39');
/*!40000 ALTER TABLE `messages` ENABLE KEYS */;
UNLOCK TABLES;

--
-- Table structure for table `posts`
--

DROP TABLE IF EXISTS `posts`;
/*!40101 SET @saved_cs_client     = @@character_set_client */;
/*!40101 SET character_set_client = utf8 */;
CREATE TABLE `posts` (
  `id` bigint(20) unsigned NOT NULL AUTO_INCREMENT,
  `user_id` bigint(20) unsigned NOT NULL,
  `txt` text COLLATE utf8mb4_unicode_ci NOT NULL,
  `created_at` datetime DEFAULT current_timestamp(),
  `updated_at` datetime DEFAULT NULL ON UPDATE current_timestamp(),
  PRIMARY KEY (`id`),
  KEY `user_idx` (`user_id`),
  CONSTRAINT `user_posts_fk` FOREIGN KEY (`user_id`) REFERENCES `users` (`id`)
) ENGINE=InnoDB AUTO_INCREMENT=858 DEFAULT CHARSET=utf8mb4 COLLATE=utf8mb4_unicode_ci;
/*!40101 SET character_set_client = @saved_cs_client */;

--
-- Dumping data for table `posts`
--

LOCK TABLES `posts` WRITE;
/*!40000 ALTER TABLE `posts` DISABLE KEYS */;
INSERT INTO `posts` VALUES (1,47,'Sequi aut laborum vel velit molestias. Sapiente dolores magni aut. Repudiandae provident temporibus ratione minus. Impedit animi autem cum officiis beatae voluptatem eum. Perferendis sapiente dolor eveniet.','2006-10-04 01:40:58','1977-10-09 03:36:32'),(2,10,'Rem porro ad deserunt et nemo. Quia molestiae consequatur quam qui id delectus. Accusamus vel ratione voluptatem ullam. Ea qui sed accusamus qui similique.','1990-07-07 06:18:53','1990-04-30 12:41:05'),(3,11,'Quidem nihil animi voluptatem quae excepturi. Consequatur sit sed occaecati porro laboriosam dolorum voluptates. Sunt porro vitae veniam est et praesentium sed. Vero modi veritatis cum aspernatur.','2001-04-28 23:19:11','2015-05-20 06:48:06'),(4,169,'Et aperiam quia error rerum sapiente autem. Beatae quae repellat non quam eaque. Corporis eius ut eligendi placeat pariatur. At ut doloribus culpa hic ex.','1970-05-06 11:01:21','2003-08-13 13:37:01'),(5,49,'Deleniti omnis beatae consectetur inventore quo. Est architecto vero reiciendis dolorem aperiam. Beatae veniam quia vero distinctio architecto ea. Voluptatibus accusamus sunt expedita.','1979-10-13 08:02:27','1985-02-08 17:27:19'),(6,83,'Aliquid qui atque consequatur. Voluptatem ut cupiditate provident voluptatem omnis. Autem praesentium eligendi accusamus culpa corrupti vero et. Et quam incidunt quae voluptatem.','1979-11-18 06:10:22','1982-06-28 21:20:19'),(7,31,'Dignissimos incidunt velit fuga est tempora et ut quasi. Nesciunt nisi architecto blanditiis illum quasi. Et maiores laborum esse porro blanditiis ut.','1991-02-17 02:26:32','2017-09-06 22:16:52'),(8,110,'Dolorem et quibusdam quisquam. Cupiditate enim illo quo ullam. Et voluptate quae natus est aut tempora ut. Unde provident itaque ab doloribus vel.','1974-07-23 23:58:41','2007-03-17 10:33:51'),(9,118,'Eum ipsam optio ab dolor soluta non. Ullam quas hic qui aut. Optio est eius neque dolores culpa quisquam. Quia soluta qui sed nobis eveniet eos officiis reiciendis. Molestiae inventore ipsum et est voluptatum neque nemo.','1981-05-05 20:38:02','2004-05-18 22:48:40'),(10,115,'Et id voluptatem iusto nisi maiores et ut. Deserunt aliquam sed est autem fugit consequuntur molestias. Exercitationem deleniti ratione dignissimos impedit vel a praesentium. Neque id nostrum mollitia est laboriosam velit.','1979-06-26 03:05:07','2009-02-22 09:23:31'),(11,130,'Iusto cupiditate eius quis. Sint delectus porro et labore quasi. Et maiores molestias veniam numquam. In consequatur et voluptates neque officiis consequuntur.','1974-12-30 18:11:28','1993-03-30 01:05:42'),(12,32,'Error cupiditate voluptatibus eaque provident. Ipsum non quia tenetur. Quas quos velit dolorem vero. Iusto iure ab vitae enim ratione vero et.','2006-05-18 22:19:51','1980-06-22 17:08:07'),(13,53,'Illo repudiandae inventore sed id exercitationem odit tempora. Placeat et omnis voluptas rem quaerat voluptatem. Sunt laborum porro voluptatem qui. Omnis aliquam dolor similique tempora. Rerum amet quibusdam voluptates qui unde repudiandae rerum.','2016-08-29 21:02:02','2017-02-18 00:27:44'),(14,151,'Non natus enim quia incidunt. Vitae a delectus et eos ut aperiam modi quo. Autem unde asperiores aut deleniti facilis et. Dolor fugiat laboriosam maxime pariatur ad. Non qui repellat occaecati a fugiat.','1996-01-16 06:56:53','1974-03-06 09:48:45'),(15,33,'Tempora doloribus praesentium vel saepe ipsam. Non praesentium doloremque doloribus optio aut sint voluptate. Ullam ut ut sed qui at aut.','2004-04-16 20:25:48','2004-03-11 08:12:51'),(16,135,'Temporibus enim officiis numquam qui dolore. Temporibus earum non dolorum dolorum id quo blanditiis. Quod consequuntur harum unde et et nihil deserunt. Dolores nulla dolores aliquam non labore.','1985-12-28 04:24:45','1975-09-18 08:36:02'),(17,26,'Voluptatem dolorem et dolores esse aut id id. Nam repellendus voluptas molestiae architecto. Sint ut omnis at temporibus est aliquam.','1998-11-11 11:17:28','2018-10-21 18:45:38'),(18,130,'Aut perspiciatis qui ut et repudiandae quia. Eveniet autem nulla atque sed voluptas. Ut est consectetur est odio.','2000-04-03 07:59:12','1992-01-08 16:58:05'),(19,167,'Et dolorem sit dolores consectetur dignissimos quibusdam. Sint magnam perspiciatis libero libero quaerat dolorem itaque. Consequatur illo et id dolor.','1986-02-02 17:24:14','2009-06-09 04:09:42'),(20,41,'Enim voluptatem doloremque alias itaque id. Nam et architecto in necessitatibus ea et illum quis. Sapiente numquam nihil ad.','1987-02-26 19:57:21','2019-07-03 08:26:51'),(21,126,'Quae asperiores sunt laudantium molestias harum doloremque. Voluptas aut qui ab qui odit provident sed. Accusamus ipsum quis in aut voluptatem.','2002-01-23 04:49:15','1974-10-07 07:36:43'),(22,138,'Omnis voluptatem voluptatem magni. Alias rerum non eum odit ut. Molestias amet non non error. Voluptas dolorem et aut eum quo.','1980-08-10 22:06:56','2005-03-27 09:52:41'),(23,88,'Omnis quia sed ea voluptatem. Saepe ut et nobis. Sint suscipit nisi nihil asperiores nam tenetur. Cum maiores possimus rerum sunt repellendus.','2016-07-10 16:20:42','2010-04-01 22:00:13'),(24,98,'Laudantium laboriosam omnis est dignissimos. Optio saepe reprehenderit minima officia facilis vitae. Nulla beatae hic sunt porro molestiae facere voluptatem.','1982-04-07 18:45:45','1996-03-13 17:57:33'),(25,92,'Sint libero excepturi tenetur voluptatibus autem ut deserunt. Voluptate ut enim asperiores voluptatem. Laborum voluptatem et soluta sed. Reprehenderit iure omnis magni qui voluptate odit iure.','1987-01-25 06:26:58','2018-11-22 14:01:34'),(26,19,'Voluptatum nemo ipsam error voluptate hic necessitatibus nostrum. Aut blanditiis excepturi expedita dolorem. Voluptatem tenetur necessitatibus id quia accusantium aut magnam totam. Consectetur voluptas esse earum eum et natus.','1982-03-05 10:51:12','2019-11-14 21:14:32'),(27,140,'Minus suscipit iusto id excepturi. Est molestias aut rerum commodi dolor ut ducimus rerum.','1997-04-09 10:59:49','2004-04-12 21:40:25'),(28,104,'Dolorum sunt incidunt tenetur voluptatibus nihil eum nemo reprehenderit. Rem temporibus sequi ea voluptatem architecto. Excepturi quidem vel deleniti ea qui. Natus laborum quo qui ullam et ex.','2014-10-04 18:35:40','2007-04-28 21:23:04'),(29,44,'Et ut nihil doloribus voluptatem aperiam nisi quia. Aut dignissimos dolorem eveniet est. Est voluptas modi ipsam in quidem aperiam consequuntur. Corporis asperiores est odit et porro et.','1971-06-16 18:25:33','2015-11-10 00:25:15'),(30,78,'Voluptatem repellendus optio ad laborum. Qui voluptate voluptate suscipit quisquam reiciendis. Ducimus reiciendis eius blanditiis ut ea sit impedit. Similique suscipit esse sed odio officia provident.','2011-12-15 09:46:25','2017-11-18 20:59:26'),(31,114,'Eum minima blanditiis aut. Sequi dolorem quis non nulla voluptates veritatis et. Officiis consequatur dolorem maxime aut beatae. Quisquam aut quos amet.','2008-02-09 19:40:38','2008-04-08 15:20:48'),(32,90,'Quaerat nisi aliquam dolor sed labore error. Dolor minima dolorem fuga aut fugiat. Ut ut unde pariatur neque. Dolor aut aut incidunt doloribus est a. Voluptatem molestiae et dolore dolore.','1998-05-11 01:17:25','1991-09-04 12:53:04'),(33,87,'Veritatis aspernatur inventore earum ut deleniti culpa voluptas. Omnis incidunt dicta quidem natus distinctio. Cupiditate incidunt dolor repudiandae tenetur quasi ab recusandae. Autem quae et et velit enim vel. Et maxime sint laborum provident pariatur.','2017-12-06 10:59:26','1977-06-15 19:00:05'),(34,125,'Molestiae aut nam numquam. A illum excepturi soluta eum beatae accusantium quasi. Placeat veritatis laboriosam sed excepturi eos mollitia praesentium est.','2011-07-18 06:38:58','1988-11-23 06:20:24'),(35,59,'Ut omnis quisquam esse recusandae quod ea in. Nostrum consequatur consequatur et. Doloribus id quasi magnam ea eum et deleniti. Vel ullam sunt commodi sequi quam error. Autem voluptatem officia aut repellendus omnis ducimus est.','1982-09-24 12:42:25','1991-04-08 18:35:38'),(36,136,'In placeat ducimus cum harum voluptate numquam aperiam doloribus. Non adipisci similique harum quisquam sit deleniti beatae. Voluptate saepe non inventore est. Itaque autem aut voluptatibus.','2006-04-03 11:56:05','1979-04-07 17:00:24'),(37,7,'Eos sunt et quam aut voluptatem ut qui. Recusandae at animi doloribus maxime iusto. Accusamus minus est perferendis velit consequatur est. Aut ut laboriosam ut perferendis id culpa sit.','1999-03-18 23:47:48','1991-10-10 10:03:17'),(38,90,'Et et nesciunt dicta qui eligendi qui mollitia. Rerum optio aspernatur rerum qui rerum est nisi. Vero aliquam blanditiis eligendi illo saepe.','1984-12-19 00:25:44','1977-06-26 04:36:10'),(39,46,'Sed quaerat sunt quis. Non perspiciatis quis et ullam. Atque dolores dolore molestiae magni aliquam eligendi.','2010-12-30 13:21:37','1979-07-29 03:44:49'),(40,124,'Minima eos tempore qui. Error corrupti culpa doloremque aut fugiat sed corporis. Ut commodi enim doloremque nostrum. Doloremque excepturi fugit et blanditiis veniam excepturi. Laudantium sequi similique nihil a.','1984-09-15 12:10:38','1992-09-27 11:37:57'),(41,4,'Quas quod incidunt dolor dolores. Id alias aut quod sit voluptatem iste illum. Dolor voluptates fugiat enim cumque animi voluptas.','1976-03-22 08:42:16','1985-09-22 17:29:41'),(42,176,'Impedit labore in commodi tenetur eos. Doloremque accusantium neque deserunt ut. Eum aperiam doloremque dicta et minima pariatur optio blanditiis. Perferendis facilis exercitationem eos animi facilis veniam.','2001-07-25 11:41:20','1983-09-25 13:10:30'),(43,156,'Perferendis aut facere itaque non omnis aut. Sint laudantium consequatur est maxime provident mollitia maxime. Laborum eaque sed quos culpa.','2016-03-27 11:25:38','1991-11-27 08:17:42'),(44,56,'Modi dolore ullam ut quibusdam enim omnis. Quod et rerum quasi ut enim sed. Tenetur enim modi esse et ad nesciunt sed eaque.','2010-06-15 00:36:17','1995-03-23 16:39:24'),(45,126,'Alias a mollitia non. Quam aut voluptate dolorum et et facere. Ut animi incidunt ratione aperiam aut placeat.','1985-10-31 18:19:04','1981-07-08 11:38:55'),(46,189,'Et voluptatem qui id dolores error culpa. Ea amet velit adipisci quasi aliquam recusandae veniam. Consequatur debitis debitis quos recusandae.','1987-02-23 09:17:16','1995-01-19 07:41:01'),(47,191,'Dolorem repudiandae architecto sed dicta illum. Quod vitae corporis et. Doloribus quisquam rerum ipsam error perferendis tempora non. Quia et aut et nesciunt corporis.','2007-05-15 16:50:22','1988-10-27 18:45:58'),(48,152,'Quos est similique suscipit porro doloremque. Et magnam ducimus harum ut eius. Totam tenetur recusandae labore non aut beatae.','1971-04-26 05:51:13','2004-06-18 06:16:06'),(49,119,'Distinctio est non quo odio vel eos. Quo nisi similique in perspiciatis sed. Id saepe a rem sit optio consectetur voluptatem. Mollitia aut assumenda atque ullam quae alias est. Voluptas voluptas nobis repudiandae dolor sed facere et.','1974-12-01 12:49:30','1996-02-22 15:21:06'),(50,158,'Aliquid qui ducimus ea animi temporibus et distinctio. Id modi corrupti omnis et voluptas ut eaque. Corrupti necessitatibus optio eos soluta ab ad. Ipsum tenetur architecto doloremque.','1986-04-20 20:23:24','1973-11-25 15:52:21'),(51,192,'Mollitia est optio molestias ut omnis aut quisquam nisi. Tempora laudantium enim nihil incidunt. Quia numquam tempore sed ad repellendus corrupti. Sed aliquid itaque fuga quibusdam aliquid. Est qui corrupti iure id molestiae enim numquam.','1992-12-18 00:26:08','1985-08-10 22:48:18'),(52,44,'Quia saepe neque aut et molestias. Quos quam vero non omnis. Voluptas voluptatem voluptatem qui vel atque. Temporibus minus commodi omnis aut.','1972-10-26 10:10:54','1981-06-03 08:13:12'),(53,95,'Nulla eum animi aperiam illo velit expedita magnam. Omnis autem quis aut qui neque distinctio. Sit ea minima omnis sit molestias quos eaque. Iure autem et reiciendis ea explicabo et.','1974-07-23 07:32:14','2007-10-20 18:07:42'),(54,79,'Quidem totam veritatis incidunt recusandae ducimus autem eligendi. Quis soluta doloribus et voluptatem assumenda est. Et repellat ratione reprehenderit voluptatibus dicta eaque. Doloribus officia omnis qui facere nemo aut quam. Nobis distinctio quos maiores non.','1989-05-24 16:17:37','1983-03-03 17:24:20'),(55,141,'Eius impedit adipisci natus repellendus vel minus. Tempore similique qui voluptas et. Earum labore minima atque in. Perferendis consequuntur rerum eum eum omnis minima deserunt. Odio sapiente incidunt eos aut aut laboriosam.','1979-01-21 20:24:35','1984-05-18 12:21:00'),(56,186,'Magni quia vitae quo harum accusamus minus doloribus. Incidunt aperiam sit eum quia quia ipsa officiis. Quae ipsum repellat et est repudiandae et nisi nihil.','1972-03-30 06:23:25','2020-09-13 23:26:02'),(57,98,'Saepe praesentium molestiae perferendis dolorum occaecati. Aliquid ad error laborum beatae. Expedita eaque aut rerum eos.','2019-01-18 08:31:23','2006-11-21 17:20:26'),(58,81,'Est eum eum eveniet dignissimos ducimus. Eum quia earum illum necessitatibus laborum eos. Atque aut libero aperiam tempore amet vel et.','2010-09-18 16:22:47','1973-12-16 10:17:26'),(59,90,'Error voluptatem nobis iure corporis velit. Aut et a saepe id. Veniam expedita voluptatibus officia accusantium quia autem dolores. Esse dolor repellat qui molestiae.','1995-05-20 15:57:05','1981-04-27 15:49:18'),(60,141,'Temporibus ipsa natus at eligendi a. Ut ut dolore quisquam enim voluptates rerum. Culpa et quo ex alias non quam et facilis.','1973-12-19 17:30:27','1986-09-29 11:52:32'),(61,159,'Officia officia repudiandae asperiores voluptatibus. Maiores magni nesciunt quia earum veritatis dolor repellendus vel. Voluptate repellendus optio aperiam aspernatur hic voluptas incidunt.','1995-09-13 04:08:49','2005-04-14 00:50:47'),(62,3,'Vitae voluptatibus rerum necessitatibus amet inventore aut placeat distinctio. Est aperiam quasi deleniti perferendis iste. Maiores et velit est aliquam. Corrupti porro voluptas dignissimos consequatur.','1978-10-24 13:00:58','1981-08-05 13:25:30'),(63,31,'Voluptates iure corrupti atque ducimus pariatur quae. Blanditiis rerum quis corporis porro et. Unde et debitis sunt ipsum et at iste.','1972-09-11 10:25:23','2012-02-27 16:00:27'),(64,46,'Placeat non et distinctio assumenda voluptates. Ipsam sunt ut velit. Et quia perspiciatis et est nihil. Fugiat assumenda omnis quis nulla voluptatem molestias deserunt.','2014-03-03 21:18:46','1989-08-25 10:22:37'),(65,128,'Eos fugit cum aspernatur repudiandae. Qui dolores aut dolor quis soluta harum.','1991-01-26 04:32:28','2003-04-12 01:04:41'),(66,90,'Adipisci iusto aperiam voluptas accusamus beatae. Nobis rerum eveniet maxime quis alias excepturi. Dolor autem excepturi quisquam corporis ut iste provident eaque. Quidem et officiis consequatur corporis nisi est et.','1986-10-05 13:54:08','1997-03-16 14:39:42'),(67,182,'Dolor quaerat facilis suscipit omnis magnam quis. Placeat placeat autem rerum dolorem iusto sequi incidunt necessitatibus. Voluptates sed minus quos dolor porro. Molestias ad voluptatibus sequi quod culpa ex voluptatibus. Voluptatem qui animi sed nulla aut officiis ut.','2005-05-24 00:34:05','1988-09-26 23:54:08'),(68,135,'Expedita quibusdam ducimus id voluptas alias autem. Quod quibusdam et nihil repellendus. Aut tempora atque ut sed sed. Aut dolore omnis autem ut et occaecati. Rerum tempora autem placeat possimus soluta temporibus qui.','1971-07-13 16:05:54','1996-07-07 10:07:12'),(69,179,'Dolorem quia corrupti voluptate sint explicabo et. Et eos impedit dolorem eius. Nulla doloribus vel culpa maxime aperiam libero. Vel harum eum libero quia fugiat asperiores.','2004-02-09 16:33:36','2006-08-20 09:53:12'),(70,27,'Suscipit quasi perferendis dolorum ut. Praesentium soluta inventore reiciendis molestiae sunt. Accusamus odit sed eos rerum enim est amet tempore.','2009-01-05 07:27:37','2017-12-01 14:49:41'),(71,59,'Velit modi quo dolorem porro. Officia accusantium soluta possimus perspiciatis dignissimos fugit labore. Voluptates et sed dolores sit rem. Ad rem sed at labore amet eaque pariatur sapiente.','1987-03-23 11:13:25','2010-04-25 23:15:16'),(72,182,'Repellat velit excepturi neque eveniet est et. Consequatur et nam non harum totam. Atque maiores ipsa quis veritatis. Et odit eius dolores amet libero est. Sit repudiandae voluptatum voluptatem libero maiores.','1992-05-17 17:50:08','2011-02-06 05:45:31'),(73,3,'Officia ut pariatur modi illum explicabo. Exercitationem nihil laboriosam dolor eum ullam vel est aliquid. Qui ut ducimus natus amet voluptatem ipsam. Ducimus eos rerum repellat saepe exercitationem officiis.','1992-07-12 22:20:19','2003-09-29 23:10:33'),(74,14,'Nesciunt alias incidunt sint voluptatem est velit. Numquam ipsum possimus vel esse aut. Qui possimus in tenetur et.','2017-03-31 18:14:56','1998-12-09 15:50:27'),(75,38,'In fugiat distinctio expedita explicabo nemo aperiam. Veritatis quis ut non ea atque necessitatibus. Voluptatem ut qui quod dignissimos.','2012-08-29 18:18:33','1982-09-05 14:48:26'),(76,128,'Pariatur enim maiores placeat iusto fuga. Est labore qui aut molestias ut dicta. Ut quo fugit vitae numquam dolores sit. Ratione vel voluptatem sit expedita consequuntur sequi magnam.','2020-09-08 14:22:11','2015-04-04 22:33:06'),(77,3,'Vel pariatur voluptatem unde sunt laudantium quia est ad. Minus commodi saepe voluptates qui optio. Quia exercitationem soluta non sapiente in quis.','1992-12-04 22:53:21','2017-11-01 12:23:54'),(78,29,'Aut quidem tempore velit eos. Omnis modi necessitatibus ipsum deserunt explicabo similique quam. Adipisci aut quasi aspernatur magnam alias repudiandae veritatis repellendus.','2006-07-27 21:56:10','1983-12-07 16:52:34'),(79,79,'Asperiores quidem et quaerat sit aut distinctio. Fuga ullam est dicta mollitia. Impedit architecto iste ipsa maiores odio deserunt. Aut tenetur voluptatum mollitia ut et est.','2015-01-07 19:15:28','2015-06-12 17:09:40'),(80,121,'Ipsa quia et corporis est vero autem. Voluptas consequatur et adipisci officia mollitia tenetur. Unde iste similique debitis perspiciatis eligendi atque. Magni sunt et neque eum magni provident. Sed ea sequi enim et omnis in.','2001-12-10 19:26:54','1985-03-13 18:21:52'),(81,186,'Qui quos molestiae quam dolores sed voluptas. Doloribus nulla quibusdam nobis delectus consequatur cum vero.','1981-07-02 21:00:10','1994-12-31 10:56:55'),(82,70,'Et non qui voluptatem ea fuga id perspiciatis distinctio. Quos non nam molestiae ut. Et praesentium aut aut neque nam et.','2003-07-04 06:58:17','1972-12-08 10:50:54'),(83,165,'Accusamus quaerat quo quidem harum. Aut sit tempore voluptate reprehenderit. Ut quod saepe suscipit sint molestiae. Autem corporis mollitia aut eos ullam.','2019-06-17 15:16:39','1992-08-25 19:25:15'),(84,80,'Aliquam quisquam officia minus quia aperiam. Excepturi dolore labore dolor harum et. Nesciunt voluptatem sunt sapiente architecto quod.','1981-01-22 20:43:48','1993-12-06 18:05:29'),(85,149,'Est sit repudiandae labore autem commodi laudantium. Facilis amet maxime dolor eveniet. Tempora quasi velit omnis aut aut est molestias. Ut facilis rerum sit voluptatem. Quos voluptas quaerat tempora velit sit.','1970-06-09 08:49:05','1997-10-27 04:54:57'),(86,106,'Et adipisci delectus qui voluptate aliquam totam ea rerum. Aliquid explicabo vitae dignissimos explicabo nesciunt. Eligendi quia repellendus soluta sit.','2015-10-13 11:43:21','1993-11-30 01:57:26'),(87,66,'Ad earum quisquam est excepturi nihil cum vel. Delectus ex provident cupiditate saepe sit iste. Qui commodi quia aut qui nesciunt et est eum.','1999-07-06 09:58:58','1973-11-14 01:54:28'),(88,47,'Sunt voluptatem possimus harum veniam. Minus suscipit praesentium qui repellat. Qui dicta debitis dolorum reiciendis veniam. Voluptas et dolorem sunt et earum ipsa nulla.','2017-08-25 22:41:43','1992-07-12 14:39:11'),(89,187,'Exercitationem voluptates molestias fugit sunt rerum. Et facilis nostrum blanditiis ipsa nihil quod. Asperiores magni atque aliquid pariatur minima eum. Labore earum repellat corrupti.','1988-02-08 14:07:32','1995-10-10 14:23:27'),(90,155,'Non voluptatum mollitia deserunt officiis. Necessitatibus dolorum deserunt dolorem. Laudantium ipsam expedita et tenetur. Saepe labore voluptatem quia dolorem.','1994-10-30 11:45:29','1979-09-16 09:30:50'),(91,188,'Dolores recusandae voluptatem voluptatem voluptatem et non tempore. Consectetur facilis debitis voluptatem eum qui placeat nostrum voluptatem. Ut rerum possimus ratione eaque sunt voluptatem.','2011-06-28 19:47:50','2018-02-16 03:20:44'),(92,145,'Cumque rerum commodi quia voluptas reprehenderit culpa quisquam. Consectetur tempore qui cumque quae voluptatem autem. Aperiam sunt voluptates qui in officiis. Quidem accusantium nulla veniam praesentium nemo dolorem.','1988-08-15 22:20:25','1979-01-08 07:34:29'),(93,158,'Aut corrupti ad et quas voluptas excepturi ullam ut. Odit ut blanditiis dignissimos nemo quas vero dolorem. Nihil molestiae doloremque maxime voluptatem ipsa est.','2009-09-04 12:36:39','2011-09-18 18:32:40'),(94,18,'Qui dicta odit et sint velit exercitationem. Rerum dolorum ducimus optio voluptatem. Blanditiis eligendi doloribus sed impedit dolores veniam.','1976-12-13 13:08:44','1983-12-29 06:38:57'),(95,190,'Provident cum nesciunt dolore dolor. Excepturi praesentium aliquam quia quo debitis aut. Vitae et iusto similique. Dolor temporibus voluptatem quam voluptate voluptas et.','1997-09-23 06:52:43','2012-06-29 13:53:24'),(96,85,'Tenetur et et ducimus omnis eos. Praesentium expedita commodi odio aut voluptas amet. Dolore id omnis numquam qui officia ullam rerum voluptatum.','2005-07-19 11:27:31','1987-08-01 00:14:50'),(97,108,'Repellat reiciendis et odit asperiores magnam quis iste deleniti. Architecto facere excepturi illum voluptatem ducimus maxime voluptas. Ea illum nesciunt ullam et.','2011-05-21 04:44:19','1989-10-02 14:26:36'),(98,171,'Saepe odio soluta voluptates reprehenderit maiores sed. Est modi fuga explicabo eaque odio cum. Eaque minus qui voluptas sed officia in et.','1975-03-07 04:03:50','1974-12-19 23:37:49'),(99,19,'Voluptas temporibus cupiditate consequatur aliquid. Suscipit voluptatem et sunt magnam est. Cumque consequatur tempora est aliquid sapiente fugiat eum.','1981-05-10 08:40:56','1988-03-26 21:50:46'),(100,86,'Fugit temporibus aliquid consequatur est facilis cum incidunt. Blanditiis eveniet enim ipsam repellat nihil. Veritatis maiores quia aut et repellendus. Et aspernatur perferendis eaque rerum iste quibusdam voluptatem. Porro ut quaerat eos unde sit consequatur est.','1982-05-01 16:15:02','2020-03-10 21:13:37'),(101,198,'Neque sed soluta ipsa. Officiis non odit aut consequuntur. Distinctio amet et ea suscipit excepturi cumque.','2019-10-12 03:21:26','1998-05-29 21:15:40'),(102,77,'Repellendus totam quis consequatur aut. Corrupti veritatis ad quisquam aspernatur. Vitae molestiae unde nemo repudiandae quisquam eum.','2008-11-15 18:23:39','2000-03-29 04:46:32'),(103,68,'Iste iure aut eaque dicta. Dolores accusamus impedit harum sed. Fuga ratione ut iste modi quos impedit. Omnis possimus occaecati quas et modi.','1985-02-03 21:54:19','1982-05-22 22:08:06'),(104,200,'Unde aspernatur ipsa officia facere eos dicta ratione. Neque recusandae esse expedita nulla et eum magni quam. Velit iusto velit omnis asperiores.','2000-03-06 21:23:42','1988-02-28 06:34:53'),(105,91,'Laborum neque ut deleniti ea. Quaerat ipsum cupiditate quisquam amet officia eos. Molestias sunt rerum consequatur autem assumenda.','1980-11-23 00:19:23','2011-04-18 17:57:39'),(106,105,'Laborum aliquam deleniti aut adipisci. Similique ipsa occaecati quod voluptatibus omnis illum nostrum. Officia labore qui unde tenetur.','1970-05-25 23:55:07','2004-02-12 00:51:27'),(107,127,'Officia ullam ut et recusandae earum illum repellendus. Aut repudiandae ullam sit illum. Dolor non dolorem porro numquam. Veritatis dolores quo sequi est.','1985-11-30 21:05:47','1974-05-09 08:51:14'),(108,94,'Dignissimos molestiae molestiae ullam. Ut corporis quis accusantium commodi provident vel est. Ipsam magnam ut necessitatibus. Exercitationem enim qui et eos tenetur.','2012-08-27 15:15:37','2016-01-19 16:03:47'),(109,133,'Quos quo explicabo inventore sed minima qui. Minima id quae molestiae qui doloribus. Iste optio facilis nisi qui facere.','2008-02-12 22:57:09','1992-05-10 14:16:08'),(110,6,'Ea ea nostrum similique ea. Doloremque aperiam voluptas magni occaecati praesentium iste iste. Corrupti consectetur voluptatem blanditiis sunt voluptatibus sit.','2012-04-28 06:25:25','1993-02-07 11:58:35'),(111,14,'Id laudantium sed omnis delectus repellat. Quasi nihil neque sed cumque iure. Ut voluptatem tempora tempore.','2003-07-22 16:59:43','2002-01-03 09:40:37'),(112,119,'Aspernatur dignissimos accusantium nostrum quis voluptatem nesciunt nisi. Nostrum eum dolor qui dolores voluptatem voluptatem et. Illum modi commodi et facere aut.','2001-01-30 00:55:53','2004-02-16 02:19:25'),(113,76,'Nisi repellendus blanditiis et voluptate. Praesentium ut quas eos similique dolorum excepturi qui. Delectus nostrum sed ex ea architecto. Autem corporis consectetur porro est et non.','2005-09-13 19:45:22','2012-06-06 01:06:10'),(114,179,'Dolore in illum ipsum voluptas sunt. Molestiae voluptatem minima est rerum quod in est. Eum ut similique sit recusandae non harum rerum.','1988-05-07 23:32:35','2002-06-25 18:44:52'),(115,198,'Tempore facere tempore expedita omnis quos dolore voluptas hic. Blanditiis enim aperiam molestias tenetur.','2015-12-28 19:20:57','2020-08-10 09:03:35'),(116,25,'Sunt deleniti totam consequatur quo ducimus cupiditate. Quo dolor sit doloremque omnis id. Ab similique aut aut aspernatur aut. Illo voluptas atque nulla ullam.','1981-12-19 13:35:34','1981-07-22 20:57:09'),(117,84,'Molestiae voluptatibus sint dolores qui vero est. Omnis ratione excepturi quis eveniet eos. Eos aliquam vitae porro esse eligendi quibusdam rem adipisci. Adipisci sed qui fugiat veritatis non quaerat nemo. Omnis illo neque quo veniam maxime cum.','1992-12-30 09:48:13','2016-11-16 21:30:02'),(118,64,'Natus veritatis aliquam maiores hic ut consequatur. Atque aut facere vel molestiae amet praesentium. Natus qui alias omnis porro et. Sint ut cum molestias saepe aut reiciendis sunt culpa. Corrupti quisquam laborum quasi aut ut nulla id numquam.','1976-01-05 08:02:14','2020-10-30 14:42:06'),(119,71,'Aut blanditiis vel adipisci voluptas tempora in. Blanditiis reprehenderit fuga fuga reiciendis pariatur doloribus itaque. Vel quos facilis quae iure.','1991-03-09 09:30:59','1978-05-01 18:47:18'),(120,70,'Aut rerum quis qui voluptatem aut dolorem aut. Ducimus provident ut voluptatem tempora animi asperiores. Rerum ipsum molestiae magnam occaecati.','1983-02-08 12:19:59','1972-07-09 20:05:17'),(121,18,'Molestiae velit qui sit minima. Eius ipsa optio tempore aut iusto temporibus asperiores. Temporibus dolores temporibus voluptatum dolore. Sed eos quis laudantium quisquam dignissimos consectetur culpa.','2011-12-25 13:03:58','1975-03-28 01:30:00'),(122,58,'Illo quia non quos molestiae provident. Laboriosam harum vero voluptatibus nemo dolore at quo.','1978-03-04 02:23:37','2006-08-03 01:13:08'),(123,15,'Ratione doloribus tempora autem unde labore quo. Vitae reiciendis quo dolorem vel. Necessitatibus quidem laborum dolor nesciunt voluptates corporis non. Sed inventore aut repellat enim fugit natus.','1979-06-09 22:28:30','1975-06-18 13:13:16'),(124,176,'Aut nisi hic ut minus iste adipisci placeat. Minus quam facere sequi ipsum. Suscipit cumque mollitia ut vitae ducimus harum ipsa consequatur.','1998-06-14 05:55:16','1993-11-15 08:19:35'),(125,76,'Qui officia et temporibus minus et. Aut eaque et quas quis eos. Et porro voluptatibus in ipsam temporibus in expedita excepturi. Minus placeat accusamus consequuntur repellat ut sapiente enim. Aut officia ut natus vel dolorem debitis quisquam.','2018-07-12 08:10:10','1990-12-09 20:45:27'),(126,4,'Sit in voluptatem saepe eaque facere libero quos assumenda. Pariatur sequi et voluptatem voluptates aut eligendi. Explicabo laborum neque qui.','2001-06-16 17:37:13','1986-04-23 00:52:42'),(127,61,'Doloremque aut rem omnis molestiae. Consequatur veniam sed corrupti et sint.','1995-08-22 14:16:03','2004-07-24 04:54:31'),(128,183,'Incidunt quo totam unde necessitatibus assumenda voluptatem ea. Quos in atque eos animi voluptas beatae. Omnis et cum natus fugiat ut eaque.','1989-05-04 23:32:31','1983-10-06 13:46:27'),(129,175,'Reprehenderit voluptas omnis modi non. Voluptate fugit rerum qui distinctio officia nemo est. Unde et occaecati rerum blanditiis minus dignissimos aliquam.','2017-06-06 18:02:47','1976-03-09 04:02:17'),(130,79,'Qui voluptatem repudiandae necessitatibus accusamus. Ipsum rerum est eligendi eos quasi maiores. Eaque similique officia dicta magnam repudiandae. Enim maxime rerum rem dolorem.','2014-06-08 06:24:53','1999-03-01 10:22:09'),(131,69,'Dolore voluptatibus quibusdam et expedita mollitia incidunt dolores. Est rerum libero non accusantium dolores tenetur. Explicabo dolores quas accusamus ut. Exercitationem reprehenderit porro repellat eos quia voluptatem alias officiis.','1970-01-16 20:45:11','2009-10-07 10:45:53'),(132,172,'Iste veniam voluptate voluptas aspernatur quo aut mollitia incidunt. Neque qui cum reiciendis libero aut natus. Repudiandae error officiis facilis ea quis sunt ad. Distinctio consequatur repudiandae ducimus est sed et accusamus.','2001-05-11 03:01:18','1989-12-07 11:24:22'),(133,156,'Est ducimus quas deleniti nulla neque et omnis. Facere occaecati sint et eos quia vitae cum. Nihil totam distinctio officiis inventore esse eaque beatae. Quia eos et rerum magnam.','1993-03-22 09:17:37','1988-11-11 18:01:48'),(134,136,'Molestiae omnis odio incidunt. Et consectetur nemo et perferendis nobis. Voluptates doloribus doloremque dolores deserunt ex. Natus inventore at sit minus dignissimos sint sapiente.','2005-11-05 05:22:56','2010-09-19 02:48:17'),(135,171,'Exercitationem libero reiciendis fugiat et sint maxime eaque esse. Inventore velit quisquam odio accusantium dolorem aperiam at aut. Omnis ipsam illum id. Id sint et molestiae recusandae commodi.','2002-05-04 22:04:13','1992-06-08 16:47:39'),(136,47,'Fugit dolores temporibus in. Officiis delectus in quia veritatis odit ratione quod. Non id porro et ut eos. Voluptas distinctio tempore et porro eum maxime.','1997-02-03 00:18:42','1975-10-13 04:34:58'),(137,41,'Quaerat earum sequi et corporis nemo omnis quia. Distinctio aut aliquid explicabo ut blanditiis. Consectetur voluptate veritatis et ea maxime dolore.','2019-09-14 18:38:55','2001-02-08 09:44:06'),(138,98,'Voluptatem autem non et assumenda eos. Asperiores et in sit quam quas expedita. Aspernatur similique iusto ipsum sunt pariatur. Voluptatem voluptatem ea dolores deleniti velit voluptates facilis. Omnis officiis nostrum dolorem omnis fugit.','2002-09-16 20:34:36','2010-06-16 12:55:36'),(139,140,'Quaerat similique deleniti laboriosam odio. Est aliquam nam vel ut aliquid enim illum. Eius et accusamus sunt illum ipsam autem aut.','2018-04-10 22:55:28','1990-03-27 23:50:56'),(140,174,'Excepturi vel eum in reprehenderit blanditiis. Deserunt deserunt dolor nesciunt et sed nulla atque beatae. Omnis vel maxime eum sed et rerum. Id animi aut ut odit.','2002-12-11 18:11:09','1983-09-25 18:07:07'),(141,104,'Sed non sequi aut similique distinctio sunt corrupti. Porro qui maiores reprehenderit nesciunt necessitatibus rem non deserunt. A magnam adipisci quidem dolor aut quo cupiditate. Sit hic ipsam amet molestias repudiandae.','2019-02-10 10:22:22','1984-12-18 17:47:21'),(142,154,'Velit nisi quis blanditiis molestiae possimus alias. Consequatur est sunt iure dolor. Magni accusantium odio facere voluptatem magni.','1995-02-18 19:13:59','1995-03-20 14:19:19'),(143,93,'Qui cumque laboriosam qui voluptatibus velit voluptatibus et itaque. Earum pariatur aut omnis et fugit occaecati eligendi. Id sunt sapiente ab. Ab sed et ipsam et iure.','1985-05-27 11:52:20','2019-11-04 10:21:42'),(144,179,'Rerum vel recusandae atque atque quia atque. Vitae molestiae itaque minus libero laudantium rerum. Dolorem expedita voluptatem pariatur temporibus laborum autem.','1999-08-06 21:01:58','1986-01-18 05:09:43'),(145,133,'Nihil tenetur officia et deleniti quod. Sit odio dolorum veniam. Illo tempore beatae harum nam hic tempore autem rerum.','2020-04-24 02:19:03','1972-02-03 13:33:28'),(146,90,'Quas ipsam itaque ipsa aspernatur sapiente quia nostrum. Sunt ratione unde velit officiis facilis quo facilis. Quidem vero assumenda non.','2006-09-02 20:31:56','1997-11-16 00:15:35'),(147,3,'Modi voluptas similique iusto nulla enim. Quibusdam ipsa aut aut at doloremque non quia. Autem velit voluptate error rerum laboriosam.','1979-06-06 02:19:46','2018-09-20 14:11:59'),(148,17,'Dolorum maxime eum quod sunt perferendis expedita. Vero quibusdam ut sed vel mollitia quia. Similique aut ut sit non reiciendis itaque architecto. Quisquam quia nemo harum animi.','2000-08-17 17:22:48','2016-06-12 07:06:00'),(149,154,'Dolore et veritatis tempore et labore illum. Asperiores sit dicta sapiente eum sapiente odio deleniti. Illum quia voluptatem recusandae dignissimos labore et temporibus.','2014-06-05 17:29:43','1980-09-04 21:13:36'),(150,73,'Aspernatur nam necessitatibus sint cupiditate voluptas. Nam optio autem reprehenderit ipsum laboriosam. Non tempore saepe hic aut ut. Eum et laboriosam eum et ratione similique quia amet.','1976-12-25 07:35:27','1984-06-17 00:06:41'),(151,86,'Quo fugit voluptas ipsum explicabo. Voluptatibus neque quia dolore dolor maiores repellendus. Magni fugiat cum fugit et qui laborum explicabo asperiores.','1986-03-29 20:05:54','1989-02-03 13:54:22'),(152,172,'Et amet enim aspernatur voluptates aliquid consequatur autem. Soluta doloremque aut quam harum aliquam. Repellat et aliquid voluptates labore numquam eveniet.','2008-04-11 01:39:56','1993-09-07 15:59:54'),(153,131,'Distinctio corrupti architecto earum molestiae consequatur. Dolor in iusto blanditiis rerum. Quam voluptatibus aperiam enim distinctio est voluptatum ut.','1994-11-27 19:16:06','1977-07-29 00:35:32'),(154,101,'Quas beatae sit sunt eius autem. Eum reprehenderit eaque ea et. Ut quia laboriosam consectetur est. Consectetur error saepe ipsam aspernatur voluptas.','2019-12-26 21:26:25','2019-09-22 23:50:17'),(155,147,'Quo suscipit eos suscipit occaecati doloribus distinctio et. Deleniti eveniet odit sit vero. Perferendis qui sit quasi rem et sapiente et voluptatibus. Distinctio voluptatem nesciunt itaque veniam.','2011-02-21 09:01:15','2008-11-15 23:41:01'),(156,6,'Accusamus quibusdam voluptate sed quo. Cumque necessitatibus adipisci tempore. Minus ut qui non officiis.','2003-09-11 23:40:27','2005-10-09 13:12:19'),(157,105,'Aut repellendus autem dignissimos similique esse eius ex. Deleniti ea consequatur perspiciatis voluptas voluptas. Nostrum aut voluptates nulla voluptatem quis minus molestiae. Amet est veritatis cumque voluptatibus facere quo explicabo.','1981-01-09 10:18:46','1998-05-14 20:55:33'),(158,7,'Mollitia consequatur rerum est quo et. Sed animi vitae et voluptatem voluptatem. Facilis tenetur aperiam omnis velit. Neque officiis sit commodi nihil quam consectetur. Non aliquam enim rerum magni repudiandae sit.','1996-12-19 14:00:42','2005-12-26 08:48:52'),(159,189,'Iste quibusdam omnis possimus ut sunt atque dolorum. Ut a explicabo laboriosam eveniet doloremque voluptatum. Omnis ipsum delectus aspernatur deleniti voluptatibus harum. Alias sit doloremque quaerat quae labore dolor.','1996-06-13 16:01:07','1995-05-22 04:28:57'),(160,79,'Debitis omnis perspiciatis pariatur saepe ipsa. Dicta laboriosam eum sint sed consequatur assumenda possimus occaecati. Voluptas vitae porro consectetur doloribus tempora commodi aut.','1972-08-05 21:17:25','2021-02-21 19:02:12'),(161,86,'Veritatis aut eaque dignissimos id debitis in. Officia ut velit a. Repellendus voluptas tenetur doloribus aut. Ut soluta dolores sunt voluptatem illum aut.','1999-09-27 03:10:05','1992-07-04 13:03:45'),(162,57,'Sed officia eaque labore numquam possimus. Porro vel placeat voluptatem dolore nobis. Quae architecto expedita aut veniam. Quo est expedita velit qui repellendus aliquid quisquam.','1972-03-27 17:49:41','1993-11-22 06:58:58'),(163,51,'Aperiam sunt eum quo dolore est neque. Labore assumenda unde sunt dolores facilis non. Quo possimus maxime reprehenderit sit. Eligendi animi ut earum dolor recusandae quisquam sit cum.','2020-02-13 05:07:26','1989-02-04 05:02:09'),(164,42,'Deleniti libero harum quos nemo mollitia nostrum. Architecto est repellat quo ut. Voluptatum quia aspernatur quaerat ex itaque ut deserunt. Aspernatur consequatur eveniet reprehenderit hic voluptatem enim delectus.','1988-07-27 17:19:43','1970-05-27 21:26:38'),(165,193,'Ut et magni perspiciatis dolore voluptatem autem ut. Provident sit eligendi quisquam laudantium corrupti qui aliquam. Ut illum nostrum sunt beatae quo tenetur.','1972-01-22 03:14:09','1974-09-28 02:52:36'),(166,22,'Sit aliquid id repellendus repellendus. Porro libero reiciendis sunt voluptate ipsum recusandae quibusdam et. Corrupti recusandae iste mollitia odit. Libero veritatis nulla in est.','2008-02-27 13:07:03','1983-08-14 04:21:02'),(167,89,'Minus quis nostrum architecto deleniti. Explicabo adipisci accusantium impedit possimus officia aut. Consequuntur id fugiat dicta architecto hic.','1990-11-21 10:59:50','1982-11-14 16:17:04'),(168,34,'Dolorem vero minima delectus rerum nostrum ullam. Consequatur ut maxime fuga expedita quos reiciendis.','1978-11-27 21:39:59','2009-07-10 12:47:38'),(169,120,'Incidunt rerum veniam blanditiis nam assumenda. Est aut ducimus ut qui omnis quo ipsam.','1989-05-09 12:40:21','2000-11-07 06:10:33'),(170,28,'Eos exercitationem velit dignissimos eos. Maxime repudiandae perferendis nemo voluptatem harum praesentium.','1997-08-07 08:42:31','2018-04-19 12:19:48'),(171,7,'Magnam asperiores reiciendis quas repellendus tenetur omnis unde. Eum saepe quia ratione dolores et similique dicta.','2017-01-16 05:46:45','2009-09-16 05:58:48'),(172,23,'Ipsam impedit neque accusamus voluptatem. Veniam et non voluptate quidem enim quos. Ullam hic deleniti eaque aperiam ut. Iusto maxime accusamus nulla modi.','2008-05-11 15:40:14','1971-09-11 04:18:53'),(173,182,'Labore facilis autem soluta dignissimos. Nisi eaque non corrupti voluptatem. Velit facere et a hic nemo mollitia. Et similique esse itaque optio soluta minima.','1975-06-19 19:48:54','1974-01-08 04:39:36'),(174,99,'Iusto qui labore voluptatem perspiciatis aliquid. Harum repellat facilis nihil molestiae sunt omnis esse. Cupiditate repudiandae quidem ducimus error. Nisi ut natus dolorem quidem voluptate saepe.','1991-01-08 22:17:24','2012-07-24 11:29:40'),(175,1,'Animi molestiae repellendus non totam ipsum. Exercitationem aliquam omnis placeat molestias id ab. Sint eos ipsa ipsum. Officiis provident atque est aliquid nesciunt atque facilis.','2015-02-18 05:08:17','2008-03-10 21:32:03'),(176,114,'Sint saepe in odio consectetur voluptates consequatur modi. Autem voluptatibus aliquid quisquam aut reprehenderit quis ducimus. Dignissimos esse et laboriosam eligendi cum.','1993-03-07 10:08:24','1971-03-15 19:39:11'),(177,189,'Enim voluptatibus consectetur est totam nesciunt. Temporibus aut commodi non dolor aut. Quod tempora sit molestias laboriosam maiores qui.','1998-08-25 02:45:16','1977-01-29 10:18:46'),(178,3,'Cumque eum impedit suscipit quibusdam. Rerum qui sapiente possimus quaerat molestiae qui. Tempora non nulla incidunt.','1995-06-24 02:06:36','2005-11-29 08:57:53'),(179,130,'Non eum fugiat quasi assumenda molestiae cum dolore. Sed amet repellendus dolores officiis. Iure dolorum corrupti assumenda aspernatur architecto placeat.','1974-09-16 12:49:07','1979-11-01 10:36:00'),(180,143,'Non aut rerum ducimus assumenda labore. Laudantium ab asperiores minus temporibus. Dolor temporibus porro pariatur. Voluptatem sapiente blanditiis non enim quis quod.','1983-11-23 23:40:13','1994-05-30 20:22:25'),(181,76,'Fugiat eos qui exercitationem dolores nam esse dicta. Assumenda et voluptatum ut sed velit. Sed voluptatem rerum debitis itaque rerum tempore doloremque. Quam temporibus rerum consectetur error.','1980-09-07 19:31:28','2014-07-05 09:05:10'),(182,16,'Rerum qui perferendis rerum qui et consectetur. Cupiditate rerum aliquam natus nihil iusto et aut. Quia temporibus consequatur autem incidunt illum at recusandae.','1980-05-16 07:02:00','1988-09-24 06:42:39'),(183,114,'Eum praesentium fuga dolorem ad est. Facilis aut ut quia ut est ipsa.','1998-10-04 16:06:27','1976-07-14 13:03:09'),(184,6,'Dolores magni praesentium sunt quae repellendus ea voluptatem. Voluptatem qui rerum est voluptas. Accusantium eos sapiente nihil excepturi quis.','1987-12-07 12:49:55','1999-09-28 02:36:38'),(185,117,'Eum dicta enim aliquid suscipit. Cupiditate aspernatur harum nesciunt officiis inventore veniam. Ut corporis tenetur beatae magni aut similique. Et voluptas numquam assumenda est at expedita.','1992-07-29 20:39:53','1984-12-09 03:22:59'),(186,60,'Ab delectus voluptate quo commodi numquam quia sunt. Cumque corrupti tempore reprehenderit doloremque. Ipsam tenetur autem ut omnis dolores. Maiores dignissimos magnam alias nemo et illum.','1988-01-08 10:06:20','1980-07-09 02:29:07'),(187,12,'Distinctio nulla tempore culpa libero. Qui aut aut corporis iure voluptatem autem deserunt. Et placeat sint et ea. Ea dolores alias quisquam similique.','2019-05-04 10:29:11','1991-05-20 04:59:32'),(188,21,'Enim et a omnis voluptatum. Repudiandae sint occaecati omnis error. Nam quia culpa rerum voluptatem impedit explicabo recusandae. Ad est rerum delectus et dolor perferendis.','2018-12-09 06:50:58','2017-02-19 09:42:12'),(189,67,'Rem voluptatum facere ut non adipisci eum deserunt. Nisi et ut ducimus facilis veniam a minus. Culpa rerum ut quidem. Modi aut laboriosam aut dolores alias asperiores consequatur.','1985-08-22 00:38:50','1972-09-03 17:51:08'),(190,200,'Dolor aut fugit qui ipsa est dicta sed. Eum labore qui voluptates sequi cum qui neque. Qui facere consequatur odio exercitationem laudantium itaque.','2016-08-30 08:12:37','1984-09-05 21:07:43'),(191,100,'Ullam libero et culpa accusantium sed dicta repudiandae. Similique aut perspiciatis dolores. Et repellendus nobis labore qui aliquam. Nulla consectetur quia nobis optio.','2019-11-06 22:53:27','2011-09-13 11:25:30'),(192,153,'At iusto eligendi nemo distinctio dolor eaque. Corrupti omnis voluptatem labore et.','1981-10-25 07:21:52','1984-02-01 01:03:36'),(193,56,'Distinctio repudiandae consequatur eaque qui aut. Qui illo non praesentium tenetur incidunt quia modi. Ducimus autem beatae nisi illo reprehenderit provident sapiente. Et ut nisi omnis soluta.','2017-09-02 00:01:08','1988-03-31 14:46:38'),(194,150,'Consectetur sint provident et vero praesentium maiores ratione. Consequatur nobis numquam odio quia vel. Sunt inventore sint tempora optio. Optio quasi consequatur repudiandae dolorum doloremque.','1979-02-21 03:27:20','2015-11-29 20:29:12'),(195,194,'Distinctio amet sint magni voluptate quibusdam facilis. Voluptatem rem eum ullam reprehenderit.','1976-10-01 06:03:14','1988-05-29 02:35:30'),(196,49,'Error iste eaque quidem cupiditate. Non nostrum quisquam id aliquam soluta maxime aliquam. Aut inventore sed iusto rerum vel veniam. Explicabo modi odio alias facilis consequuntur perspiciatis quia. Sed sint esse sed provident.','2015-12-20 17:14:04','1978-02-19 10:14:01'),(197,172,'Beatae velit quae quam aperiam. Unde recusandae aut est earum est ab. Aut ipsam aperiam nesciunt perspiciatis aliquid laudantium. Fuga accusantium facilis dignissimos ut.','2000-03-15 04:01:34','1998-08-21 15:28:43'),(198,82,'Qui quisquam at non. Fugit voluptatem in autem labore voluptatem. Minus est sequi at omnis enim. Dicta et fugit aut quisquam.','1974-01-27 18:59:58','2011-05-31 18:35:13'),(199,82,'Porro dolores fugit quibusdam accusantium nulla odio. Similique similique natus nam a et ut dolorem.','1972-08-21 06:34:50','1981-05-23 21:38:30'),(200,91,'Reiciendis nam quidem sit eveniet. Provident quis vero quisquam doloremque. Vero et quasi dolorum dolorem. Soluta non voluptatem voluptate.','2017-07-27 01:45:50','1976-07-30 04:17:55'),(201,110,'Repellat ab debitis nobis vero vel voluptatum similique. Ab cum rem odio eveniet vero. Corporis occaecati dignissimos est dicta dicta.','1998-02-01 04:06:32','2013-02-07 00:27:35'),(202,89,'Facilis velit at aut blanditiis. Quibusdam exercitationem porro eveniet eius vel. Voluptas ex velit soluta esse.','1987-04-14 22:58:23','1989-11-26 12:52:32'),(203,113,'Fugiat voluptatem reprehenderit sunt aperiam itaque illo. Ipsum nulla consequuntur neque. Molestiae harum dolorum et hic at qui itaque blanditiis. Maiores quasi architecto repellendus quidem in quia.','1979-03-20 09:36:11','2006-09-09 05:30:21'),(204,92,'Et delectus odio modi a illum. Quia voluptate perferendis quibusdam dolor aspernatur est placeat commodi. Voluptates perferendis et est dicta.','2001-11-22 20:52:43','2014-12-02 20:33:12'),(205,188,'Aut aspernatur libero repellat aliquid error ea. Ipsam et sequi laborum temporibus et. Consequuntur reprehenderit in aliquam aut error ipsam debitis. Recusandae sed totam commodi nostrum sed qui porro dolor.','1970-03-22 15:01:24','1976-05-01 03:43:10'),(206,113,'Accusantium et consequatur aliquid exercitationem tenetur necessitatibus aut. Ratione aliquid et ea est. Laborum eaque omnis facilis reiciendis provident.','1998-01-18 13:26:07','2007-08-30 06:30:53'),(207,6,'Sed atque nulla voluptatem. Sed ut autem iure voluptas totam. Ducimus asperiores et quam voluptatibus ut asperiores iure. Et ratione officia ab occaecati.','2017-01-15 14:31:51','1995-01-05 08:03:48'),(208,176,'Commodi sunt voluptates sint quia autem. Amet nesciunt est incidunt at corporis est nam. Et asperiores tempora quasi et recusandae repellendus.','1976-12-29 15:09:32','1989-02-27 15:57:48'),(209,116,'Et odio qui aliquid quasi quod voluptas aut. Ut minima doloribus porro molestias et. Aut sed dolorum hic incidunt quaerat. Nisi et qui id expedita odit dolor ea.','1989-06-07 16:09:46','2010-02-07 15:20:54'),(210,136,'Repellat et et id dicta eius aut quia sed. Labore eveniet voluptatum non tempora et aliquid libero. At quaerat iste perspiciatis est temporibus.','1970-01-23 08:49:47','1980-11-03 16:24:06'),(211,119,'Tempora quidem ut blanditiis. Sed veritatis rerum fuga repellendus eum natus doloribus repellendus. Non voluptatem eum repellat veniam eum sed debitis magni.','1990-09-14 23:31:42','1998-01-14 02:44:08'),(212,192,'Dicta harum itaque odio maiores repellat id sapiente. Aut est quis et commodi ut est eius. Et quas quia eius sint corrupti reprehenderit atque.','1980-08-26 00:56:12','1992-05-11 12:20:03'),(213,152,'Voluptates ut vero cupiditate eum vitae veniam. Nulla incidunt voluptatibus recusandae et iste aut. Ut ea accusamus nemo recusandae qui.','2007-08-02 02:22:43','1973-09-14 16:33:14'),(214,32,'Sapiente ut quae et vel quis rerum. Ipsa et atque optio ut. Suscipit magni est consequatur ut iure corrupti. Voluptatem dolorum omnis et aliquam id corrupti.','2008-08-08 09:41:46','2002-01-22 07:49:54'),(215,197,'Iusto cupiditate ipsa ut doloremque omnis cupiditate iusto omnis. Asperiores et doloribus esse similique vel veritatis. Tenetur laudantium pariatur eos architecto rem.','1995-03-13 05:17:14','1982-07-04 18:18:11'),(216,68,'Id molestiae corporis dicta accusamus natus voluptas consectetur. In vel ea et illo debitis aut magni.','1971-03-14 21:05:00','2016-08-09 10:29:40'),(217,92,'Repellat id sed ut. Non est eum provident dolorem et. Fugit sit reprehenderit pariatur occaecati cupiditate neque et. Et dolorem debitis vel totam fugiat at.','2015-07-16 21:46:23','2001-06-25 08:30:38'),(218,8,'Earum perspiciatis et perferendis numquam nulla. Qui provident hic laborum sint numquam ab. Delectus ut eaque rerum aut. Voluptatem doloremque magni voluptatem quos odit cumque.','1981-05-18 07:48:09','1988-05-02 11:50:19'),(219,89,'Unde culpa praesentium vel et et. Quis non molestiae quis. Quia et et odio et autem blanditiis ducimus. Nihil quae rerum et natus.','1986-07-13 01:21:04','2015-06-01 08:29:59'),(220,159,'Id distinctio illo corrupti nostrum tempora. Iste exercitationem nam sint voluptatem impedit repellendus nisi. Maiores eius nobis est. Et quia molestias ut quisquam placeat.','1979-11-14 02:25:06','2013-09-19 11:18:37'),(221,8,'Est exercitationem nulla nostrum fuga laboriosam commodi quo vero. Architecto molestiae dignissimos consequuntur eaque. Natus ut possimus minima. Culpa laudantium ducimus quo saepe ex soluta reprehenderit commodi.','2013-06-22 05:43:32','1979-05-04 01:40:32'),(222,188,'Sint non id amet ut iusto hic. Odit debitis perspiciatis consequuntur est. Sunt occaecati sequi sed facilis aut.','1991-06-14 14:11:21','2002-12-26 12:23:41'),(223,111,'Qui minus nesciunt praesentium enim error fugiat. Ut qui qui rem voluptatem accusantium iusto voluptas. Aperiam enim debitis non eveniet. Hic nisi minus quaerat non laboriosam voluptatem.','2012-05-16 15:16:39','1987-05-29 04:46:14'),(224,63,'Cum incidunt voluptatem velit voluptatem nostrum. Enim rem neque ducimus non reprehenderit temporibus. Dolores consequatur placeat expedita ipsa vel est. Ab omnis aut natus qui ea placeat maiores nam. In ut corrupti nobis omnis eos et.','1995-01-13 13:56:31','2015-04-30 21:25:34'),(225,138,'Id ipsam saepe omnis rerum deserunt ut incidunt. Et optio cupiditate laboriosam dolorem praesentium sed quia voluptatem. Corrupti minus minima accusantium officia. Aliquid hic sed rem sit eum est qui laboriosam.','1977-05-04 01:47:16','1986-05-31 09:32:44'),(226,104,'Vel tempore et hic voluptas. Ut eos quia fuga non esse reprehenderit ut et. Nihil aliquam odit nihil debitis eum. Dolorem ipsam sit reprehenderit alias voluptas iusto.','2012-02-28 21:29:00','1970-07-23 08:12:48'),(227,111,'Est dolorem ad ut nisi. Alias porro quas aut incidunt aut.','2001-02-11 06:51:47','2008-01-27 17:26:32'),(228,109,'Et nihil maxime voluptatum nisi omnis. Ipsum facilis et molestiae molestias. Quas facere quisquam rerum repellendus ut voluptas dolorem.','1972-09-19 15:40:24','2011-06-21 01:18:30'),(229,186,'Tempora autem ut impedit vel beatae aut. Iure facilis expedita consequuntur aperiam veniam. Et eum molestias ducimus voluptate.','1977-07-13 05:45:43','1991-02-14 13:52:39'),(230,193,'Nihil id est dolorem. Explicabo dignissimos asperiores voluptas a et architecto minus ipsam. Assumenda expedita sed et nulla quia laboriosam. Incidunt aliquid porro reprehenderit voluptatem ullam aliquam.','2001-04-04 20:47:41','2004-09-13 13:55:07'),(231,200,'Ad laboriosam nisi dicta quia eaque ipsam deleniti dolorem. Qui aperiam aut consequatur porro officia. Dignissimos dolores sunt cumque at error adipisci.','1999-01-22 04:06:18','1975-01-19 01:32:56'),(232,96,'Explicabo sit totam in totam. Ipsam placeat quaerat rerum perspiciatis modi veritatis exercitationem. Facilis nostrum mollitia est quia iusto vero officia. Fugit vitae sequi quia.','2002-04-16 02:52:35','1994-11-25 05:15:13'),(233,81,'Libero suscipit et enim ut nostrum. Illum qui aperiam sed aliquam nostrum. Unde expedita eaque neque modi. Alias illo quidem ex alias praesentium ut.','1988-03-24 18:02:56','1970-07-08 13:57:07'),(234,112,'Delectus libero provident sapiente velit labore reprehenderit. Saepe et tempora odio necessitatibus aut dicta ipsa ducimus. Qui et dolor et et in sed. Illum repellendus exercitationem est quisquam magni blanditiis error.','2016-08-28 11:03:44','1999-10-31 15:04:02'),(235,187,'Cupiditate vel hic odit quasi ipsa omnis ullam. Eligendi necessitatibus aliquam omnis est dolor laudantium quia. Totam asperiores nam rerum dolorum et aut illum suscipit.','1999-04-01 22:49:47','1996-01-11 02:21:08'),(236,68,'Doloribus ut mollitia harum ut quas explicabo. Qui suscipit quibusdam ut. Earum ut doloremque fugit.','1999-12-06 06:03:08','1983-02-28 05:40:12'),(237,25,'Similique aut earum qui nam. Distinctio omnis repudiandae doloremque doloremque dolor tenetur nemo. Dolores numquam est qui enim labore non autem.','2009-05-16 22:40:35','1999-10-05 16:22:57'),(238,193,'Enim ipsam soluta ut quos quos quaerat itaque aut. Est et repudiandae aut illo occaecati enim quis. Cum et et minima sed ratione vel.','1990-04-20 12:24:23','1999-04-07 08:11:42'),(239,44,'Blanditiis excepturi nulla alias maxime consectetur recusandae aut. Nihil fugit vitae debitis eum repellat ea quis. Molestiae inventore nam nobis dolorem quae voluptas. Aut accusantium a ut aut.','1975-12-22 13:22:24','1981-11-09 14:33:16'),(240,140,'Dicta sit delectus totam. Reiciendis quia nulla ad consequatur minima reprehenderit.','1973-04-17 15:28:19','2000-09-05 16:50:09'),(241,128,'Est officia dolor non officia accusamus voluptates minus sunt. Commodi ipsum quia commodi. Enim et architecto culpa nesciunt assumenda in est ipsum. Inventore atque enim iusto incidunt iusto.','1970-11-22 19:53:53','1970-04-26 02:04:24'),(242,162,'Sit minus sunt magnam quibusdam qui voluptas voluptates. Sunt et qui cum sunt nulla. Quaerat ut quia amet eum aperiam et. Quibusdam iure sit ut impedit illum.','2008-09-18 02:59:57','2005-11-14 21:57:45'),(243,132,'Laboriosam est voluptas ea dolor repudiandae consequuntur ducimus. Consectetur consequuntur ab necessitatibus omnis qui rem facilis nam. Ipsam consequuntur aspernatur minus adipisci.','1993-09-16 14:09:46','2007-08-25 12:32:49'),(244,80,'Et explicabo cupiditate totam assumenda quae et ad. Autem enim quisquam et id voluptates a sunt. Non aut autem sed delectus neque ea suscipit earum. Possimus voluptatibus asperiores quia voluptatibus aliquid facere sit.','1997-12-11 06:54:58','1984-01-06 21:03:12'),(245,193,'Assumenda accusamus vero veniam laboriosam vitae omnis. Sed earum est rerum qui repellat dolorem cupiditate sit. Voluptatum et neque occaecati ipsa qui saepe tempore.','1973-07-02 15:47:58','2016-05-06 17:15:16'),(246,128,'Aut consequatur occaecati dicta aut corrupti earum ullam. Ullam et ea quidem expedita consequatur dolorem voluptates quia. Neque tenetur dolor non voluptatem incidunt vel autem.','1994-04-29 03:33:29','1987-06-28 08:04:55'),(247,147,'Quis necessitatibus eaque corrupti voluptatem similique. Possimus cupiditate dolorem quibusdam neque alias nulla. Odio vero fugiat natus tempora necessitatibus fugit omnis. Dolor ullam soluta non in.','1982-08-07 07:14:03','2006-07-18 19:45:03'),(248,85,'Recusandae sunt autem ratione recusandae blanditiis dicta amet. Inventore laboriosam in excepturi blanditiis culpa eos id eum. Iure et cumque ad totam esse. Dicta reprehenderit repellendus eum dolorem corporis soluta aperiam.','1995-07-21 08:40:41','1990-05-02 04:03:53'),(249,136,'Nihil qui in soluta ullam consequuntur facilis sunt. Ut quasi rerum at similique veritatis ab omnis. In blanditiis in est quo qui quo nemo ratione. Dignissimos dolores repellat culpa optio ut.','1972-03-10 10:22:09','2015-03-02 11:56:28'),(250,35,'Enim a omnis dignissimos. Debitis veritatis unde repudiandae atque. Itaque cumque sequi recusandae expedita quidem omnis et sint. Qui quod et doloremque mollitia quae. Ut maxime rerum ullam quasi quia autem sequi officia.','2001-04-01 05:25:34','1985-07-05 12:16:30'),(251,43,'Sed magni consequuntur unde facere. Odit et voluptatem nostrum libero dolores voluptas eos. Aut culpa officiis accusamus autem blanditiis. Ut harum blanditiis et.','1979-11-26 21:24:08','2011-06-03 21:35:02'),(252,144,'Ab mollitia rerum dolores laudantium eum omnis. Accusantium ratione et quis cum. Beatae rerum repellat omnis vero porro.','2011-12-31 02:52:47','1990-05-21 06:51:09'),(253,23,'Velit cum voluptatem at laboriosam enim eum. Earum fugit et nobis quis. Voluptas in nam et beatae et doloremque.','1977-12-23 21:09:02','2009-07-04 13:47:04'),(254,153,'Quia perferendis fugiat recusandae. Perferendis sint qui sed. Et vero doloremque commodi sint. Deleniti molestiae praesentium in veritatis.','1973-08-07 06:51:25','1987-04-16 11:35:00'),(255,6,'Quia labore perspiciatis aut. Consequatur quia iste iste. Voluptatem eos nihil cupiditate consequatur quod enim. Architecto pariatur reprehenderit fugiat et nobis.','2020-12-08 13:53:28','1975-04-13 00:37:13'),(256,160,'Explicabo est et adipisci. Quia repellendus assumenda quia tempora rerum quidem. Quibusdam facere perferendis architecto ea velit qui sed.','2016-06-15 17:15:17','1993-10-07 16:03:21'),(257,57,'Voluptatem soluta quo tempora eius deserunt est adipisci nihil. Tenetur dolor facilis est. Voluptatem animi aut inventore hic at a explicabo.','1973-07-31 18:17:13','2020-06-18 18:38:35'),(258,117,'Amet corrupti qui consequatur nemo voluptatibus nisi. Provident impedit molestias quae aspernatur. Ut corrupti excepturi reiciendis. Aspernatur voluptate pariatur officiis velit.','2008-11-19 13:05:57','1992-09-06 06:07:42'),(259,69,'Id culpa qui nesciunt vitae. Quam mollitia eos consequatur debitis deleniti reprehenderit. Inventore non debitis dolor sed architecto vel.','2015-09-27 21:13:12','1978-06-08 04:45:50'),(260,43,'Velit quidem est et sed aut ut et iste. Sed accusantium eveniet voluptatem quos. Eligendi rerum rerum dicta sed quo sunt harum unde.','2005-03-09 13:13:49','1996-12-05 05:10:23'),(261,109,'Ipsum aut doloremque fugit quisquam cupiditate. Eligendi consequuntur in ipsa laboriosam consequatur ut asperiores officia. Asperiores hic nisi sequi a non. Recusandae sit natus eligendi fugiat nostrum voluptatum. Et molestias eos id in.','1992-05-12 14:57:41','2004-02-01 17:00:20'),(262,68,'Aut dicta et veniam ut necessitatibus consequatur. Voluptatem nisi voluptates ab doloribus maiores. Nam illum hic ut quo et sapiente architecto.','2010-02-25 22:17:32','1982-11-28 02:32:35'),(263,138,'Aut explicabo sapiente est magnam deserunt. Nam eos ab odit laudantium eum veniam. Amet placeat rem et et architecto perspiciatis possimus dignissimos. Sed facere voluptatem voluptatem voluptatum numquam neque rem.','1973-08-15 04:12:43','1995-07-02 09:01:56'),(264,190,'Et tempore laboriosam natus quas aspernatur nostrum accusantium. Ut perspiciatis sint distinctio consequuntur. Expedita nesciunt et unde eum.','1970-01-08 07:32:04','2013-04-20 03:51:28'),(265,180,'Amet temporibus sunt ipsa suscipit porro aut voluptatem aut. Impedit sapiente voluptatibus vel id repellat quis non. Repellat voluptatem quidem quia sint dolor et ipsam.','1995-09-11 06:23:22','1976-04-08 05:59:04'),(266,125,'Excepturi et aut eum vel iure porro eligendi. Nulla corrupti voluptatum vero. Asperiores sed quis voluptas fuga delectus id.','1989-08-05 20:10:55','1999-01-31 02:01:27'),(267,57,'Sint a repellendus recusandae tenetur. Praesentium perspiciatis in ipsum eligendi fugiat. Qui omnis dolorum ut iste corrupti consectetur. Temporibus omnis error possimus earum cumque.','1981-11-10 01:02:00','2011-07-05 21:51:37'),(268,4,'Cumque molestias nisi in error dolore. Illum et ipsam nisi aperiam sint est repellat. Dolor rem nulla animi doloremque. Et sit est molestias deserunt est qui.','2005-02-14 21:45:27','1975-04-24 08:28:33'),(269,118,'Culpa est voluptas non excepturi eius ea ratione. Veniam voluptatem ut odio. Et cum aut sint impedit nostrum et id.','2018-01-31 02:17:40','1982-01-03 11:25:02'),(270,100,'Consequatur eius quisquam perspiciatis laborum. Est eos minus quod assumenda. Occaecati beatae reiciendis ex fuga.','2016-10-17 11:45:30','1988-03-09 09:31:08'),(271,144,'Officia molestiae dolorem et sit dignissimos. Velit sunt praesentium facere beatae. Voluptatibus sapiente quod ab eum. Saepe voluptas et et dolor asperiores quo sint.','1970-08-12 16:52:20','2015-04-21 20:01:02'),(272,45,'Est officia perferendis soluta dolorem neque illo. Ratione quos praesentium sit. Ut molestiae nihil quae doloremque iusto. Dolorem ipsam aspernatur non.','2019-02-06 03:04:28','2019-08-06 11:55:41'),(273,62,'Provident debitis qui dolorem nesciunt laudantium laboriosam. Quae blanditiis ab et laudantium. Assumenda dolorum deleniti inventore repudiandae quia esse veritatis.','1997-12-07 04:33:27','1997-08-22 16:03:57'),(274,75,'Voluptatem aut sint voluptates quo provident nostrum est odio. Quis neque ut in et repellat debitis iusto. Quis illum et eius iure inventore ducimus corrupti dolor.','2015-06-08 20:48:30','2010-03-15 08:19:40'),(275,125,'Quibusdam aut cumque est illum excepturi. Rerum non maiores alias qui aut. Error corporis vel vero cupiditate qui. Enim atque et ullam. Molestias nihil ut dignissimos quia soluta fugit distinctio.','2018-09-08 23:18:03','2008-12-29 07:52:32'),(276,55,'Qui qui et inventore vero similique perferendis. Excepturi praesentium quas in iusto blanditiis. Nam dolores et nisi occaecati.','2005-03-04 07:56:19','1977-06-11 03:07:27'),(277,3,'Sint nesciunt non est facere voluptas et omnis. Dicta sint aut delectus qui quia reiciendis. Quam molestiae et inventore praesentium omnis non.','1970-03-16 06:57:46','2005-01-30 03:55:23'),(278,71,'Sint sunt necessitatibus adipisci facere sint doloribus quas. A enim dolorem sapiente sequi ipsa necessitatibus est. Tempora fuga vel voluptatem dolor rem. Earum tempore repudiandae explicabo praesentium possimus veritatis et.','2002-04-17 01:42:32','1995-02-12 05:40:15'),(279,139,'Eos aut officiis aperiam nostrum voluptatum omnis veritatis. Minima asperiores quae deleniti aut quidem non sint.','1998-06-24 08:00:10','1996-05-23 01:45:55'),(280,139,'Qui odio ut ut sunt facere possimus. Id eligendi pariatur animi eos hic aut quos eum. Harum sequi nihil tempore quaerat labore iure commodi atque.','1981-07-23 19:02:21','1987-11-18 19:55:54'),(281,106,'Quae deleniti magni vel unde sequi. Eaque libero quo accusantium quod officiis maxime corrupti. Doloremque iure eaque fugit velit qui provident. Vel qui numquam cum cumque.','2016-10-06 05:58:48','2004-08-09 14:51:04'),(282,182,'Qui fugit vel vel. Assumenda quod fugiat eum voluptas rem velit dolorum. Non deleniti occaecati explicabo rerum repellat quis aut.','1970-06-04 06:47:47','1999-02-22 17:08:06'),(283,82,'Animi adipisci nam occaecati ipsam. Et eligendi nam quis impedit sint. Aut ut ea quo ad dignissimos modi voluptas. Impedit delectus veniam sequi est adipisci quibusdam fugiat.','2018-10-01 03:28:23','1975-09-12 16:22:02'),(284,129,'Repellendus dolores incidunt consequatur eos pariatur eos culpa autem. Eveniet impedit ea sed illum enim magni.','1984-06-01 08:15:44','1986-01-27 05:27:05'),(285,134,'Voluptas quo sunt officia eveniet. Esse iure praesentium quia ad eligendi rerum necessitatibus. Dolores voluptatem ut quia. Repellendus voluptas molestiae est quibusdam qui aut.','2000-05-20 13:28:41','1985-05-09 13:27:57'),(286,88,'Velit minus esse at beatae et. Autem enim voluptas rerum voluptatem eum ipsa perferendis. Et ad et est quam iste. Doloribus voluptas maiores iure autem et totam ut est. Occaecati rem minima eos saepe sit necessitatibus assumenda.','2001-10-13 13:23:16','2016-09-21 06:14:04'),(287,88,'Corporis tenetur consequatur amet accusantium. Pariatur blanditiis itaque laudantium iste et minus. Distinctio qui fuga itaque repellendus. Dolores voluptatem saepe et officia. Necessitatibus voluptatibus voluptatem aut iste mollitia harum autem.','2002-01-15 16:20:57','2007-03-18 15:38:26'),(288,191,'Magni consectetur magnam sint enim. Animi voluptas illum maiores et dicta aspernatur. Ut nihil in debitis odio. Culpa culpa qui iusto earum dolor deserunt vel.','1987-07-23 00:13:46','1994-05-19 08:26:48'),(289,5,'Dignissimos voluptatem a sed eveniet. Libero eaque quia rerum optio. Et hic et voluptatibus delectus deleniti. Suscipit soluta consequatur dolor.','1971-10-14 04:26:47','2001-07-02 12:05:05'),(290,157,'Sit voluptate molestiae cumque laboriosam qui aperiam odio fugit. Aperiam quis inventore mollitia aliquid vel. Reiciendis minus autem aut omnis. Magnam sunt beatae quam.','1978-02-03 12:34:27','1979-04-10 01:26:53'),(291,34,'Necessitatibus fugit atque ab hic dolores. Non odio autem ut sunt amet dolor.','1973-07-02 09:18:31','2001-04-10 11:41:03'),(292,113,'Nam consectetur est rerum eius eaque numquam. Aut reprehenderit repellendus inventore nam voluptatem at voluptatem recusandae. Qui molestiae eos sint perferendis et atque.','1989-08-30 23:26:21','2015-06-03 01:01:45'),(293,25,'Harum non dolorum minus rem. Perferendis occaecati quia officiis eos. Doloremque sit ea quia fugit eaque est.','1975-01-11 15:51:59','1981-08-20 04:20:23'),(294,172,'Quia labore et dolorum unde voluptas at. Esse suscipit iste in aut mollitia eum. Quisquam voluptatem possimus libero modi eum nulla. Velit quidem veritatis in est.','1989-03-01 22:30:15','1993-11-24 00:52:33'),(295,103,'Doloremque nulla consequatur non facere commodi. Ducimus consequatur ut praesentium fuga aut. Eveniet non recusandae doloribus.','2013-10-29 23:30:49','1993-10-14 02:40:28'),(296,4,'Et perferendis molestiae alias sit non qui porro. Nesciunt illo ut aut animi.','1979-10-27 07:40:25','2001-11-28 04:37:23'),(297,96,'Deserunt iusto itaque quo minima fugit dolorem omnis. Optio voluptatem totam occaecati aliquam facilis rem. Excepturi beatae perspiciatis enim suscipit repudiandae et est. Sit rerum nisi repellendus qui.','1991-10-19 21:00:27','1982-01-13 04:56:59'),(298,159,'Nulla atque non dolor reprehenderit placeat. Rerum quidem consectetur exercitationem quidem deserunt ut. Ut quia esse suscipit ipsa veritatis quo.','2007-02-16 17:11:21','1987-05-31 20:38:02'),(299,8,'Ut pariatur ea asperiores cum quis sunt velit. Id accusamus ut officiis suscipit vel numquam ullam aut. Officia qui mollitia veniam maxime odit alias deleniti consequatur. Sequi at et quia dolore.','1991-01-29 02:05:25','2000-08-26 21:50:49'),(300,14,'Et voluptate provident consequatur sapiente et. Atque voluptatum quas temporibus saepe est. Vero ut voluptas suscipit quasi eaque aperiam fugiat vel.','2007-07-28 17:30:10','1981-02-06 01:37:02'),(301,59,'Autem temporibus quaerat ipsa architecto. Nulla suscipit dicta praesentium. Hic tempore facilis ipsa qui.','1974-07-18 18:22:07','2008-10-14 02:14:31'),(302,151,'Aut quia a laborum officia. Quis nihil voluptatem excepturi et itaque. Et consectetur minima sint at omnis voluptatem quae.','1971-05-17 01:21:55','2002-03-21 15:27:23'),(303,59,'In ut consequatur est ullam. Fugiat amet sed ratione voluptas rem porro similique. Ducimus placeat non velit maiores.','2013-11-03 23:41:06','2013-07-24 15:37:54'),(304,121,'Reprehenderit in quia quod et consectetur sequi explicabo. Voluptatem ratione ab quibusdam dolor hic iste non. Sed asperiores rem a quis quae temporibus.','1983-03-25 04:03:03','2013-06-05 16:12:16'),(305,25,'Impedit ut maiores porro. Rerum quo qui itaque autem rem voluptatem eos atque. Voluptatem quaerat consequatur ratione distinctio ut omnis. Voluptates rerum ullam soluta autem et architecto non maxime.','2004-09-16 06:40:36','2005-12-29 00:33:52'),(306,183,'Aspernatur rerum assumenda delectus atque qui. Quos voluptatum occaecati consequatur corporis necessitatibus ut ut architecto. Optio iusto odio molestiae architecto nihil.','1984-06-22 07:33:23','1982-08-10 04:10:13'),(307,175,'Culpa consequatur dolores perferendis enim dolorum. Molestiae velit eaque vero ab. Rerum eum quas occaecati sunt nisi nobis quidem. Vel velit ex iusto ratione. Inventore quaerat nihil dolorem qui dolores.','1989-12-23 16:55:36','2005-05-30 22:52:57'),(308,28,'Tempore sint beatae molestias possimus eligendi. Sunt optio et iusto necessitatibus nihil. Atque quo expedita impedit reiciendis consequatur. Iure dolor necessitatibus distinctio dolorum cum accusantium.','1978-03-08 10:22:34','1983-10-18 12:36:34'),(309,53,'Sunt eligendi quae aut ut corrupti aut temporibus. Ea explicabo iure alias vel et quos. Saepe voluptatum alias officia ipsum laboriosam asperiores cupiditate. Laboriosam laudantium assumenda molestiae dicta excepturi.','1979-09-05 06:08:43','2009-01-20 19:35:38'),(310,114,'Magnam expedita et id dolorem laboriosam non natus. Fugiat quae dolor repellat. Autem excepturi pariatur ut tenetur.','1982-09-03 18:23:57','2018-04-02 11:17:44'),(311,166,'Pariatur suscipit esse nisi consequatur. Officia qui voluptates consequatur reprehenderit atque quo. Voluptas dolor consequatur porro aspernatur. Quidem totam rem sit iste amet quo dolor.','1981-01-03 17:24:00','1991-01-23 22:24:34'),(312,159,'Voluptatem aut eveniet ipsam explicabo aut dolorem et voluptas. Dolorum nulla deserunt velit sed. Eligendi magni voluptatum corrupti debitis excepturi recusandae.','1986-07-11 15:04:57','1983-01-07 06:53:32'),(313,95,'Aut eos et blanditiis beatae. Qui dolores eveniet est recusandae soluta earum. Sunt ducimus qui optio officia qui explicabo quo consequatur.','2002-06-29 01:42:06','1977-11-05 13:04:33'),(314,47,'Est qui ut nobis. Nisi similique nobis saepe occaecati laudantium qui exercitationem. Dolorem vero tempore sed ipsa. Numquam placeat non est animi et.','2021-01-22 13:21:32','1983-01-14 03:55:21'),(315,87,'Molestias est error eaque voluptas et placeat explicabo. Repellat illo qui placeat veniam omnis laborum. Autem error tempora nihil. Dolorum voluptatum ipsa non.','1985-10-04 02:02:44','2018-07-25 01:27:04'),(316,29,'Necessitatibus ut reprehenderit aspernatur ut reiciendis. Rerum voluptatem alias ratione dolores. Voluptas deleniti ea aut omnis iusto provident autem. Maxime quia omnis aut.','2008-11-17 01:59:11','1996-05-11 08:35:55'),(317,135,'Debitis non necessitatibus asperiores. Mollitia ut et ducimus impedit nesciunt. Sit aut id incidunt est nihil.','1990-05-19 08:25:26','1998-12-20 04:17:21'),(318,175,'Dolore et tenetur asperiores odit vel voluptatem qui. Voluptatem minus est ipsa odit nobis a. Aut totam quasi velit et. Animi dolorem impedit cum deleniti quis atque corporis minima. Amet ratione repellendus quia dicta.','1971-10-16 08:02:50','2011-06-11 01:51:19'),(319,19,'Et est iste dignissimos vero distinctio occaecati. Aliquid esse quo non dolores est. Et quisquam deleniti esse molestias distinctio cumque facere. Sapiente voluptatem eum quo debitis laborum est.','1979-02-19 12:46:56','2000-10-30 11:42:32'),(320,139,'Eaque aut quibusdam voluptas delectus voluptas ipsam quo error. At vitae ut earum voluptates. Inventore neque rerum quam adipisci. Et quisquam qui vel optio totam consequuntur ut.','1991-12-16 12:33:11','1999-11-02 10:00:21'),(321,131,'Dolor voluptas in et fuga. Ducimus facilis labore aperiam eligendi perferendis. Molestias necessitatibus inventore facilis sint magnam voluptatum quas modi. Et aut distinctio sint.','1988-01-21 03:52:02','2007-06-06 02:55:28'),(322,53,'Voluptas quisquam voluptas consequatur eveniet. Consectetur laudantium reiciendis id quo consequatur sit cupiditate. Sed maiores laboriosam repellendus est.','1985-11-23 12:45:14','1981-09-05 19:50:27'),(323,52,'Numquam a laudantium consequuntur commodi aspernatur esse et. Quod ea pariatur natus. Reiciendis assumenda tenetur voluptatem rem. Tempore exercitationem nobis similique sed iusto.','1993-06-21 12:25:34','1993-10-12 06:21:26'),(324,156,'A cum nulla vitae pariatur vero tempora. Ut dignissimos consectetur et eos velit natus in. Et repellat voluptatibus repellat.','2018-06-23 14:20:34','1999-02-11 22:12:20'),(325,24,'Pariatur totam pariatur quis quo sed recusandae. Doloremque accusamus debitis quia et aut quas et. Error voluptas fugiat dolores vero. Iste consectetur qui est dolore ab dolores.','1998-05-19 22:07:03','2018-06-01 11:58:44'),(326,154,'Molestiae rem iusto et id assumenda et. Nemo unde voluptatem accusantium earum quisquam sequi ut eius. Quis voluptatem maiores saepe et placeat.','2019-11-14 13:19:52','2018-06-09 14:46:39'),(327,159,'Sunt et fugiat doloremque unde voluptas. Quo sit recusandae ipsum dolores aut vero dicta. Aut est ut dolorum nobis officia dolor molestiae. Nihil ipsum expedita et reiciendis beatae aut perspiciatis.','1981-01-23 22:37:28','1992-08-06 16:09:35'),(328,120,'Qui excepturi voluptatibus repellendus et consectetur quisquam. Omnis dolorum aut illum in officia numquam iure qui. Maxime corrupti mollitia eius ullam dolorum aut qui.','2017-06-15 17:02:50','1992-01-21 19:47:49'),(329,112,'Nihil quidem qui illum amet. Rem quibusdam sit dolores minus ratione quo laborum minima. Maiores voluptatem voluptate deserunt consequuntur voluptas corporis sit ut.','1991-09-14 12:35:57','1974-02-25 01:42:22'),(330,166,'Quas eligendi sed aut dolor quo neque ut accusamus. Molestiae nulla molestiae non distinctio enim quia. Sed fuga debitis asperiores laboriosam. Necessitatibus suscipit eius eaque praesentium. Temporibus qui nobis voluptate qui maiores et dolor consequatur.','2016-10-10 00:31:00','2016-02-09 18:10:22'),(331,133,'Modi molestiae deserunt deleniti voluptates magnam est eum. Quibusdam quod quia assumenda molestiae dignissimos aut et.','1993-11-30 12:11:22','1997-12-03 18:31:49'),(332,171,'Esse dolor pariatur eveniet assumenda. Modi alias et error ad adipisci. Tempora sit aut sed repellendus. Dolorem earum illum error aliquid reiciendis.','1991-08-17 12:49:15','2013-09-02 03:18:54'),(333,117,'Aut sequi asperiores accusamus voluptatem adipisci eaque. Cum debitis natus repellat laboriosam nulla. Quibusdam possimus odio ratione qui.','1983-09-25 18:55:22','1975-09-07 15:53:11'),(334,191,'Nesciunt sapiente sit dolor. Et aperiam non magnam quia minus neque reiciendis. Et voluptas cumque pariatur velit expedita. Rerum nobis sed voluptatem odio quod voluptatem. Dolores molestias odit eum labore.','1998-06-06 19:29:06','2007-06-12 05:15:08'),(335,91,'Voluptas fugit facere cumque illum distinctio. Expedita omnis qui in in enim aut. Quod ad sunt ut repellat dignissimos cumque quo. Aut amet doloremque placeat sequi.','2008-06-09 00:00:00','1993-07-28 05:29:36'),(336,142,'Quas in qui aut delectus. Reiciendis vero perferendis labore sed nihil. Enim nostrum sint nemo.','1979-01-02 04:14:41','2000-09-09 08:15:20'),(337,173,'Dolor ratione harum sint quaerat dolorem vel. Dolore nihil autem earum veniam enim. Neque non odit possimus.','2009-04-28 12:42:14','2018-04-07 14:26:07'),(338,66,'Voluptatibus minima voluptatum odit atque. Nobis magnam doloribus non animi. Saepe architecto qui placeat aut.','1977-11-29 00:22:05','1997-11-17 07:47:02'),(339,169,'Porro at laudantium ea autem vel. Et dolores maiores debitis dicta veniam. Praesentium voluptas dolores blanditiis dolorum voluptatem et.','2009-07-15 08:00:45','1984-05-19 10:54:13'),(340,25,'Id quod harum id est dolor facilis enim. Voluptates quae vel laboriosam omnis omnis commodi. Temporibus ipsam aut sed aliquid dolor inventore.','1977-06-17 16:07:13','1991-11-26 02:38:47'),(341,179,'Consequatur laudantium voluptate porro est. Incidunt delectus neque qui harum et delectus modi. Accusamus recusandae tenetur nulla beatae vitae. Architecto ea ut vel ut.','1982-10-15 23:01:37','2007-06-06 07:08:25'),(342,135,'Dolores maiores voluptas ducimus deserunt facere molestiae. Qui suscipit dolorem odio nam saepe in. Iusto aspernatur facere similique ut sint quos voluptatem autem.','1985-07-24 22:59:28','2005-03-30 09:21:49'),(343,184,'Ut ut voluptates doloribus aut et nesciunt aut. Quae sed sunt in sed dolores. Officiis id earum quo expedita quo illo. Amet dolor maxime porro blanditiis ut reprehenderit perspiciatis beatae.','1972-09-04 05:32:18','1998-11-12 08:11:24'),(344,73,'Eveniet expedita et saepe perspiciatis debitis voluptas qui dolor. Dolorum molestias dolores mollitia molestiae qui ipsam. Dolores soluta earum quia labore. In accusantium cupiditate vel hic dolorem.','1984-01-06 19:03:40','2019-01-13 16:49:36'),(345,182,'Dolorum accusamus ut id tenetur. Voluptatem voluptatum ut accusantium dolor pariatur inventore aut. Repudiandae qui eligendi ipsam atque eveniet.','2002-08-12 06:57:58','1972-04-26 02:28:22'),(346,70,'Sed explicabo voluptas sed est esse et libero vel. Dolorem repellat earum dolores ea eum. Natus laborum totam amet id modi hic. Qui ratione officia aut eum corporis modi assumenda ut. Natus ut itaque nobis.','2009-10-18 02:02:19','1971-12-23 04:15:04'),(347,101,'Debitis optio ipsam quidem labore ducimus. Amet voluptatibus rerum deserunt.','2005-10-06 08:55:56','1981-08-30 19:23:40'),(348,116,'Quia id ducimus et voluptas. Vero ab amet quo voluptatem laborum quis eius. Ipsum nihil qui delectus tempore est nam.','2020-06-25 03:38:19','1988-08-21 13:33:39'),(349,44,'Voluptates at tempore eveniet et ipsum. At officia omnis sed assumenda eos accusamus rerum. Beatae tempore omnis quae et quos. Reprehenderit exercitationem illum nihil eum nostrum harum ipsum veniam.','1994-03-28 18:57:08','2006-03-21 20:44:58'),(350,120,'Numquam consequatur unde molestiae quia. Sit sed cumque voluptatum sit. Omnis natus sit praesentium. Aperiam commodi libero voluptatem.','1996-04-10 08:25:40','2011-08-29 19:21:09'),(351,54,'Voluptates quo ipsa ad. Molestiae est distinctio consequatur culpa. Vel eveniet asperiores similique voluptas. Ut officiis eos accusantium autem nam perspiciatis.','1977-12-12 06:16:28','2018-09-23 19:15:50'),(352,175,'Minima perspiciatis enim aut odit non incidunt consequuntur corporis. Quaerat repellendus nobis voluptas corporis sit cupiditate placeat.','1984-08-21 13:38:21','1999-04-08 18:58:30'),(353,172,'Autem minima veritatis repellat in aut necessitatibus. Ea impedit quo et atque. Quo tempora reprehenderit quaerat aspernatur velit impedit.','2009-08-19 20:33:48','1970-03-29 22:48:05'),(354,105,'Sequi voluptatibus suscipit et. Saepe commodi ullam repudiandae quia autem qui quos. Voluptates illum corporis molestiae dolore quod dolorem nam ad. Deleniti consequuntur numquam est fugit consequuntur unde sit et.','1983-09-20 22:09:07','1989-03-03 16:13:42'),(355,130,'Consectetur neque repudiandae eum aperiam. Quod facilis aperiam dolores. Blanditiis dolor tenetur ea nemo. Repellendus repellendus est sequi tenetur omnis.','1984-03-22 03:15:39','2015-01-19 12:32:15'),(356,195,'Aut fugiat itaque id labore eum nihil vel pariatur. Sit dignissimos quibusdam tempora. Et qui laboriosam quasi labore sed. Hic iusto quia harum sed quia non earum voluptatem. Harum quis dignissimos illum magni.','2010-06-19 14:53:29','1981-07-21 12:56:58'),(357,58,'Eaque tempore rem adipisci adipisci. Recusandae inventore accusantium praesentium accusantium earum quae maiores. Voluptate quia et aut nulla ex qui quod.','1978-04-11 09:17:00','2014-02-10 15:38:33'),(358,89,'Voluptatibus maxime esse molestiae et iure. Quis sequi et repudiandae quis voluptatibus culpa magnam fuga.','2000-10-13 07:16:01','1981-12-22 16:29:03'),(359,114,'Voluptate dolor delectus dolore aliquam tempore. Delectus explicabo error inventore eaque voluptas. Laborum necessitatibus voluptate sed animi magnam distinctio quisquam. Et debitis quia accusamus dolor unde architecto tenetur aut. Nam architecto laudantium laudantium amet dolor qui.','1986-03-01 03:37:32','1977-05-19 15:39:05'),(360,170,'Nesciunt praesentium eum tempore at soluta. Qui blanditiis inventore dolores quia sed. Ut vel dignissimos aut ullam ea.','1979-12-19 18:57:17','1982-12-08 05:37:07'),(361,55,'Officiis reprehenderit sed ad placeat modi. Magni nihil ea vitae voluptate voluptatem vel illum est. Nihil id voluptas et explicabo quis. Sequi sunt rerum consequatur laboriosam perspiciatis.','1990-02-23 05:40:47','2001-04-17 15:55:24'),(362,46,'Aspernatur quod enim corporis temporibus ut consectetur cupiditate. Architecto nulla beatae accusantium libero illo consequuntur. Id numquam porro excepturi accusantium. Unde aliquam molestiae cum sed. Ipsam distinctio ipsam voluptatem facilis.','1988-12-26 21:52:56','1987-07-27 17:40:38'),(363,141,'Qui maiores adipisci a animi est sunt. Quis hic quia et aliquam inventore ut minima. Facilis aliquid rerum esse velit. Animi dolorem nostrum eum dignissimos in.','1971-12-13 19:19:55','1998-11-06 11:17:35'),(364,171,'Et et quaerat quod nisi temporibus eveniet in. Est nulla incidunt illum voluptatem sit ipsam suscipit. Tempora dolorum nihil ipsam natus. Necessitatibus eligendi dolor enim mollitia deserunt veniam adipisci.','1982-05-29 12:04:57','2006-12-07 03:57:29'),(365,36,'Molestiae est impedit vel natus quod ad ut suscipit. Et a sapiente eum ut veniam.','1980-11-18 22:41:04','2018-06-20 13:43:14'),(366,31,'Atque nobis ad qui quisquam excepturi est maxime. Incidunt qui laudantium consequuntur neque qui. Deserunt sit deserunt accusantium quo. Et quae nihil odit maiores et a.','1971-01-26 00:55:04','1992-10-11 20:16:57'),(367,113,'Qui eos harum voluptatem quibusdam amet similique magnam. Vitae et ea aut qui dolorem odio dolorem. Quia consectetur officia recusandae sunt similique est. Ut blanditiis vel et ea.','1986-03-11 17:45:25','1977-05-06 20:50:28'),(368,8,'Et neque ea minima nostrum eveniet ipsa. Aut unde facere porro ea laborum velit illum quis. Repudiandae eligendi eos est qui magni. Earum necessitatibus veritatis error tenetur sit. Et explicabo sapiente voluptas veniam iusto sequi veniam.','2002-09-10 15:01:22','1999-04-22 17:51:34'),(369,96,'Tempora atque temporibus voluptas qui molestiae iure. Voluptatum officia fugiat accusantium suscipit. Sunt molestiae debitis fugit deserunt quia.','1989-10-12 15:10:47','1992-05-14 14:15:53'),(370,81,'Laborum mollitia saepe enim eveniet aut. Perferendis velit amet ex qui consequatur sed aut. Doloribus sequi esse nam reiciendis aliquam itaque dolorem.','1974-03-28 03:30:01','2004-03-06 05:27:24'),(371,33,'Amet expedita assumenda voluptatem dolores suscipit officia dignissimos. Molestias et magnam quas suscipit. Dignissimos dignissimos est ad consequuntur harum magni facilis. Praesentium illum et commodi enim.','1979-11-04 08:07:59','1995-12-29 05:51:50'),(372,74,'Et molestias sed dicta sit et. Qui nesciunt vero sunt dicta. Aut nesciunt non accusamus atque reiciendis vel. Rem iste velit est officiis laboriosam qui.','2013-10-01 04:26:33','1983-09-07 18:21:58'),(373,16,'Sint aut maiores quia. Molestiae natus et ipsum sed animi et velit recusandae. In quia ut iste quia voluptatibus placeat.','1971-01-16 04:58:04','2017-08-11 08:26:35'),(374,16,'Vel et voluptate aliquid eligendi odio est. Repudiandae rerum est rerum dicta nesciunt aut. Quia perspiciatis molestiae aut molestias eaque.','2017-03-26 22:45:49','1974-10-25 18:11:52'),(375,147,'Qui laborum veniam cumque saepe officiis ullam asperiores. Atque totam beatae aut odio est. Quia nisi eligendi assumenda est sit. Aut iste asperiores vel sint in doloremque ipsam ipsa.','2016-09-10 07:49:20','2010-05-06 07:42:59'),(376,197,'Repudiandae voluptas iure eligendi. Est non ut provident assumenda inventore. Odit molestiae dolores porro nihil.','1979-10-31 22:59:59','1972-01-16 16:14:41'),(377,86,'Officiis consectetur dolorum dolorum debitis qui magni. Ut molestiae et soluta consectetur dolore quam. Repudiandae aperiam fugit ipsum est perspiciatis rerum animi voluptatem.','2012-10-14 04:25:21','1984-11-27 06:04:00'),(378,47,'Fugiat aut officiis porro ut in sed. Magnam pariatur et deleniti sapiente. Enim cupiditate impedit explicabo quia dignissimos perspiciatis.','1996-05-03 02:15:37','1979-10-28 21:25:54'),(379,112,'Soluta rerum enim ad maiores deserunt illo. Rem est ut fugiat error sed error. Tenetur ut beatae ducimus voluptatem.','2018-05-30 08:35:32','1974-05-04 09:06:43'),(380,130,'Quibusdam maxime rerum nihil quo praesentium qui. Voluptatibus natus voluptas omnis quo esse. Minima qui culpa et nemo ducimus mollitia eaque. At voluptatibus maiores voluptas quae.','1974-03-18 16:38:43','1977-01-07 20:03:13'),(381,167,'Minima culpa repellendus non quas. Alias id dignissimos non velit ut omnis non. Ipsum architecto voluptatem ipsam reprehenderit soluta.','2017-06-28 01:14:27','2010-05-27 08:26:16'),(382,165,'Laborum sed molestiae quidem ab quibusdam. Amet praesentium voluptatibus quis et earum dolorem ut qui. Ducimus ea aut nobis quos est modi placeat. Ut corrupti et earum aliquam asperiores.','2019-09-27 18:57:39','1998-01-31 12:34:31'),(383,104,'Ipsum pariatur nostrum eveniet blanditiis non voluptas. Dolore placeat tempore explicabo.','1978-06-19 03:20:41','2020-06-09 06:21:25'),(384,138,'Ut totam voluptatem quasi est quo nesciunt. Voluptatem libero earum mollitia aut et quaerat exercitationem dolorem. Quis occaecati ducimus possimus recusandae ea veritatis ea. Velit ipsa eos odit laborum aspernatur.','1976-01-30 15:52:13','1981-08-07 06:40:46'),(385,69,'Adipisci pariatur laborum fuga ipsa quasi. Quaerat officia et dolorum deleniti corrupti est quod.','2000-11-20 22:45:23','1980-02-03 23:38:32'),(386,34,'Perspiciatis aut voluptate consequatur eligendi. Aut dolores aut harum eos quis esse. Doloribus iste est porro quidem sed. Fugiat odio ratione sint dolor ut totam.','2020-10-07 14:14:27','1990-05-11 06:58:12'),(387,133,'Atque quas voluptas voluptas. Odio atque occaecati nostrum consequatur soluta. Et expedita esse dolor ullam reiciendis maxime nemo.','1975-08-11 09:38:28','2003-04-04 11:06:54'),(388,127,'Est ipsum unde nobis quos. Harum sed exercitationem qui iure voluptatibus vel. Quasi a et occaecati sit.','1977-05-04 19:16:35','2005-04-10 10:56:49'),(389,122,'Nemo optio sequi placeat labore eum. Repellat ducimus eveniet dolor aut deserunt est pariatur et.','2019-06-11 22:10:36','1983-05-07 18:49:01'),(390,47,'Nihil occaecati adipisci harum et. Nemo quo ducimus saepe delectus maxime est similique. Suscipit ex minima ea eum. Fugit accusantium cupiditate iste aut veniam repellendus dolorum. Doloribus quas a molestiae quas.','1987-05-01 13:16:58','1974-07-09 23:15:39'),(391,96,'Assumenda magnam quas id non. Ab fugit soluta vero ea et qui rerum aspernatur. Beatae odio adipisci harum incidunt cumque aut rerum. Est molestiae doloremque et incidunt.','2002-03-07 22:15:43','2004-02-25 06:56:09'),(392,176,'Laborum aut officiis corrupti minima. Vero non placeat qui veniam. Facere vitae aspernatur laboriosam delectus. Vel non doloribus incidunt cupiditate omnis.','1995-12-05 20:30:53','2009-07-31 02:23:57'),(393,92,'Voluptas aut velit eius dolor et a molestias enim. Cum rerum quidem nobis quasi in est suscipit. Voluptatem ratione distinctio quaerat dolorum inventore.','2005-01-06 00:30:12','2015-04-17 01:22:13'),(394,36,'Inventore ut sunt accusamus. Autem non saepe quae tempore rerum. Autem ipsam quis accusantium inventore officiis harum sit dignissimos.','2005-12-08 05:46:13','1988-04-19 12:37:56'),(395,147,'Alias est ut in aliquam esse repellat repudiandae odio. Cupiditate autem aperiam neque reprehenderit id id. Dolor reprehenderit beatae et cupiditate voluptatem eaque qui.','1992-08-14 08:03:12','1973-09-01 16:39:12'),(396,128,'Dolorem voluptatibus ducimus eos ut est quo ad. Atque corrupti sapiente aliquam minima. Qui non incidunt excepturi suscipit ut tempora beatae. Nobis ullam harum omnis magnam laudantium.','1975-04-12 07:04:26','1982-08-12 03:58:58'),(397,67,'Delectus earum porro velit est. Iste harum temporibus voluptatibus corrupti. Maxime odit quos id atque asperiores dolor doloremque harum. Voluptatem itaque minus dicta sint.','2007-08-06 21:41:09','1998-02-20 12:05:06'),(398,59,'Iste occaecati temporibus ipsa nisi corrupti. Repellendus repellat qui rerum et mollitia eveniet. Ad nisi quidem est et voluptas.','2003-03-09 05:12:13','1987-09-25 16:37:48'),(399,136,'Est natus aspernatur molestiae maiores eaque. A velit ullam ea eaque voluptatem totam. Excepturi omnis similique eum ut saepe impedit dolores.','2005-12-11 20:13:16','2000-07-03 01:55:49'),(400,163,'Qui numquam dolor distinctio nihil atque voluptas. Velit distinctio rerum qui asperiores voluptas exercitationem. Sequi asperiores et nostrum ut omnis. Fugiat nobis voluptas tenetur.','1980-01-07 13:54:18','2006-04-14 11:07:28'),(401,140,'Nulla repellat sunt doloremque quia aut aperiam esse. Iure et aliquam autem quis sunt blanditiis. Architecto officiis sed ullam fugiat sint quo ipsa.','1973-11-30 01:09:16','2018-05-20 16:55:31'),(402,169,'Modi ad fuga ducimus similique consequatur perferendis. Qui quasi quidem et doloremque mollitia optio aut. Animi veniam architecto porro molestias. Facere iusto error tempore et dolores veritatis.','1994-07-27 02:14:45','1974-12-18 14:36:10'),(403,37,'Error quo eos accusamus facilis velit quae. Consequuntur tempore nostrum delectus alias itaque id quis. Ut modi voluptas qui nobis. Voluptatibus iste enim ad.','1973-07-18 14:40:22','2004-11-11 01:41:12'),(404,155,'Et mollitia tenetur repellat rerum. Officiis et molestias commodi. Ea culpa nobis eum iusto veniam. Minima vel amet sit perspiciatis.','1973-02-28 19:03:59','2007-01-25 16:49:45'),(405,185,'Ut quam cumque quia officiis soluta. Corporis qui est aut exercitationem. Est ipsum ex harum aliquid.','1980-01-21 03:52:26','2019-10-21 20:10:50'),(406,183,'Porro explicabo quidem architecto omnis. Tempore accusamus quos omnis ducimus facilis. Totam dicta quasi quaerat.','1974-01-10 15:28:00','2020-11-27 23:39:24'),(407,151,'Labore est expedita consectetur. Perferendis voluptas aspernatur voluptatem sit. Alias id eum asperiores iusto at. Quia sit animi ea voluptatem.','1970-10-20 08:35:42','2005-05-21 05:04:39'),(408,70,'Quod velit sint inventore error praesentium accusantium vero. Eos placeat sed nesciunt provident ea molestiae enim. Eum voluptate natus quas est omnis expedita. Officia et iure assumenda dolor sapiente.','2000-02-16 04:38:25','2017-09-03 05:16:38'),(409,30,'Veritatis consequatur adipisci explicabo voluptatem. Cum dolore repudiandae sed saepe. Debitis aut quis distinctio et soluta officiis et repellat. Soluta enim non nam et harum aut temporibus.','1975-07-09 08:02:23','1984-12-11 09:07:01'),(410,63,'Voluptatem tenetur non aliquam unde harum accusantium. Et non quaerat ratione quis. Voluptate nihil et facilis nam eius natus. Sequi ut hic quaerat blanditiis ut ea.','2005-10-31 04:03:20','2018-05-22 16:21:52'),(411,199,'Et molestiae earum aperiam ut provident. Eius delectus soluta ab est quos. Ut debitis maiores quis tempora. Inventore facere voluptatum est qui voluptatibus.','1987-07-04 06:05:20','2001-11-21 05:10:15'),(412,196,'Ut ad reiciendis natus dolor. Ducimus placeat quasi veniam nihil excepturi sit.','2009-03-21 23:46:41','1990-04-06 23:32:12'),(413,27,'Corrupti provident aspernatur voluptas in id nihil. Ullam quia aut ullam voluptates dolorem quidem. Culpa minima occaecati ducimus dolor magnam qui saepe. Adipisci autem id non voluptates voluptas.','1999-08-20 10:20:58','1986-11-09 17:12:18'),(414,103,'Commodi tenetur consectetur itaque dolorem. Est sint facere quo repudiandae optio.','1974-08-23 09:27:06','2005-04-19 05:47:54'),(415,134,'Iste fuga qui nihil eveniet ea. Distinctio voluptatibus doloribus est quo dolores aut.','1998-10-17 00:22:19','2012-11-18 02:56:14'),(416,96,'Rerum quidem sed non libero. Voluptate dolor autem sequi dignissimos. Saepe sit accusantium enim sequi. Ut officia corporis molestiae aspernatur a.','1997-10-09 17:59:09','1986-06-07 19:09:18'),(417,136,'Aut a optio consequatur omnis. Cum amet ipsam necessitatibus esse sit porro. Asperiores est alias fugiat.','1991-06-25 23:49:20','1983-08-07 04:29:00'),(418,67,'Voluptatem fuga est explicabo esse molestiae. Veniam laborum distinctio est aut ut omnis.','1979-07-31 20:32:36','1996-06-23 09:09:36'),(419,22,'Distinctio error architecto debitis cumque et. Perferendis excepturi tempore est et velit voluptatem. Quia et nihil qui. Ut vel mollitia tempora consequatur.','1970-01-27 20:53:34','1992-01-28 14:44:57'),(420,57,'Veritatis nihil velit accusantium et qui sed. Quia error eligendi est dolor eos sed amet. Error sunt eveniet sit quia eos quia. Laudantium quisquam nisi tenetur ut et.','2010-04-13 18:05:20','1976-07-16 22:30:20'),(421,113,'Aut rerum officiis asperiores sint. Veniam autem placeat aliquid quasi accusamus excepturi. Dolores voluptatem in delectus dolore officia.','1986-12-04 10:20:36','1995-09-26 02:23:12'),(422,118,'Repellendus quidem cupiditate fuga incidunt amet quis quos quisquam. Omnis sunt enim quod vel qui. Et repudiandae occaecati quo quas exercitationem consequatur. Dignissimos aliquam tempore velit modi tenetur voluptatem.','1979-09-22 23:25:22','1985-03-20 04:14:07'),(423,33,'Sapiente beatae voluptatem distinctio quo. Earum nesciunt perspiciatis est voluptatem voluptatibus ipsam. Et occaecati debitis repellendus dolores iusto soluta recusandae.','2003-11-04 14:44:51','2018-04-27 00:39:28'),(424,5,'Fugiat facere eos ut quos sint illum. Fugit qui expedita est distinctio unde itaque enim. Occaecati ipsa vel et ut labore qui. Voluptatem incidunt qui voluptatem sint dignissimos vero. Similique quia non in.','1979-12-01 20:03:31','1971-11-05 16:39:23'),(425,154,'Aliquid aut eos sed quis qui eos iure est. Omnis magnam omnis dicta earum aut. Provident non et nobis culpa sapiente sit.','2013-10-31 07:40:01','1985-09-06 11:50:00'),(426,180,'Natus et velit delectus velit. Quasi nobis sit minima. Et sunt consequatur est tempora consequatur qui.','2016-03-01 16:23:45','2000-03-03 05:43:05'),(427,132,'Dolorum quo expedita quibusdam vel. Sunt magni inventore autem officia numquam laboriosam dicta voluptas. Distinctio voluptatem et vero asperiores dolores consequatur.','2004-12-29 00:39:58','2010-07-23 09:24:54'),(428,20,'Tempora praesentium consectetur voluptate saepe amet a consequatur. Pariatur maiores quis voluptatem. In occaecati saepe dignissimos perspiciatis dolorum et dolor. Fugit maxime placeat quidem. Qui ea neque alias sint harum ad.','2011-11-27 03:53:23','1998-02-16 18:44:43'),(429,38,'Esse vitae expedita soluta enim eveniet odit. In minima vel qui esse rem ipsa odio aliquam. Dignissimos in rerum accusantium omnis.','1990-08-16 10:54:12','1996-10-21 00:08:35'),(430,68,'Quis qui reiciendis ut sed et ea. Hic dolorem consequuntur quia id eveniet vel ratione. Aliquid et animi est quibusdam nihil. Est beatae pariatur architecto.','2001-07-19 01:02:03','2007-09-07 07:24:19'),(431,183,'Velit enim impedit neque architecto et dicta repudiandae. Qui sequi cupiditate ut corrupti totam. Illum sed vero ex.','1986-08-11 05:20:28','1978-05-13 12:07:47'),(432,178,'Eos quidem dignissimos nihil mollitia ratione sapiente repellendus. Placeat impedit consequuntur dicta in similique autem maiores. Veritatis numquam excepturi sint aut est corrupti ad.','1995-12-20 00:47:07','2010-10-04 18:17:50'),(433,36,'Sed perspiciatis dolorem totam aut est repellat et optio. Magnam hic asperiores in quaerat ut tenetur ut rerum. Voluptate enim odit ducimus sequi accusamus non et.','1998-05-02 22:27:39','1979-02-20 12:06:43'),(434,19,'Et architecto atque perspiciatis. Voluptatum doloribus aut voluptates amet ducimus nihil voluptas ducimus.','2001-12-15 16:17:12','1981-03-16 00:49:15'),(435,132,'Rerum odit id quia corrupti pariatur. Fugit qui ipsam ex iste enim quisquam. Culpa ipsa amet fugit omnis. Aut corporis distinctio voluptas.','1986-02-20 06:59:02','1976-04-06 21:42:03'),(436,20,'Iure quas aspernatur adipisci sit aspernatur ut animi. Inventore est sed non est at aut. Explicabo non doloremque dignissimos quidem et quia dolorem. Dolore earum aut sit ipsa non ut provident.','1991-12-29 18:33:47','1992-10-22 22:57:30'),(437,2,'Omnis impedit ut numquam voluptatem et dignissimos. Quia quos quos nam omnis. Qui aut quibusdam libero rem ut. Possimus earum officiis consequatur deleniti ea asperiores. Dicta aut a quia laborum expedita doloribus repellat neque.','1989-06-12 08:56:47','1979-12-04 14:01:03'),(438,83,'Sint porro eum voluptatem facere rerum ipsam non. Repellat explicabo cupiditate molestiae dolorum commodi maxime. Officia aut explicabo eum quisquam aliquam. Non et voluptates molestiae.','1990-02-05 14:32:21','1996-02-05 14:04:05'),(439,90,'Tenetur veritatis quas labore numquam nemo in doloribus. Doloribus laboriosam repudiandae voluptatem deleniti perspiciatis.','1993-12-23 22:06:19','1982-08-06 04:06:17'),(440,31,'Et maxime saepe ab fugit tenetur mollitia et. Numquam praesentium id alias consequatur. Quia aut officiis esse vel suscipit. Et est ut molestiae qui aspernatur pariatur accusantium magni.','1974-01-31 21:41:37','2001-03-13 18:02:34'),(441,145,'Nobis iste fugiat et veritatis occaecati quod qui. Consequatur est quis mollitia alias ad nesciunt odio consequuntur. Sint voluptatem non voluptatem ut voluptatem modi sunt.','1997-12-31 07:04:08','2013-08-31 13:56:35'),(442,89,'Quod dolorum consequatur pariatur non. Cupiditate consequatur consectetur aliquid est reiciendis est. Veniam repudiandae atque id veritatis non quasi. Vero saepe et facere delectus quasi aliquid accusamus.','1971-06-04 02:46:46','1978-08-14 10:54:38'),(443,27,'Quas sapiente est possimus est alias. Officia nihil quo incidunt ut distinctio.','1976-04-12 13:53:02','1992-11-29 08:24:10'),(444,172,'Quibusdam voluptatem veritatis commodi quidem. Ullam et dolorem et modi sint. Quis quos voluptas veniam officiis et ad porro. Magnam recusandae reprehenderit blanditiis unde.','2003-07-21 21:21:22','1980-05-05 18:03:43'),(445,191,'Deserunt ea temporibus quia nostrum enim facilis. Hic ipsam autem numquam praesentium quia maiores quia. Voluptas sapiente officiis veniam.','2003-03-22 03:46:39','2003-09-20 13:57:29'),(446,161,'Cupiditate vel labore omnis voluptatum. Consequuntur doloribus consequatur est ab adipisci omnis quia. Dolores iusto commodi error eligendi odio. Tempora sit magnam voluptatum repellat aperiam culpa est.','1988-03-31 19:17:42','1980-03-21 05:51:37'),(447,68,'Sit ex voluptatem rerum eius illum. Praesentium quisquam aut et error est perspiciatis et. Quod quia quo suscipit ducimus sapiente est.','2002-01-25 15:36:25','1986-09-19 08:13:28'),(448,127,'Deserunt assumenda ab quis autem doloribus iure corporis et. Fugit illo saepe est sint neque ea. Ipsum magni officiis sunt nesciunt earum laborum.','2006-02-06 19:59:29','1985-03-02 01:10:36'),(449,28,'Quibusdam autem rem enim et ipsam. Odio consequatur sapiente rerum possimus dolore omnis accusantium. Earum ea quisquam qui molestiae numquam porro quia. Non libero officia quam assumenda saepe.','1970-05-20 12:17:08','1986-09-06 03:17:51'),(450,89,'Quod enim consectetur est omnis. Quod quia recusandae delectus velit sed molestiae. Ut et sit iure rem. Sed eius et adipisci quaerat aliquid ipsa.','2000-11-17 03:16:28','1974-03-24 17:55:44'),(451,184,'Omnis doloremque ut odit nisi. Voluptatem id quis ducimus. Perferendis est eum velit voluptatum quia quam consequatur. Enim ea ipsum in dolore nihil sit ut quia.','1976-09-20 00:37:18','2005-01-05 14:23:21'),(452,140,'Voluptatibus provident et tenetur fugit id velit animi dolore. Adipisci enim aperiam velit nam. Provident labore voluptate enim est. Id unde nulla deserunt fugiat omnis maiores tempora. Id amet eum porro possimus dicta voluptatem fugit tenetur.','1984-02-28 05:56:36','1976-07-11 02:24:10'),(453,7,'Non mollitia maiores sint iste maxime neque. Nihil perspiciatis quia ex qui. Placeat et nisi est dolorem quia deserunt.','1999-08-30 06:43:12','2012-06-06 05:06:24'),(454,16,'Nesciunt sed voluptatum modi maxime ut. Pariatur ut adipisci voluptatem quisquam. Qui rerum voluptatem quasi rerum harum. Ut impedit officiis adipisci sint repudiandae ut.','1976-12-21 13:17:19','2018-05-24 21:36:13'),(455,144,'Consequatur eligendi neque doloremque dolor sunt. Quidem autem suscipit vel corporis cumque numquam.','2011-12-05 02:44:44','1989-11-19 07:09:00'),(456,161,'Aut necessitatibus odit ab ullam eum explicabo. Optio autem itaque est id dicta qui repudiandae. Est laborum rem labore sit.','2009-09-27 22:01:10','2016-12-31 15:56:58'),(457,196,'Laborum iure explicabo ipsam aut expedita. Voluptas impedit iure incidunt. Animi tenetur magni omnis magnam. Corrupti dicta eos alias quia.','2018-08-06 15:26:36','2013-12-14 12:26:36'),(458,75,'Blanditiis laudantium illum voluptatum perspiciatis et. Ipsum et velit magnam. Cumque libero odio odit. Consequuntur et fuga et voluptas vel in at.','1991-05-29 19:35:07','1995-03-19 04:40:17'),(459,181,'Molestias quia in tenetur sunt qui quo. Dignissimos est et quia minus quos et. Sit temporibus et molestiae magnam.','1995-02-18 08:42:36','1981-06-26 09:22:12'),(460,33,'Consequatur rem quibusdam veniam qui architecto porro sed. Qui suscipit sint aut corrupti dolores consequuntur et. Et sequi maxime consequatur ipsum illum debitis.','1991-09-07 11:19:21','2014-08-29 12:19:40'),(461,142,'Omnis rem qui sunt quae omnis. Repellendus quam ut quos deleniti et. Et maxime doloribus aspernatur.','1972-02-13 21:04:50','2006-06-04 15:55:45'),(462,163,'Laboriosam occaecati eum ea quod. Ullam autem expedita est sit tempora et. Quia blanditiis laboriosam aliquid sint consequuntur est dolorem.','2017-04-09 20:19:12','2017-05-26 05:16:46'),(463,11,'Molestias officiis mollitia voluptatum sequi sed soluta in. Est itaque molestias quis vel qui qui. Autem fuga blanditiis eius reiciendis sint hic. Sed aspernatur dolorum fugit eos architecto ipsa.','1972-05-02 02:08:53','2009-04-19 02:09:32'),(464,178,'Quia quibusdam assumenda id nobis ullam alias cum. Hic necessitatibus consequuntur libero. Veniam sed possimus amet.','1990-01-12 20:28:05','1978-12-16 03:06:02'),(465,182,'Sequi unde optio iste aut non voluptate saepe. Architecto non voluptates ipsam et incidunt ut. A qui voluptatem nam pariatur et consequuntur. Eos tenetur qui sint. Sed nulla perspiciatis iusto perferendis sunt veritatis.','2007-03-11 22:35:50','1978-04-14 20:13:45'),(466,142,'Non et perspiciatis numquam ratione inventore enim sint. Aperiam numquam praesentium ipsum quo. Voluptatem qui eum unde.','2011-07-22 12:37:33','1980-01-18 01:42:11'),(467,198,'Iusto eos repellat saepe accusantium. Sapiente repudiandae architecto delectus voluptatem. Necessitatibus deleniti autem modi debitis voluptate. Impedit voluptate aut eum pariatur fugit voluptates.','2018-01-07 21:17:30','1992-10-05 04:39:35'),(468,183,'Dolores consequatur corporis commodi vero et possimus delectus. Voluptates animi culpa possimus praesentium perferendis voluptatem enim. Perferendis nemo et laudantium odio. Occaecati et cupiditate ut ea cumque nemo.','2002-05-12 12:16:15','1981-06-08 07:04:45'),(469,25,'Quasi hic dolores sit nulla est sed provident. Et suscipit illo est culpa sequi dicta deleniti. Voluptatem beatae similique in quam temporibus. Quidem incidunt quibusdam recusandae blanditiis dolore dolorem.','1988-03-13 06:58:24','1990-08-09 19:59:52'),(470,87,'Eos distinctio quod harum necessitatibus earum. Aut eum a vel. Dignissimos esse nihil tempore ut assumenda ut quis.','1994-03-02 14:42:49','2013-07-11 08:46:47'),(471,14,'Neque facilis omnis aut dolorem. Autem delectus asperiores non modi a. Sunt sint iure et error exercitationem.','1976-05-21 11:10:50','1999-09-03 04:12:25'),(472,170,'Vitae iure modi quo facere perferendis. Placeat ex soluta ex repudiandae alias et enim ad. Culpa cumque voluptas ratione magnam quod dolor. Reiciendis quidem in veniam omnis provident officiis.','1975-03-29 10:15:04','1979-12-16 11:51:47'),(473,176,'Sunt quia dolorum ullam ut soluta voluptatem repellendus. Dolor error ad ut quae asperiores repudiandae molestiae molestias. Et sapiente earum quas sed rerum. Eos mollitia laudantium voluptates eius et sapiente aut.','1979-04-07 21:54:31','1997-08-14 11:45:59'),(474,41,'Cumque aperiam quam ea nobis. Consectetur qui praesentium accusamus saepe consectetur repudiandae temporibus. Fuga cum quod esse. Et molestiae sunt amet ad possimus.','1985-08-10 17:58:13','1999-11-28 00:00:21'),(475,141,'Iure debitis architecto aperiam est exercitationem. Voluptas aliquid officiis voluptates quia mollitia voluptatum itaque. Est pariatur qui fugiat temporibus facilis a earum.','1986-09-26 05:52:00','1973-11-21 06:51:01'),(476,167,'Cum molestiae aut in neque molestias. Porro expedita tempore rerum magnam et perspiciatis veniam odit. Harum et cupiditate impedit non libero aspernatur illum.','1980-05-10 03:59:31','1981-06-06 19:50:36'),(477,2,'Maiores excepturi et quo et. Quos non voluptas nam ullam voluptates. Eligendi placeat omnis ut consectetur rerum et debitis.','2006-05-27 12:33:33','2013-05-16 09:40:54'),(478,8,'Qui id ut est commodi sapiente tempora. Explicabo aut sit et. Voluptatem voluptas minus deleniti dolores quo et ipsam soluta.','1982-05-09 07:09:33','2013-06-29 11:58:44'),(479,93,'Recusandae excepturi totam rem veniam impedit officiis et. Et ut pariatur dolore sunt explicabo quis. Molestias incidunt modi qui et velit eum. Iure voluptatem in nobis repudiandae ducimus ratione.','2003-02-21 13:48:12','1991-09-23 05:31:06'),(480,29,'Quis vero in incidunt ut. Aut voluptatem molestias impedit molestiae.','1989-08-02 22:03:27','2014-05-18 15:29:56'),(481,97,'Autem fugiat pariatur ea. Aut blanditiis velit quas aut dolore qui.','2001-05-26 09:58:12','1971-03-20 09:14:48'),(482,76,'Eligendi iure recusandae aspernatur voluptatem expedita neque aspernatur asperiores. Sunt perferendis laboriosam sit rerum animi sapiente necessitatibus error. Optio quis aut ipsum ut vitae sit quo. Omnis molestiae molestiae porro voluptas omnis fugit odit. Nam cum consequatur dicta voluptates maiores veritatis.','2017-01-31 11:55:28','1992-06-26 16:09:12'),(483,168,'Iusto ex et laboriosam nobis. Rerum officiis quis et quia et cupiditate soluta. Quasi quidem architecto doloremque adipisci ducimus.','1995-08-05 20:29:08','1982-06-19 05:57:15'),(484,104,'Nobis autem minima et quae et distinctio. Sed nisi alias dolorem est. Animi quia eum maiores qui sint atque.','1988-01-18 10:35:23','1991-01-01 22:12:40'),(485,92,'Qui beatae ut ut dolorem. Voluptas omnis quasi quos sed et nostrum. Enim odit placeat velit consectetur et perspiciatis occaecati.','2002-10-16 04:51:38','2007-06-23 17:54:08'),(486,111,'Impedit inventore ut et possimus nesciunt. Aut enim esse amet quis fugiat accusantium. Amet ipsum omnis doloribus cumque ut et qui. Itaque voluptates aut at velit.','1974-01-14 19:50:11','2007-05-06 18:24:57'),(487,64,'Sit laudantium cupiditate aspernatur ducimus perferendis. Dolorem tempora et harum totam delectus deserunt nemo. Quia impedit voluptas explicabo vel deserunt.','1993-11-04 13:22:32','2001-12-24 07:16:41'),(488,87,'Enim libero impedit aliquid provident explicabo officia quam. Et reiciendis voluptas ipsam voluptas deserunt assumenda. Et voluptatem ullam tempore. Cum aut aspernatur dicta recusandae officia aut eius aut.','1988-04-14 12:44:32','2003-02-06 14:03:00'),(489,186,'Aut qui sit aut autem reiciendis. Placeat sunt ut molestiae et ipsa in. Reprehenderit debitis ipsum sunt in odio occaecati. Nam minima voluptatem qui blanditiis molestiae at exercitationem.','1978-03-21 22:22:17','1972-08-19 22:17:33'),(490,44,'Voluptatibus nam quas possimus quo itaque optio. Dolor quidem totam dolores ut necessitatibus. Illum explicabo fugit velit fugiat tenetur consequuntur.','2016-12-02 18:46:37','1974-04-28 17:20:38'),(491,120,'Iste est ratione sunt reiciendis ea voluptatem. Dolorem nam temporibus magnam qui doloribus et tenetur. Eos ut quia nihil quia saepe.','1983-12-14 23:33:13','1997-04-19 04:29:01'),(492,128,'Repellat et aut inventore qui et. Voluptatem error illum amet qui. Maxime deleniti repellat minus accusamus et aperiam. Tempore mollitia dicta quam doloribus ut aspernatur esse.','1988-03-04 13:14:07','1982-12-18 06:02:29'),(493,7,'Rerum non fuga aut veniam earum. Inventore animi hic suscipit repudiandae vitae numquam. Exercitationem rerum dignissimos omnis dolores voluptatum. Excepturi impedit sunt voluptates distinctio recusandae maiores.','2012-06-24 08:18:12','1989-09-26 20:34:56'),(494,130,'Alias eaque harum id. Autem voluptas sit voluptatem ratione autem. Laboriosam pariatur necessitatibus dolorem et velit eveniet.','1992-01-16 22:28:50','2002-05-09 16:09:00'),(495,106,'Suscipit et voluptatem ipsam quam et saepe. Impedit quod asperiores deleniti reprehenderit eum atque consequuntur vel. Illum unde a dolorem.','1981-10-04 09:36:10','1993-10-04 21:49:49'),(496,188,'Voluptas rerum maiores quibusdam aut molestiae et. Adipisci voluptas sunt officia explicabo. Enim numquam voluptatem quis et.','1986-07-08 09:41:24','2007-10-11 17:34:52'),(497,72,'Suscipit pariatur nesciunt consequatur corporis veritatis rerum. Porro quis possimus perspiciatis nobis nostrum corrupti. Modi sed nemo assumenda enim quae accusamus sed. Sed doloribus ut autem et blanditiis eum.','2014-03-02 04:47:54','2009-11-21 23:11:12'),(498,103,'Quisquam omnis qui velit rem recusandae eius ea. Corrupti in accusamus aliquam. Aut mollitia provident mollitia est voluptatem soluta est.','1980-03-05 09:06:14','2018-03-14 20:27:37'),(499,170,'Rerum deserunt et laborum quibusdam. Rerum expedita placeat ipsum pariatur beatae minima rerum. Occaecati voluptatibus possimus quo aut rerum corporis. Excepturi nemo commodi distinctio quia voluptas. Tempore perspiciatis eveniet adipisci magni rem ab.','2001-10-07 06:21:47','1975-08-05 05:29:03'),(500,97,'Aspernatur amet ea officia dolorem quia qui. Ut recusandae consequatur nulla est accusantium. Unde optio incidunt qui quia quia soluta. Praesentium et quod quos aut.','1970-01-21 05:06:54','2000-05-25 12:40:17'),(501,190,'Et quidem delectus magnam et. Repellendus ut et consequatur ut unde occaecati. Sint neque et dolorem suscipit et distinctio et. Omnis mollitia exercitationem rerum et.','1992-06-28 01:18:25','2008-05-08 13:04:54'),(502,184,'Impedit qui deserunt facilis doloremque repudiandae. Cumque enim id nobis maiores. Omnis nulla qui qui cumque harum.','1991-06-20 06:37:22','1982-08-15 19:22:24'),(503,66,'Enim voluptatem repellat assumenda vero non. Non voluptas rem rem. Qui quia qui nesciunt impedit non. Distinctio aperiam omnis similique a consectetur odit aut quae.','1984-05-29 02:41:14','2010-09-25 18:49:37'),(504,165,'Corporis incidunt quas et eius enim soluta. Eius molestiae architecto saepe earum voluptatem. Ut sit unde autem deleniti.','1979-08-29 08:19:16','2014-01-24 12:31:47'),(505,24,'Harum nihil dolorem perferendis corporis ratione. Ut ipsum ut vitae maiores hic. Ipsa voluptas deleniti ut harum omnis.','1993-10-17 07:11:17','2000-07-15 14:45:44'),(506,7,'Nobis ducimus consequatur vero culpa. Esse illum velit eius qui amet omnis. Rerum quia in voluptatibus qui consectetur.','1983-04-19 19:06:57','2011-06-06 14:42:11'),(507,131,'Ut reiciendis ipsam molestiae ex. Eius eos id laboriosam consectetur. Consequatur laborum velit in voluptatibus.','1989-01-27 02:33:31','2019-09-20 07:33:00'),(508,26,'Rerum est quis qui molestias quia et. Ab et consequatur dignissimos ut. Voluptatem illo provident facere adipisci. Cum dicta tenetur quidem cum omnis.','2010-08-18 16:02:05','2001-03-04 15:52:17'),(509,15,'Officia natus veniam ipsum animi itaque in commodi quidem. Similique sunt consequatur est ipsum pariatur reiciendis voluptate. Quia ea atque et est. Quas omnis rerum nostrum molestias.','2010-08-28 15:46:01','1972-01-12 15:36:49'),(510,24,'Esse consequatur expedita quia omnis praesentium. Recusandae quidem qui quae quia rerum facilis. Sit veniam vero et a rem repellendus.','1980-04-04 22:02:09','1987-03-03 08:20:22'),(511,54,'Sequi nihil quasi similique neque itaque. Molestiae aut voluptate veritatis consequuntur sunt dicta.','1976-11-24 23:35:14','1984-08-03 22:44:09'),(512,112,'Rerum aut minima voluptatum aliquid deserunt blanditiis et. Consequatur ut consequatur hic aspernatur. Tenetur harum totam est. Est commodi rerum ab. Aspernatur beatae occaecati debitis.','2016-06-28 23:26:19','2006-05-27 10:21:30'),(513,100,'Sunt nostrum et molestiae ut corporis. Et est ad voluptatibus quam fugit. Qui numquam eveniet in et.','2008-04-07 00:44:59','1972-03-15 04:16:08'),(514,21,'Minima quos voluptatibus aut sint excepturi sit quo exercitationem. Culpa dolores repellendus omnis voluptatem. Ipsam saepe dolor expedita iste id id commodi.','2017-11-17 15:22:37','2016-05-07 19:51:08'),(515,16,'Asperiores rerum perspiciatis dolores id sunt nihil. Dolores aut quibusdam vel atque minima optio.','1975-10-01 15:25:43','1988-11-03 10:16:17'),(516,192,'Quo aut sequi nam tenetur est non sapiente. Maiores et repellendus explicabo ullam repellendus et. Rem doloribus repellendus suscipit et eius cum.','1987-07-11 13:50:58','2000-10-08 18:13:20'),(517,132,'Sapiente quos alias eaque praesentium. Dolores tenetur officia aut qui facere assumenda reiciendis eos. Sit harum corrupti officiis harum.','1975-06-26 15:59:15','1981-12-13 10:13:13'),(518,79,'Adipisci expedita voluptate nulla labore. Atque eveniet et sit. A architecto aut quo quidem ut.','1997-06-04 04:08:55','1974-10-23 21:03:52'),(519,79,'Dolorum veniam nostrum similique alias assumenda voluptas. Tenetur cumque reprehenderit nostrum omnis quis in reprehenderit. Qui fugiat reprehenderit sint ea.','1986-12-15 01:54:49','2007-08-07 04:50:32'),(520,118,'Architecto atque commodi deleniti repellendus vel voluptatem tempore. Atque aliquam quaerat dolorem repudiandae. Eos debitis iure molestiae id aliquam laudantium et. Debitis nemo dolorum illum. Vitae itaque magni blanditiis placeat.','2019-04-28 07:26:43','2018-07-12 13:42:41'),(521,123,'Corrupti omnis ratione et illum possimus natus dolorum. Neque est ut sit modi dolores. Natus vel modi earum distinctio repudiandae sint.','2000-03-31 02:34:29','1985-07-22 14:32:00'),(522,198,'Quis mollitia omnis saepe voluptatem. Commodi exercitationem error sint est aliquam. Ex temporibus consequatur nulla tenetur repudiandae rerum illo. Consequatur sint sed et velit et tenetur sit.','1977-02-15 06:12:26','1984-03-28 09:50:12'),(523,46,'Voluptates doloribus nobis deleniti velit fugit. Voluptate voluptate quibusdam alias autem excepturi sit quas. Cum dolor in est dolore velit. Repellat fugiat omnis consequatur sint iusto.','1995-08-07 11:41:19','1992-01-30 17:30:28'),(524,129,'Dolores rerum qui laudantium reiciendis officia. Dolor repudiandae sequi labore. Quod porro aliquam et laboriosam nesciunt qui.','2015-08-22 07:53:33','2014-03-14 08:25:16'),(525,128,'Placeat quasi dolores ab quibusdam. Autem eos qui nam quod in. Consequatur ex autem est. Nam officiis vitae molestiae quo officiis natus omnis.','2013-11-01 15:09:48','2004-05-18 13:13:12'),(526,151,'Consequuntur qui eligendi id omnis eum. At libero et et tempora. Quo rerum corrupti ut id ullam.','1977-03-25 06:17:24','1974-11-23 01:17:05'),(527,116,'Et vero cum facilis placeat mollitia unde. Molestiae ab aliquid excepturi maxime rerum deleniti perspiciatis. Quaerat delectus dolorem et ea repellendus delectus accusamus tempore. Cumque molestiae voluptate minus sit et vel.','1977-04-27 12:02:51','1980-05-12 05:05:25'),(528,200,'Ut at ad odit non vitae quae est. Voluptatem delectus saepe ea id qui magnam.','2017-01-07 22:50:26','2020-08-20 20:17:33'),(529,54,'Ullam occaecati et pariatur iure suscipit qui nulla. Laborum voluptatem blanditiis aut quisquam error dignissimos.','1983-06-05 19:55:59','1996-01-30 05:03:37'),(530,86,'Est ad aperiam nostrum consequatur. Voluptatibus totam sapiente non maiores inventore hic quos. Blanditiis quo repudiandae aperiam. In explicabo praesentium maxime.','1995-04-19 01:38:53','1993-12-19 11:00:29'),(531,97,'Maxime nesciunt et magnam id. Dolor voluptatem in ullam et. Illum rerum est qui porro hic ut iste. Dolores commodi odio fugiat reprehenderit est.','2004-11-12 08:15:27','2010-09-27 22:48:29'),(532,43,'Porro corporis quis temporibus quo. Maiores et beatae id omnis est et. Optio corrupti assumenda sit quisquam et. Tempora nam repellat exercitationem autem.','1985-08-05 22:59:10','2014-07-31 14:59:44'),(533,69,'Velit harum eos sit quidem doloremque. Sed est quam nihil quia eaque. Dolore fuga assumenda sunt tenetur repellat nemo blanditiis sunt.','1986-12-25 02:03:21','1984-12-31 05:40:31'),(534,163,'Consequatur porro eaque repellendus quo. Porro ipsum corrupti est iste in et voluptas. Sint labore repudiandae cum et illum. Magni ex quae aut a rerum quaerat sed delectus.','1978-03-17 17:31:04','1979-04-06 23:20:49'),(535,7,'Rerum nesciunt qui facilis sit harum rerum. Adipisci magnam omnis soluta sit natus. Dolore quaerat voluptatum tempore sit. Et laborum dolorem provident eum ea cumque ea.','1989-09-21 13:08:04','1978-10-08 10:07:25'),(536,93,'Tenetur voluptatum velit neque exercitationem sit earum nam. Aut explicabo suscipit autem vero eveniet. Beatae dolores modi sed. Expedita ut rerum nam est consequatur animi quaerat.','2006-10-14 21:37:56','1984-02-23 18:54:19'),(537,169,'Provident eos nulla maiores voluptatem harum sint autem voluptatem. Esse numquam qui quis et. Quia reiciendis illum non.','1981-12-22 01:39:59','1985-02-06 23:19:57'),(538,138,'Ab nostrum officiis tempora aliquid. Nihil et asperiores incidunt porro rerum. Alias et nostrum est necessitatibus.','1982-08-15 01:37:56','1994-10-24 10:54:37'),(539,118,'Molestiae placeat ullam earum iure ratione natus nostrum. Ipsa error nam velit voluptatem quam. Corporis veritatis deserunt vitae sint consequatur perferendis accusamus.','1991-01-01 23:50:03','1995-04-05 08:57:43'),(540,184,'Ducimus ea atque minus consequatur qui qui ipsa. Beatae mollitia ut et ipsam eum ea quos omnis. Hic laudantium voluptatem velit amet et modi dolorem eveniet. Qui quam unde consectetur enim delectus enim.','1973-08-03 03:18:46','1979-09-10 15:46:29'),(541,161,'Quam enim sit quo sed non sed magni voluptatem. Velit sunt dolores maiores dolor ut tempore.','1987-09-03 17:32:52','1987-01-17 18:39:25'),(542,171,'Sit corporis eos adipisci non delectus. Dolores distinctio exercitationem nemo ullam qui. Aspernatur molestias est reprehenderit aperiam.','2015-11-29 17:21:43','2009-04-12 20:09:50'),(543,95,'Dolor et vero nisi qui ratione. Non inventore voluptatem velit sit. Similique aspernatur voluptatem et et nam sint.','1996-07-29 07:54:05','2014-05-27 17:20:54'),(544,61,'Et autem accusamus magni molestias et sunt cupiditate. Inventore sed iure aut esse quia nesciunt ut iusto.','1982-08-07 07:43:58','2002-09-11 23:30:36'),(545,192,'Odit natus deserunt ab. Ab ex illo sequi eum. Deleniti voluptatibus maiores nesciunt. Voluptates aperiam qui beatae natus.','1993-04-05 02:27:42','1990-11-22 11:31:43'),(546,111,'Ipsam nisi sed quia ea. Id quis at tempore blanditiis ullam aut. Nihil facere enim vero inventore quis cupiditate deleniti quia. Nobis omnis eveniet quos occaecati necessitatibus sequi nihil.','2011-12-14 23:53:51','2005-07-04 12:31:42'),(547,52,'Iure officia dolores cumque. Voluptatum non et ea ea. Tempore corporis odio et enim cupiditate. Vero non unde tempore labore voluptatibus optio.','2011-10-26 22:19:59','1974-09-01 17:31:46'),(548,124,'Aut autem natus vel accusamus quam. Quia qui sit eos dolorem. Distinctio corrupti voluptatem velit.','1994-07-13 15:41:36','1971-09-09 07:39:41'),(549,189,'Eligendi dignissimos explicabo omnis cumque. Dolor corrupti quas quia porro voluptatem qui reprehenderit. Provident hic necessitatibus molestiae sit repudiandae qui. Voluptas dignissimos vel aut cumque quas aut deserunt.','1988-04-17 08:58:47','2019-06-24 16:30:23'),(550,130,'Distinctio porro itaque rerum eos omnis nihil. Et deleniti sint architecto tempore non sed rem temporibus. Facilis harum modi excepturi qui nam consequatur est. Omnis possimus omnis aspernatur sit.','1974-03-24 08:38:01','1975-02-09 18:47:58'),(551,42,'Eos sed et provident iusto fuga beatae doloribus. Est laudantium voluptas qui quasi enim. Eos in nostrum mollitia quas dolorem. Fugit in nihil qui nostrum totam in cumque.','1984-04-17 02:40:21','1970-07-21 06:42:00'),(552,112,'Facere voluptas ipsam non sed tempore vero quidem. Suscipit soluta et ea est autem nam. Laboriosam mollitia mollitia iure. Eaque placeat quia omnis minima.','2007-10-07 06:42:32','1997-12-25 01:49:22'),(553,128,'Rem voluptas voluptatem esse sit maxime voluptas molestias. Officiis qui saepe est ipsum quisquam praesentium tenetur officiis. Deleniti eaque autem quibusdam id vel.','1995-08-10 08:33:08','2002-06-15 14:22:55'),(554,88,'Sint eveniet quibusdam nesciunt quo non nulla delectus. Facilis necessitatibus sapiente ea est ea nam. Maiores magni consequuntur deserunt dolorem ducimus libero amet et. Optio eligendi consequatur voluptas et.','1975-03-10 01:40:23','2011-05-16 13:54:37'),(555,40,'Animi ratione consequatur consequuntur ut. Praesentium ut eaque accusamus fuga. Voluptates tempora amet sint consequatur.','2012-01-13 01:07:39','1981-03-25 06:30:18'),(556,56,'Amet voluptatum quae quae cumque porro. Ut omnis consequatur et harum. Sequi qui est velit possimus.','1981-06-09 07:31:10','1990-02-10 14:37:07'),(557,38,'Corrupti sunt quia voluptatem doloremque dolor fugiat aut quae. Corporis nisi non aut eveniet quo. Et quia non accusamus temporibus molestiae. Quia aliquam est dolores non commodi voluptatem quidem.','2019-02-17 18:11:15','1973-01-18 11:01:27'),(558,156,'Facilis placeat esse molestiae. Et officiis eveniet quam deserunt excepturi. Accusantium maiores dolores facere perspiciatis dolor. Aperiam a ea hic quam est eos eius cum.','1972-10-08 16:48:17','1975-10-25 16:43:17'),(559,56,'Quia repellendus rerum et nemo ipsam maxime. Voluptatibus quasi provident nihil culpa numquam. Voluptatum quisquam voluptas dolorem et ut corporis. Qui quibusdam beatae ea explicabo.','2010-12-15 05:08:05','1989-02-05 18:37:07'),(560,91,'Nemo est enim sed fugiat voluptatem occaecati. Ut in eius dignissimos deleniti nihil recusandae praesentium ipsa. Sunt in illo non ea nobis qui dolores. Explicabo aspernatur eius quo accusantium aut ipsa voluptatum fugiat.','2007-08-04 20:15:07','1978-02-16 08:35:12'),(561,42,'Sint sit aliquid eos praesentium nulla. Ducimus eos velit cupiditate dignissimos ea esse. Est et id voluptatibus qui voluptatum voluptatem illo pariatur.','2007-10-19 01:36:29','2003-05-20 12:39:28'),(562,152,'Ab eius ipsum repudiandae maxime. Pariatur minima dolor possimus quis nihil voluptas. Voluptates velit blanditiis distinctio deserunt voluptas.','2015-10-10 01:03:33','2007-08-07 21:26:28'),(563,134,'Voluptatem nostrum in corporis molestias reiciendis alias. Neque impedit assumenda doloribus et rerum possimus quaerat. Sint inventore quis aut. Qui natus sed qui.','1981-10-02 17:54:23','1970-02-04 05:03:15'),(564,111,'Ab laborum aut voluptas explicabo omnis dignissimos sed. Minima eos tenetur exercitationem quia. Officiis commodi incidunt voluptatum et rerum expedita est.','2013-05-11 00:28:13','2017-03-06 12:43:48'),(565,114,'Saepe non fugit consequuntur velit iste repellat. Ea pariatur laborum voluptate libero provident. Ea est distinctio alias commodi repellendus necessitatibus quaerat. Id reprehenderit voluptas dolorem magnam ab eum. Atque officiis soluta eaque tenetur quos et voluptas.','2020-02-13 19:05:50','1983-04-01 22:21:29'),(566,141,'Doloremque eligendi aliquam minima numquam similique maxime. Atque quod veniam autem qui natus. Consequatur molestiae facere repudiandae molestiae qui.','1973-05-13 23:38:13','2002-08-15 22:41:21'),(567,3,'Veritatis est aspernatur autem sapiente hic repellendus. Qui inventore voluptatem vitae laudantium itaque dolor. Corporis aut assumenda mollitia ducimus quia sapiente.','2006-12-09 15:23:54','1996-02-10 13:04:31'),(568,83,'Ut omnis ipsum sunt. Doloremque dolorum ut hic quos. Corporis ratione fugiat qui nostrum voluptatem.','1995-05-10 01:01:15','1979-02-08 16:14:08'),(569,78,'Ut in rerum natus molestiae est neque. Quia nihil aut quibusdam enim. Hic consequatur laborum aliquid quaerat placeat hic officiis.','1995-05-28 17:42:14','2008-04-05 16:44:39'),(570,121,'Sit officiis perspiciatis animi sint sed ex reprehenderit. Nulla quae voluptates consequatur nostrum. Nisi quia ipsum harum sint doloribus. Dolore ut sit dolor cum voluptatem.','2001-06-19 19:47:45','1997-03-03 02:13:17'),(571,67,'Tempore veritatis qui aut nesciunt expedita eos est. Harum repellat est nam itaque veritatis et sit magni. Dolorem aliquid ex pariatur quidem excepturi. Quo quaerat illo quam odit.','1984-11-01 18:12:58','1995-02-28 14:34:08'),(572,39,'Perferendis nesciunt tempore est saepe vitae. Quia nisi quisquam nihil eveniet. Excepturi alias accusantium aliquid reiciendis vel ut. Ut quaerat quia dolor nihil qui aut. Facilis hic sunt labore dolor sit quaerat et dolor.','2020-12-08 00:51:19','1986-09-28 22:03:24'),(573,92,'Voluptatibus nesciunt quis vero nulla. Et alias et sit voluptas voluptate ullam qui. Pariatur molestiae sint quia tempore praesentium dolorum quod.','2008-08-14 02:08:29','1974-05-11 16:29:58'),(574,162,'Nobis perspiciatis aliquid non rerum fuga. Quasi aut modi illum repudiandae a non nam. Minus asperiores quaerat distinctio deleniti mollitia alias. Deserunt sunt esse itaque sed et omnis et.','1988-01-28 20:28:25','1987-03-03 05:07:55'),(575,99,'Ab ratione repudiandae repellat aut ea et mollitia et. Maxime facilis labore saepe cumque sit nihil neque. Maiores aperiam dolorum sunt velit a ut earum est. Accusantium mollitia dolorem voluptatem iure et ut molestiae.','1993-01-07 11:59:58','1997-05-12 17:12:20'),(576,84,'Optio ullam temporibus voluptatem saepe a minus dignissimos. Amet ut aut ut ut pariatur animi corporis. Aperiam et explicabo modi. Asperiores iusto consequatur sed.','1982-10-19 05:23:47','1999-05-17 04:29:22'),(577,72,'Et similique incidunt facilis dolores hic hic voluptatum animi. Distinctio enim earum dicta. Suscipit blanditiis soluta cumque alias. Cum veniam est ut nam velit qui.','1972-01-25 06:45:54','2005-03-23 22:16:17'),(578,151,'Architecto nemo non consequatur perferendis aperiam commodi harum. Similique voluptatum dignissimos voluptatem nostrum voluptas voluptatem minima. Fugit dolorem qui illo ea.','2017-05-21 08:43:32','2000-09-27 08:40:13'),(579,8,'Excepturi deleniti nihil atque corrupti laboriosam. Et molestiae qui maxime repellat iusto. Magni eligendi adipisci aperiam assumenda. Voluptatem incidunt rerum quae perspiciatis qui soluta aut odio.','2019-06-07 14:39:29','1989-09-18 10:48:21'),(580,60,'Doloremque inventore est sit illo quas sapiente quos. Nemo et maxime eum et quisquam cumque. Consequatur laborum labore possimus ut fugit magni rem.','1992-03-23 19:03:16','1982-05-29 20:53:00'),(581,80,'Qui voluptatem dolorem saepe ut id. Nostrum facilis voluptas ad adipisci.','2001-08-10 20:04:13','2015-07-23 09:26:10'),(582,49,'Inventore porro nihil aut eligendi. Mollitia iusto et fugiat consequuntur. Et quas sit rerum deserunt incidunt.','1989-04-04 13:16:43','1999-12-11 07:04:33'),(583,172,'Doloremque veniam quae saepe dolor eos nemo quibusdam dolorem. Eum quo expedita sed quis autem sunt necessitatibus. Voluptates dolorem explicabo vel doloremque voluptatum et exercitationem.','1994-12-04 13:17:50','1993-06-12 16:45:40'),(584,7,'Officia sit ut est animi eligendi fugiat cumque est. Impedit numquam soluta dolores aspernatur quia.','2011-09-22 03:57:19','1990-12-14 20:44:00'),(585,136,'Quis est id eveniet a. Esse voluptas corporis excepturi qui quisquam ut cumque. Perferendis minus dolorem officia.','2007-06-21 17:01:15','2015-10-01 13:09:42'),(586,11,'Ab amet asperiores pariatur quia mollitia sunt. Quasi voluptatem omnis error et sint. Nihil id modi delectus est eos. Magni atque quia accusamus itaque.','1974-04-02 01:53:39','2013-01-29 20:00:20'),(587,63,'Ut fugiat totam voluptate ut quasi. Aut modi quia dicta minus veritatis similique vitae. Officia ut sed quo nam consequatur cumque laudantium.','2010-12-09 05:49:49','1974-04-03 16:34:01'),(588,174,'Numquam perspiciatis ut odit quia sit omnis. Quasi quia non aperiam quasi. Dignissimos quibusdam velit enim possimus.','1978-01-23 20:53:00','2020-07-03 03:48:39'),(589,167,'Et harum magni repellendus quia asperiores. Autem hic nam consequatur porro omnis. Dignissimos adipisci deserunt modi aliquid sequi possimus aut.','2017-04-12 08:25:37','2020-01-23 04:10:18'),(590,118,'Repudiandae quasi odit amet et officia et vel sit. Laudantium dolorem nobis neque quia. Id dignissimos ut in ut et eius.','2003-11-10 11:47:00','1983-01-07 20:28:58'),(591,65,'Dolor autem amet tempore et voluptatum. Aut repudiandae quidem consequuntur est. Eveniet sit dolorem sed ut natus.','2015-01-30 05:59:55','2002-03-21 16:14:13'),(592,8,'Sequi a voluptate laudantium culpa porro alias. Placeat quo autem est rerum repellat hic. Et repellendus laboriosam eos labore. Repellat aut omnis sunt consequuntur omnis optio impedit.','1981-04-28 18:17:13','2018-08-21 03:48:15'),(593,70,'Minima qui dolorem mollitia non illum. Numquam culpa iusto delectus unde. Veritatis quibusdam officia alias.','2013-08-13 13:21:39','1986-11-13 08:58:58'),(594,198,'Culpa harum qui similique. Tenetur facere quia et facilis.','2013-08-27 17:42:13','1991-09-25 23:24:24'),(595,118,'Illo nihil dolores qui ex. Consectetur cumque dolorum id ad quibusdam. Corrupti saepe necessitatibus veniam iure voluptates cum.','1974-10-16 07:57:09','2015-10-08 06:59:10'),(596,183,'Ipsa adipisci quisquam deleniti odit adipisci. Blanditiis et deserunt ut iusto. Eum molestias sunt consequuntur iusto eaque quaerat non nobis.','1970-08-14 10:51:45','1972-02-04 04:50:16'),(597,138,'Asperiores quidem labore placeat pariatur quia maxime voluptate quae. Enim aut dolores eos facere. Quia adipisci nesciunt ut praesentium. Natus est iste cumque.','2008-10-14 14:06:35','2004-11-16 04:14:40'),(598,121,'Ex ut et sit nihil. Provident quasi magnam eum eveniet voluptatem. Tempora sint accusantium neque veritatis eligendi sint.','2001-03-08 12:36:31','1995-03-25 15:05:41'),(599,66,'Aperiam nostrum dicta quisquam quis labore molestias. Saepe amet facere occaecati delectus voluptas excepturi. Velit corrupti alias molestias similique placeat aut provident. Explicabo reiciendis nostrum adipisci est voluptatum.','1999-07-09 03:54:27','1991-08-02 19:45:03'),(600,15,'Illum consequatur non iusto et. Expedita quia repudiandae quia est quia. Et soluta esse qui doloribus. Placeat sed dolorem facere explicabo fuga. Praesentium expedita qui quibusdam in nostrum.','2012-03-29 21:43:17','1990-07-30 09:30:27'),(601,41,'Et nam et quas ipsam libero fugit. Quia delectus aut enim voluptas consequatur eum qui blanditiis. Quas earum qui explicabo quia.','2016-10-10 20:24:26','1976-12-19 17:16:59'),(602,132,'Aut repudiandae aut iste et eos odit. Quibusdam eius deserunt ea consequatur laborum architecto. Dolorem suscipit provident consequatur numquam.','1974-04-10 05:59:14','1971-11-06 07:57:59'),(603,54,'Qui reprehenderit assumenda et quod. Voluptate laboriosam fugit et incidunt. Nemo deserunt et sit et.','2020-07-09 00:09:09','1986-11-07 03:16:07'),(604,132,'Exercitationem sint facere aut eaque at rerum illo molestias. Odio incidunt atque architecto fugit enim. Architecto modi quaerat nulla in perspiciatis totam aut autem.','1972-12-20 06:01:18','2012-09-19 02:56:19'),(605,94,'Voluptate alias dolores ab cumque eveniet eos dolorem. Voluptates veritatis saepe voluptatem illum veritatis dicta enim. Officiis beatae ullam ullam dolor illo.','1989-12-25 10:06:41','2002-10-21 02:29:00'),(606,153,'Repudiandae similique provident non ad delectus dolorem explicabo. Enim sequi aut porro sed quia dolorem. Repellat dolores explicabo ut voluptatem.','1987-09-18 12:14:37','1999-03-23 18:38:26'),(607,15,'Non deleniti vel adipisci harum dignissimos praesentium provident. Ex qui alias corporis. Provident a cumque et at voluptatem. Quos voluptatum iure ipsum.','1988-06-01 10:44:04','1984-04-09 05:26:02'),(608,165,'Qui sed excepturi voluptatum dolores quis. Et eos eum numquam rerum aliquid.','1970-08-09 05:00:35','2003-07-08 07:38:52'),(609,103,'Dolores tenetur ex quia unde dolor quaerat officiis. Repudiandae libero voluptates rerum nemo. Quidem vero officiis enim velit.','1984-07-23 06:52:07','2019-05-13 20:25:20'),(610,22,'Ipsam culpa ea aut molestias quia. Quis sed in accusantium qui. Et id soluta cupiditate reprehenderit. Eum deleniti veniam possimus ut nemo.','1999-06-28 20:41:05','2005-07-31 14:31:12'),(611,25,'Iste placeat autem sit ex dolorem nihil nulla. Et hic laboriosam error ut sunt eaque dolorum. Vel ut ut officia voluptatem nam.','1985-09-30 12:12:09','2016-02-06 21:38:43'),(612,182,'Totam ipsum repellendus exercitationem laboriosam officiis corporis voluptatem. Ab itaque suscipit autem debitis nesciunt nesciunt repellendus. Fuga laudantium omnis non sint deleniti. Deleniti omnis quis magnam perferendis eaque.','1992-09-02 11:41:02','2002-06-28 23:10:51'),(613,71,'Ut delectus error sit enim labore consequatur. Non sit quod quos sit. Et recusandae et delectus architecto. Fuga facilis vel aut.','2010-08-28 12:44:07','1995-07-22 12:11:38'),(614,196,'Deserunt nostrum quos tempora perspiciatis nulla. Quis cupiditate dolores velit esse vel. Eligendi enim dolor voluptatem rerum labore. Rerum est voluptatem sed corporis accusamus adipisci.','1971-11-26 12:55:27','2016-01-11 00:56:35'),(615,189,'Dolorem recusandae voluptatum aut. Eius molestiae qui voluptatem accusantium tempore. Corrupti consequatur non excepturi et debitis sunt quisquam.','2009-09-06 17:45:37','2007-09-11 20:42:46'),(616,6,'Error provident quas quia sunt quo ipsum. Qui amet nobis doloribus optio corrupti. Dignissimos tenetur quis ipsa aliquam.','1985-07-19 12:20:57','1989-03-03 05:12:26'),(617,6,'Nihil tempore ut ipsa cum aperiam autem. Quae et id a consequatur mollitia laboriosam. Et doloribus eveniet molestiae.','1999-02-21 08:16:45','1979-03-08 06:18:14'),(618,52,'Sit quo quibusdam quis. Magnam quia molestiae sint. Porro qui eum iure qui temporibus. Repellat illo sunt voluptatem accusamus quas recusandae.','2020-03-17 18:58:06','2007-07-17 21:39:26'),(619,180,'Voluptatem rerum qui rerum et consectetur. Voluptates eos omnis eum quia vero quas. Doloremque consequatur voluptas sed error odit. Aut quaerat error est facilis et fugit velit aspernatur.','2014-03-01 05:10:23','1989-08-19 08:06:31'),(620,173,'Impedit explicabo rerum blanditiis eos et eligendi et. Mollitia est porro consequuntur qui deleniti. Nostrum consequatur sapiente qui officia sed.','1993-07-17 03:15:05','2006-01-25 02:22:50'),(621,169,'Quo ratione voluptatem eum perspiciatis. Placeat dolores reiciendis pariatur quisquam modi quia expedita. Molestiae praesentium perspiciatis ut sequi a dolorum accusamus. Quos voluptates qui consequatur voluptate eius maxime deleniti.','2016-11-03 05:21:51','1987-10-07 15:49:07'),(622,44,'Dolores rerum doloribus sit et. Qui nisi enim in at nesciunt. Aut aperiam ab in ipsum est. Natus sit iste voluptas ipsam.','1990-12-16 20:47:37','1995-07-10 11:22:56'),(623,180,'Commodi voluptas voluptatem vitae cupiditate quo omnis hic voluptatum. Enim ut autem cum aut. Harum doloremque vero sint eveniet quia voluptate.','2008-09-15 08:26:51','2003-03-13 23:48:54'),(624,38,'Iste dolores sit voluptatibus debitis. Voluptas dolore corporis cupiditate ipsa excepturi. Ex consectetur voluptas eveniet quaerat quam.','1995-04-22 06:41:36','1985-11-27 11:27:16'),(625,41,'Nisi facilis quae aperiam. Illo quaerat eos laudantium. Atque repellendus molestias sit earum earum voluptas quia totam.','1979-09-23 14:13:55','1979-07-26 00:09:46'),(626,97,'Expedita tenetur et perferendis eius. Optio exercitationem accusamus beatae ex. Reiciendis fugiat consequatur sequi eveniet.','2002-01-08 02:20:21','1994-07-22 22:03:07'),(627,21,'Praesentium labore facilis totam nihil quia. In consectetur omnis omnis sunt voluptas. Quia voluptatem possimus quis mollitia excepturi. Animi blanditiis omnis ea ipsa eius et architecto.','2007-05-17 12:30:10','1996-04-08 19:10:09'),(628,178,'Sit exercitationem odit atque explicabo quo voluptatibus quis. Vitae praesentium esse sunt non facere autem nihil est. Unde ut reprehenderit qui ipsa.','1971-02-27 00:53:00','1982-11-27 09:15:28'),(629,17,'Quidem culpa sunt quasi consequatur neque rerum. Dolores neque autem excepturi et deleniti numquam. Vero voluptatem ab itaque aspernatur eaque voluptatem deserunt.','1998-07-07 22:37:43','1971-08-07 07:12:15'),(630,87,'Nihil excepturi et reprehenderit ea. Et voluptas accusantium architecto perspiciatis natus consequatur labore nostrum. Eaque consequatur alias suscipit in molestias quia.','1982-06-05 08:42:55','1993-09-06 11:32:54'),(631,193,'Vero quam voluptatem cum at alias itaque doloremque. Sed numquam expedita impedit qui facilis. Nisi voluptas ratione vel autem. Esse tempore quo molestiae autem vel ipsa.','2018-10-27 22:23:29','1991-05-05 06:27:04'),(632,58,'Non ut veniam sit dicta necessitatibus laborum et. Et aut porro architecto qui consequatur neque et. Iusto itaque cumque provident impedit eos et voluptatem modi. Perspiciatis nemo exercitationem quibusdam tempora aut dolorem.','2017-07-31 07:30:10','1971-09-19 13:19:03'),(633,19,'Omnis ad et rerum voluptatum deleniti inventore eaque. Et reiciendis natus quaerat rerum non laborum iure aliquid. Ipsam fugiat ab sunt perferendis.','2006-03-27 20:54:50','2017-11-20 10:22:50'),(634,47,'Labore soluta dicta laudantium id. Et molestiae a aperiam eligendi ea vitae eos sequi. Veniam excepturi earum ipsam laborum.','2018-08-10 19:53:03','2014-08-13 11:41:32'),(635,189,'Vero praesentium quia dolores et et et. Quaerat modi ducimus est. Minima accusamus qui qui voluptatem ad. Voluptas labore deleniti provident accusamus dolor.','1984-08-12 19:22:08','2002-08-02 14:53:10'),(636,112,'Placeat ducimus et provident temporibus fuga voluptatem itaque. Et ut blanditiis velit sed. Nostrum earum distinctio voluptate sunt ab nihil blanditiis.','1998-03-17 12:37:44','1973-06-05 16:32:28'),(637,199,'Veniam nostrum qui distinctio autem est explicabo. Asperiores sit eius autem accusamus quod. Earum molestias dolores ad vel eius a et. Cum temporibus ab eum quis error nisi. Ipsa consectetur aliquam labore repellat.','2017-03-04 20:43:26','1990-03-02 05:32:27'),(638,4,'Odio vel assumenda omnis repellendus corporis numquam quia. Veniam nesciunt itaque laborum praesentium facilis. In enim eaque est quo. Totam beatae fuga laboriosam error amet molestiae.','1989-09-05 11:05:18','2005-06-21 01:58:17'),(639,76,'Voluptas assumenda delectus aspernatur soluta nihil non est. Eaque voluptatibus quia aliquid est pariatur. Id quibusdam recusandae esse consequatur quas est dolore. Corrupti ipsa ut libero aut.','1978-10-01 23:29:31','1996-01-07 13:50:13'),(640,102,'Et accusantium tempore blanditiis voluptas perferendis dicta ea quibusdam. Possimus dolorem harum architecto minima hic eius voluptatem. Consequatur ut maxime nostrum a enim sint corrupti. Aut odit nulla sed itaque. Repellendus autem velit nam totam numquam et explicabo.','1972-01-17 13:04:23','2018-08-27 13:17:21'),(641,26,'Repudiandae magni consequatur accusantium ipsum non velit numquam fugiat. In delectus eaque aperiam porro consectetur doloribus. Sit molestias eligendi dolorem ipsum blanditiis veniam maiores.','1991-01-15 13:07:06','1985-06-30 17:37:12'),(642,100,'Aut laborum blanditiis minus aut. Perspiciatis veritatis inventore sed saepe recusandae. Praesentium tempora nobis delectus ducimus cum. Qui fuga et consequatur dolor ab tempore.','1988-11-16 04:01:00','1990-10-29 16:31:03'),(643,84,'Commodi ex voluptatum qui sequi aliquid. Tenetur ut quae ut exercitationem.','2005-08-28 12:07:34','1975-11-08 07:02:48'),(644,96,'Facilis sint eius voluptatem qui. Reprehenderit quisquam praesentium voluptatem itaque. Maxime excepturi officia ipsam et.','2009-09-07 15:20:07','1985-07-13 16:13:23'),(645,96,'Molestias numquam adipisci reiciendis laboriosam vitae iusto. Perferendis necessitatibus quia aliquam eos quia ad eos. Et sunt aut unde alias aut eum et. Quis voluptas et modi inventore labore qui.','1974-04-25 07:27:32','2000-05-23 12:28:22'),(646,72,'Ipsam et distinctio quisquam id. Veritatis non repudiandae recusandae quo maxime dolores. Quo excepturi repudiandae aut velit.','1987-12-29 01:31:51','1994-10-12 06:55:16'),(647,102,'Eveniet enim itaque ut et cumque. Qui culpa ab et voluptatem laboriosam libero voluptas. Et minima ea sit doloribus velit quam sit. Facilis eum reprehenderit non eveniet.','2003-06-03 12:03:37','1990-02-09 12:52:23'),(648,101,'Ad rem dolor ut in sit. Et aliquid officiis vero reiciendis. Nihil deserunt omnis velit sunt voluptas veniam. Aut illo inventore et suscipit dolore occaecati. Magni et quibusdam culpa.','1988-06-28 08:46:24','2014-09-30 22:05:37'),(649,124,'Perspiciatis animi possimus quod illum repellendus sint. Aut ducimus porro enim eum facere fugit. Et dolorum ut soluta sit. Eos aut praesentium autem dolorem nihil ad. Ut voluptatem eveniet ipsum tempora non voluptates.','2003-10-21 18:22:31','1973-08-14 20:48:56'),(650,81,'Nam ab enim nobis earum. Suscipit sunt fugit eos quos harum quia. Rerum dolorem veniam qui nisi voluptates et quis.','1981-06-10 21:54:07','2014-07-24 14:32:46'),(651,73,'Facilis est fugit id. Aut ut voluptatem aliquam rem omnis eius. Dicta saepe quasi nisi aspernatur aut illo consequatur. Ex et eum deleniti.','2012-10-12 18:10:57','1983-05-13 02:28:42'),(652,93,'Sunt possimus saepe nobis nostrum non impedit. Voluptatibus et rem animi beatae recusandae odit laborum. Alias est sequi perspiciatis.','1998-01-01 07:09:26','1979-09-29 10:16:41'),(653,125,'Quasi rerum itaque eum beatae voluptatem alias quasi. Aut voluptatem velit est est tenetur error voluptatem. Doloribus cum alias minima et esse harum. Id accusantium est quo modi omnis neque.','1998-12-25 04:07:22','2012-06-25 04:00:44'),(654,53,'Molestias illo assumenda voluptate eum quis dicta. Et ut sit non at dolorum ut. Est neque accusantium molestiae nam non accusantium.','1989-02-12 15:07:18','2008-04-08 03:10:26'),(655,131,'Odio quisquam non sit cum deleniti. Cupiditate natus perferendis tempora dolore. Unde quisquam sit sapiente maiores.','1973-05-07 02:49:14','2005-08-03 17:30:58'),(656,165,'Fuga eligendi voluptates sequi aliquid. Est architecto ut repudiandae. Corrupti est velit expedita tempore. Maiores odio et excepturi eius sunt reprehenderit.','1973-10-21 20:33:31','1983-09-05 16:44:55'),(657,149,'Qui deserunt est dolorum. Reprehenderit aut qui amet ratione nemo. Aliquid itaque qui ut voluptatem et eos. Ut quo aut fuga.','1983-08-26 00:50:51','1981-11-30 08:54:31'),(658,151,'Totam eum asperiores necessitatibus et eius vero. Omnis quo libero inventore ut autem. Odio ut quia quod sed. Vitae ea recusandae odit voluptatum consequuntur excepturi consequuntur voluptas.','2009-06-10 04:43:25','2008-02-29 21:48:53'),(659,143,'Repudiandae rerum voluptate eos nulla totam doloremque assumenda facilis. At ut rerum doloremque qui. Provident quia quisquam et.','1979-06-10 10:14:18','1985-09-21 16:19:25'),(660,166,'Non consequatur excepturi enim occaecati. Explicabo quia explicabo impedit in eligendi rem quisquam. Vel repellat accusantium nihil dicta corporis non quis. Cupiditate hic voluptas aut non repellendus quis suscipit.','2007-06-07 15:38:20','1989-08-24 13:50:32'),(661,38,'Fugit in occaecati officia et. Accusantium consequatur delectus voluptatem numquam et delectus. Enim eius rem aut deserunt optio.','1999-03-10 02:53:14','1993-08-12 11:26:45'),(662,136,'Necessitatibus voluptas deserunt blanditiis. Debitis suscipit maxime vitae provident. Pariatur sed laboriosam libero dolor aperiam ratione autem. Et ut quaerat exercitationem amet.','1985-10-13 14:34:10','2005-04-02 01:16:55'),(663,23,'Qui harum fuga quidem excepturi. Eius quo et molestias amet. Eum impedit repudiandae at et enim. Et minus laudantium est aliquam deleniti ab perspiciatis.','1985-04-13 07:42:48','1987-05-12 12:57:34'),(664,56,'Et occaecati exercitationem nesciunt qui odio nihil laborum. Ad illo qui iure sit incidunt sunt. Est impedit est hic nisi est maxime.','1989-08-05 08:12:08','2008-06-06 19:42:27'),(665,182,'Autem cum quam magnam tempore. Et quia cupiditate eum et rerum inventore. Debitis provident optio magnam voluptatem aut. Necessitatibus provident aut recusandae ea culpa assumenda non.','2020-09-22 15:30:47','1974-09-17 07:34:59'),(666,12,'Magni ut quaerat inventore sunt dolore. Ipsa possimus tempora quas ut sed labore nulla. Eos dolorem non odit non voluptatibus adipisci voluptatibus. Animi fugiat quas modi ipsa.','1999-02-04 16:15:11','2008-10-04 18:42:29'),(667,168,'Quia repellendus consectetur possimus omnis eos culpa maiores. Vitae facere quas maxime magni fugit. Vitae reprehenderit ut quis cumque amet vel cum quia.','1991-09-09 13:49:29','1974-02-15 18:20:12'),(668,181,'Commodi et molestiae qui ut ut. Id consequatur vitae repudiandae illo. Numquam aut et et est delectus. Dolores commodi repellendus aut in quia.','1994-07-13 02:29:42','1997-05-04 11:22:54'),(669,15,'Velit quisquam veritatis accusantium. Velit excepturi nulla eum dolorem aperiam veniam officia.','2017-08-24 09:57:51','1993-04-12 15:21:48'),(670,43,'Minima tenetur ducimus ut optio repellat eius. Ad qui voluptas blanditiis doloremque id repellendus. Voluptas voluptate est accusamus recusandae. Ut perspiciatis qui non quam exercitationem delectus earum.','2013-01-30 06:25:25','1990-12-20 15:58:24'),(671,82,'Quia possimus suscipit culpa quia blanditiis libero perspiciatis. Laborum suscipit qui occaecati dolores et dolor. Quibusdam reprehenderit reiciendis sed minus eum et quis. Est voluptates nostrum omnis laboriosam nesciunt quia delectus sint.','2004-01-03 11:42:32','1992-05-20 16:01:54'),(672,41,'Voluptates voluptatem omnis eaque omnis. Officia amet dolorem ullam neque.','1986-04-28 14:33:43','1987-05-04 19:43:44'),(673,143,'Omnis rerum quia dignissimos laboriosam tenetur molestiae. Minus aut ducimus omnis officiis fugit rerum minima. Est aspernatur corrupti similique et debitis vero et.','1995-11-09 23:15:18','1984-10-13 19:24:54'),(674,165,'Repellat qui nam accusantium dolorem iusto qui in. Cumque repellendus dolorem perspiciatis necessitatibus in. Sed aut modi in maxime.','2009-04-30 21:39:55','1972-03-27 03:36:30'),(675,137,'Omnis dolorem dignissimos facilis aut. Labore est expedita nobis. Tenetur id dolorem nostrum ut. Omnis dolorem commodi sunt veritatis modi aperiam quis.','1999-02-13 21:05:00','2021-02-17 09:43:04'),(676,38,'Quia aliquid iste est aspernatur eius et ducimus assumenda. Quia sed corrupti ea facilis. Non voluptas odit et suscipit facere ad qui perferendis.','2002-02-20 10:21:48','1975-09-17 01:49:32'),(677,37,'Voluptatum delectus sapiente rerum eius. Quisquam voluptate placeat aliquam voluptas fuga praesentium. Rerum voluptatem omnis et est.','1976-01-03 20:36:16','1972-08-27 15:31:30'),(678,38,'Optio vel nulla esse aut non est hic. Minus ducimus illo magni consectetur possimus perspiciatis. Sint eum praesentium vel doloremque qui. Dolor qui voluptas qui enim qui ut dolore.','1992-02-02 18:58:15','1988-07-28 20:06:14'),(679,139,'Id nisi aliquid quia voluptas porro et. Consequatur beatae omnis rerum aut omnis vitae nihil. Atque aut reiciendis aut non quasi. Aspernatur qui maiores rem.','2006-02-02 15:33:06','1978-11-16 07:21:16'),(680,161,'Et laudantium explicabo dolore quae et. Esse veniam et quam. Qui omnis est ratione velit. Consequatur quia temporibus amet sint error culpa omnis.','2020-12-20 23:25:35','1984-06-19 18:04:28'),(681,119,'Consequatur sunt consequatur voluptates molestiae non. Laborum saepe debitis quis dolorem cum ullam. Dolorem qui consequatur vel ipsam architecto sint vel. Iure non et sunt asperiores laborum eum impedit.','2004-03-04 14:49:45','1994-09-13 13:51:38'),(682,12,'Itaque vitae autem ex qui sint quis illum est. Et optio consequatur temporibus facere quas aut.','2004-06-20 13:01:11','1996-12-06 09:46:49'),(683,53,'Perspiciatis est voluptas necessitatibus aut. Eaque omnis quibusdam nemo. Dolor incidunt quis laboriosam suscipit illum est totam. Id velit aut cum doloremque.','1972-06-01 03:40:31','2016-10-10 15:13:19'),(684,44,'Et rerum temporibus alias. Dolorem odit numquam itaque non dolorem. Ut et consequatur aliquam aspernatur animi.','1990-06-22 20:16:14','1990-06-18 04:58:23'),(685,64,'Omnis voluptate id consectetur. Molestiae ut reiciendis ipsam. Accusantium explicabo neque suscipit dolore autem.','2010-11-10 07:00:45','1986-12-27 17:03:15'),(686,183,'Unde sunt esse illum porro porro sit et. Harum quis harum qui eos voluptas vel. Quae accusantium odio similique autem ipsam.','1974-06-18 20:39:10','2001-12-02 14:11:52'),(687,9,'Quos reprehenderit sequi quis hic minus atque illum. Omnis nihil recusandae quis corrupti neque alias accusamus. Iste omnis cumque id non eum eaque nihil. Sit aliquam et dolor voluptates pariatur unde aut ut.','1982-11-14 00:24:35','1995-07-12 11:14:55'),(688,13,'Alias labore vel omnis quibusdam qui tempore nihil. Modi ullam et omnis consectetur facilis sunt aliquid. Sed inventore facilis dignissimos est. Et quis maxime sunt quia in.','2002-11-19 01:39:14','1975-08-24 07:51:34'),(689,134,'Corrupti veniam dolores ea a quae soluta. Qui est cum repellat et sint. Et qui labore et quasi. Animi totam architecto rerum molestiae.','1974-06-25 05:19:15','2006-12-30 12:01:32'),(690,151,'Rem eos dolores autem eligendi. Non aperiam sapiente voluptatem deserunt. Provident autem quia commodi sint at dolores amet. Aut pariatur accusantium molestiae voluptas voluptatum.','2013-12-05 01:18:44','1985-05-26 02:12:13'),(691,178,'Quasi dolorem est suscipit officia. Veritatis autem cum explicabo et voluptas in quo. Non voluptate quisquam quae quia. Omnis blanditiis sit neque cumque aliquid.','1985-06-25 19:20:55','1993-02-20 15:31:16'),(692,171,'Repellat iusto nihil tempore sapiente. Harum excepturi esse qui eum. Ea eveniet corporis nesciunt laudantium hic et.','1977-08-14 07:02:28','2009-01-16 12:38:43'),(693,87,'Error odio doloremque et voluptatem libero. Reiciendis numquam sit ea. Non sint aut sit velit totam. Mollitia aut reiciendis est et omnis quibusdam est repudiandae. Assumenda facilis dignissimos dolores perferendis doloribus.','1982-09-27 23:17:44','1985-05-19 16:08:56'),(694,1,'Qui sunt sed aut labore sed accusamus. Aut est est molestias sit nostrum. Voluptate at consectetur sit dolor.','1998-08-13 11:38:38','1982-09-07 14:15:53'),(695,27,'Labore ex ratione inventore assumenda voluptatem voluptatum. Consequatur repellat quia nihil ea cupiditate sint. Voluptatem laudantium dolorum rem qui exercitationem autem. Omnis eum et corporis nulla fugit.','1998-03-02 19:37:01','2017-01-16 05:59:26'),(696,69,'Blanditiis et nobis aperiam non dolorem. Rerum rerum quasi rerum officiis impedit quasi.','2001-12-03 04:30:39','1977-12-23 19:57:20'),(697,12,'Quibusdam porro aut ut nam et qui. Omnis veritatis consequatur alias quasi aspernatur. Voluptates nihil labore nihil fugiat labore possimus nihil. Dolor qui et officiis minima est voluptas.','1970-08-02 21:00:27','1978-08-28 05:33:03'),(698,194,'Harum tenetur aliquid dolore provident ea. Officia libero tempora aut omnis vel. Aut et quos cupiditate magni quis.','2005-12-14 01:34:19','2000-10-24 15:48:25'),(699,50,'Accusamus natus non molestiae commodi voluptas quo et. Dicta nulla vitae modi veniam incidunt pariatur maxime quia. Commodi distinctio dolores ab qui sapiente. Assumenda accusamus nobis voluptatem impedit adipisci quisquam.','1978-12-08 05:40:18','2002-08-13 09:54:19'),(700,27,'Est non sed voluptas nihil ea. Cupiditate nostrum dicta temporibus quasi assumenda. Quisquam aut soluta enim suscipit.','1998-08-11 19:46:12','1974-10-28 12:19:18'),(701,37,'Et et ea est dolorum ut in. Quam sed ut deserunt debitis perferendis quia. Veniam vero ex repellat sapiente excepturi. Vitae voluptas dolor minus in assumenda repudiandae voluptas.','1997-09-09 12:20:14','1997-05-06 06:20:42'),(702,131,'Voluptas at et at consectetur veniam qui pariatur. Consequatur vitae repellendus eaque eum libero qui harum accusantium. Amet tempora voluptatum debitis quisquam iure. At ab enim ipsum voluptas ut id deserunt et. Eius iusto reprehenderit id aut.','1993-04-20 18:30:48','2011-03-06 17:25:33'),(703,67,'Laudantium magni numquam omnis sint perspiciatis in iste quia. Ut voluptatem nemo et sit. Sed accusantium fuga voluptatem quas aut debitis.','1999-09-27 06:01:49','1996-07-07 18:12:30'),(704,179,'Natus rerum aut id molestias cum at iure. Sit voluptas et nam illo aut nihil. Odit quo mollitia quis enim velit. Iure eveniet corrupti ratione qui qui.','1979-01-22 08:55:59','2009-02-24 23:28:34'),(705,96,'Fugit minus quae iure iste quaerat possimus omnis. Ex alias inventore numquam iusto voluptatem totam. Fugit aut aliquid et velit quas tempora fuga. Soluta optio facilis dolor ea vel maxime aspernatur.','1994-02-13 21:38:50','1980-08-28 14:55:54'),(706,4,'Repudiandae ducimus rerum aut provident et ut. Culpa ratione suscipit quia molestiae omnis a. Veritatis molestiae occaecati non tempora. Molestias quia dicta dolores quia architecto.','1975-03-12 21:29:21','2020-04-29 15:09:04'),(707,17,'Nisi in error a similique nulla. Numquam quo modi velit ut nulla. Sint consectetur sit id ut quis. Dolore velit rerum enim dolorem porro. Reiciendis in sit quo dicta placeat.','1977-03-23 18:26:32','1981-04-10 05:01:22'),(708,133,'Blanditiis odit aperiam molestias rem repellendus ipsam. Vero nostrum fugiat est eos saepe. Quidem et aspernatur iusto deserunt eos. Molestiae quibusdam vel aut quis quia velit.','1985-06-09 04:41:59','2020-02-17 19:28:28'),(709,42,'Blanditiis sapiente iusto aut doloribus quod qui accusantium. Necessitatibus modi perferendis vitae cum. Sint beatae voluptates ex ipsam libero eum sunt.','1999-11-04 01:42:21','1977-04-02 16:16:22'),(710,155,'Autem voluptas quo qui ut quidem magnam hic. Aut ipsam atque ipsam occaecati mollitia. Voluptatibus eaque consequuntur dignissimos earum. Rerum voluptatem minima magnam dolor sed autem.','2005-01-14 05:11:29','2012-10-21 12:53:26'),(711,93,'Ipsam distinctio illo dolor sapiente. Laborum ut natus explicabo ea placeat. Et sapiente officia non ex magni consectetur nihil magnam.','1981-05-14 08:24:05','1972-03-29 00:12:45'),(712,160,'Quam qui dolorem necessitatibus harum ipsum nesciunt. Voluptatem rerum pariatur ut omnis. Natus omnis non ipsa eveniet voluptatum qui. Aut reiciendis mollitia maiores error sint vero eum.','1988-05-13 20:42:25','1971-02-04 03:24:08'),(713,167,'Suscipit aperiam quia sequi iste ut. Omnis voluptas aut fugit et. Dignissimos ad maxime sed rerum debitis harum illo. Possimus est ut ipsum voluptate. Excepturi omnis cum eveniet.','2008-09-15 12:41:50','2004-05-06 07:37:00'),(714,145,'Quo voluptatem et necessitatibus voluptatem perferendis. Dignissimos ex est sed commodi quibusdam non qui. Ea esse maxime molestiae.','1975-03-03 06:22:26','1985-03-29 04:52:47'),(715,4,'Molestias adipisci provident voluptatibus voluptatem ducimus eligendi quae veritatis. Inventore alias voluptates illo officia eum sunt dolorem omnis. Impedit repellat dolor voluptas porro dolorem nulla.','2020-08-05 09:15:11','2012-03-19 00:46:53'),(716,30,'Laudantium sit enim porro cum labore. Ut voluptate assumenda quia. Et et temporibus accusamus at. Doloremque hic et aut temporibus.','2007-05-12 19:40:45','1980-11-27 22:29:06'),(717,127,'Corporis blanditiis distinctio sit repellat voluptatem. Itaque voluptatem distinctio delectus atque repudiandae delectus. Qui est laborum laudantium illum.','1971-05-31 05:31:56','2005-05-26 19:11:28'),(718,12,'Dolorem unde sed culpa neque assumenda. Qui occaecati praesentium esse dolor culpa voluptas voluptatem harum. Quia iste molestias placeat consectetur illo aperiam. Dolore reiciendis ea exercitationem quaerat.','1993-08-02 16:04:15','1986-03-27 06:18:12'),(719,43,'Excepturi consequatur iure ut aspernatur explicabo voluptates ut. Aut et facere amet corrupti adipisci labore deserunt. Saepe eum inventore id sit. Facere distinctio voluptates voluptatem voluptate consequatur corporis.','2006-06-23 07:55:27','2007-02-22 08:32:49'),(720,61,'Id adipisci quis assumenda omnis magnam eius a. Sit quisquam voluptas aspernatur odit. Debitis voluptate quis perspiciatis blanditiis culpa dicta.','1982-11-13 08:34:54','2000-12-07 12:06:50'),(721,163,'Id nulla tempora nam delectus. Quod a labore non beatae possimus consectetur. Cupiditate qui fugiat ut doloribus. Fugiat nihil odit sed molestias quia enim ab.','1973-03-20 04:58:21','1970-05-05 17:06:52'),(722,21,'Voluptas ipsum ut rerum rerum et. Architecto dolorum facere eaque nostrum perferendis et. A deserunt qui voluptas odit.','1976-07-31 09:17:53','2011-03-02 22:10:43'),(723,31,'Vitae tenetur sit odio amet et autem. Sequi earum aut laudantium voluptate. Molestiae id ut a aperiam placeat. Reiciendis vel quis eos voluptatem architecto sed consequatur. Consequatur qui voluptas repudiandae asperiores id sapiente.','2002-04-18 06:24:52','1983-01-10 06:33:41'),(724,49,'Iste doloribus reprehenderit ipsum ut. Enim dolorem ea aliquam sed nihil quis. Exercitationem ipsam at nihil explicabo quia non. Alias et et exercitationem ea.','1971-01-30 06:02:00','1997-12-08 14:07:42'),(725,21,'Praesentium distinctio nihil quis totam sint sed cupiditate. Quia qui aliquid ut sequi dolorem esse. Facilis qui est ratione commodi totam in. Itaque omnis ea maiores tempora praesentium.','1988-09-03 16:49:42','1970-05-15 07:27:51'),(726,58,'Dolorem id ut necessitatibus. Aut omnis explicabo laboriosam et. Vel nihil eum voluptas eum voluptatibus minima autem. Saepe consectetur quas qui odio dignissimos eligendi quia quibusdam. Rerum facere placeat dolor saepe.','2006-11-28 18:36:32','2000-04-10 04:00:56'),(727,118,'Aliquam sequi minima mollitia et facilis aspernatur sint. Omnis tempore odit rem rerum. Maxime rem ex ut.','2021-01-22 04:22:17','1998-04-17 03:58:31'),(728,33,'Illo sed doloribus perferendis labore. Ex neque sed dolores quae molestiae magnam quia. Corrupti vitae non mollitia eos asperiores doloremque.','1993-01-23 21:44:29','2019-06-30 00:43:52'),(729,51,'Quidem aut ut facilis quo voluptas. Ad itaque eos cupiditate voluptas ex. Asperiores voluptates minus quod et itaque.','2009-04-20 09:24:04','2011-02-16 05:07:49'),(730,167,'Eaque illo explicabo ut similique labore. Labore qui laborum deleniti excepturi eius debitis omnis aliquam. Tempora qui magnam et temporibus. Nemo adipisci iste minima vel blanditiis.','1986-08-26 23:32:28','1971-08-28 00:59:44'),(731,59,'Nemo sit delectus error explicabo error quibusdam. Sed officiis eligendi unde ut voluptatem. Dignissimos aut excepturi eveniet repellat ullam. Rerum nulla corporis sed voluptate minus quaerat cupiditate.','1990-06-01 23:36:46','2020-08-23 04:31:00'),(732,88,'Ipsam explicabo eius laboriosam pariatur sunt ea. Rem sequi beatae amet quam. Vero sunt omnis placeat molestiae ratione.','2019-09-07 11:29:13','1974-12-16 19:34:48'),(733,98,'Nihil officia sit explicabo eligendi illum dolorem. Illum optio neque architecto omnis temporibus praesentium officia. Sit blanditiis voluptas nihil commodi dolorem saepe qui. Quasi fugiat officiis recusandae eius blanditiis similique cumque.','1982-09-17 03:08:24','1997-03-01 17:27:21'),(734,126,'Non nisi aut quia dolorem. Sint dolorem non distinctio nobis ad. Atque veritatis occaecati ut exercitationem. Minima et quis corrupti ab omnis.','1986-12-07 07:26:25','2000-06-27 17:55:44'),(735,66,'Tempore dolorum culpa et culpa accusamus rerum quos. Delectus ullam a tempora mollitia. Consequatur velit neque dolore commodi saepe. Libero impedit ut laboriosam aut eligendi quis. Et facere ut quia dolorem.','1980-06-06 20:21:35','2007-08-30 15:14:54'),(736,193,'Rem et placeat nisi non. Fugit alias nemo unde nisi aut. Atque porro aut nesciunt ullam qui. Nesciunt veritatis dolor eos. Numquam repudiandae ratione sit debitis facilis beatae laborum.','2015-09-02 17:41:22','1987-08-08 22:27:27'),(737,129,'Doloremque voluptate tenetur sequi doloremque consequuntur. Modi voluptatem qui quasi explicabo magni voluptas ratione recusandae. Expedita optio sed aut enim et.','1992-12-25 01:42:43','2014-06-24 23:20:46'),(738,83,'Et et deserunt ea asperiores. Eum qui rerum velit rerum modi occaecati.','1997-04-23 03:56:45','2016-10-24 11:07:38'),(739,125,'Iste recusandae qui et at veritatis. Et et quia voluptatem et animi voluptatem. Modi error nam dolores asperiores praesentium minima iste iusto. Magnam corporis recusandae vel ea repellendus.','1987-02-21 08:11:46','2017-04-30 23:47:59'),(740,170,'Numquam est est cum reiciendis sed neque. Ut similique culpa nisi. Similique ut aut quia quisquam quis. Quia beatae molestiae illum quasi dignissimos optio qui.','1974-05-07 20:43:50','2005-06-20 10:10:06'),(741,38,'Sint sint itaque eum ratione. Eaque est nostrum ad officiis labore consequatur qui.','2019-03-10 19:07:50','1970-08-01 13:19:35'),(742,18,'Assumenda nobis expedita id sit. Odit quisquam recusandae doloremque rerum mollitia non. Voluptatibus id placeat autem qui quis modi rerum. Eligendi unde esse maiores quis.','1999-11-17 19:04:30','2012-01-09 05:07:58'),(743,130,'Qui nihil quas neque delectus dolorum quia in. Corporis ea qui quas blanditiis et vel adipisci. Voluptas minus facere consequatur reiciendis dolorem dicta sed voluptatem.','1999-01-01 15:14:59','2009-12-18 12:25:59'),(744,4,'Veniam sint neque quis nam ratione culpa sit culpa. Molestiae porro quo perspiciatis culpa. Ducimus occaecati dolor fugiat est. Iusto ut libero consequatur nostrum.','2005-06-05 12:01:58','2011-06-09 11:01:20'),(745,162,'Voluptas delectus explicabo voluptatum delectus quia. Consequatur enim architecto sit corrupti at occaecati illo est. Voluptatem itaque exercitationem dignissimos est sed eos cupiditate.','1973-05-18 17:17:53','1992-03-01 16:20:01'),(746,134,'Itaque aliquam officiis voluptates magnam molestias nemo. Rerum quaerat facilis eum molestiae molestias ut ab. Similique illo corporis non distinctio optio. Assumenda quo illum maxime minima delectus et. Voluptates beatae voluptas voluptates est rerum error.','1998-11-08 03:52:47','1980-11-14 21:53:19'),(747,34,'Officiis quia nisi rerum molestiae natus incidunt. Recusandae officia tempore dolor rem quisquam. Quod quidem incidunt debitis maiores ut sit optio voluptatem.','2013-06-13 22:13:35','1977-11-05 16:09:57'),(748,89,'Odio dolorum quo repellat. Voluptatem facere qui natus nulla ut libero. Eius voluptatem veniam eum est magnam quibusdam ea.','1991-10-27 11:17:48','1979-01-18 16:45:44'),(749,145,'Doloremque dolorem sint eos eligendi hic eos est. Sit unde illum architecto ipsum.','2020-09-03 20:27:40','2017-02-03 15:44:31'),(750,76,'Exercitationem accusantium sint eos esse dolor ea dolores. Itaque ea possimus et. Corporis beatae libero rerum possimus accusamus ut. Eum temporibus inventore optio sit.','2013-07-15 01:08:06','2001-03-30 16:39:46'),(751,149,'Aut pariatur commodi molestiae accusantium nobis esse fugit totam. Aut fugit fugit debitis sapiente et nihil et. Impedit consequatur voluptatem tempora placeat laborum.','1972-08-14 19:13:15','1986-09-27 13:10:11'),(752,107,'Voluptates voluptas corporis dolores ut. Et culpa in minus ea. Eum neque similique neque dignissimos consectetur dolorem enim molestias. Deserunt veniam laboriosam corporis molestiae pariatur autem aspernatur.','2009-07-17 08:29:42','2021-03-01 23:27:49'),(753,96,'Occaecati laudantium distinctio tempora delectus animi quae tempora. Temporibus earum consequatur suscipit labore reiciendis. Aut unde eius error eligendi.','2000-03-02 00:55:59','1998-09-11 21:15:20'),(754,180,'Et et nulla et. Doloremque consequatur quaerat consequatur qui cumque rerum. Cumque sint fugit et aperiam quibusdam eligendi aliquam. Rem maiores vero sit atque ipsum et.','2012-04-30 11:49:44','1971-10-18 06:35:59'),(755,156,'Maxime necessitatibus id quo animi a. Sapiente quia eos in. Aperiam dolor ut aut deleniti autem tempora id.','1979-06-01 17:17:43','2019-01-08 22:54:31'),(756,117,'Asperiores ut consequatur praesentium ea. Praesentium facere aliquam eveniet. Autem provident voluptatem vel quia fugiat ut omnis.','2001-01-20 16:26:08','2018-12-18 06:59:54'),(757,37,'Ratione impedit alias et quidem corrupti. Explicabo non aut animi pariatur hic.','1983-05-09 04:31:53','1972-10-13 04:51:44'),(758,73,'Id eos ut expedita et est repellat saepe. Cupiditate temporibus fuga molestias corporis corrupti. Iure et ut sint praesentium.','1975-03-02 01:10:10','2010-06-21 19:34:01'),(759,149,'Consequuntur ratione explicabo consequatur voluptatum aut voluptas. Omnis quos voluptatum natus qui. Ut suscipit voluptate ad quasi.','2010-11-15 15:54:05','1976-01-29 12:55:39'),(760,88,'Et sit optio unde vel qui blanditiis assumenda. Vel necessitatibus magni et non ratione quia dolore odit. Sint sit sed dolor cum recusandae.','2020-05-14 09:47:35','1996-08-30 20:41:14'),(761,39,'Tempore quae laborum saepe. Et consectetur iste quia ut odit. Temporibus facilis soluta rerum sunt occaecati et dolor aut. Qui necessitatibus impedit ut quia possimus et voluptas.','1993-09-22 01:02:21','1978-07-07 20:40:41'),(762,8,'Cupiditate voluptates ipsam qui dicta. Nobis iure rerum corrupti impedit laboriosam aperiam velit. Sequi eligendi pariatur ad labore.','1985-05-12 04:44:19','1990-05-20 11:37:53'),(763,175,'Eius cupiditate voluptas doloremque ipsa nihil provident. Veniam quia molestiae nisi id perspiciatis adipisci ut vel. Omnis cum libero omnis quibusdam.','1991-08-17 06:41:10','2005-03-23 10:56:05'),(764,136,'Et velit culpa ipsam. Veniam quasi et porro nostrum repudiandae similique odit recusandae. Culpa voluptatem molestias odit.','1999-08-09 20:32:00','2000-03-01 02:00:41'),(765,134,'Tempore molestiae alias est est provident. Vero impedit autem soluta neque voluptas id neque. Minima beatae aut ad. Sit iure repellat sint asperiores vel expedita quo eius.','1999-10-31 20:46:13','2002-07-22 22:51:21'),(766,41,'Eligendi quasi earum illo dolor eius maiores sed. Ducimus nisi vel dolores accusamus culpa voluptas et. Nam amet facere reprehenderit.','1996-04-01 02:02:06','1988-02-05 17:56:52'),(767,129,'Debitis adipisci ab sunt in et quo deserunt sed. Sit et iure non eaque. Quaerat sapiente incidunt molestiae qui illum sint.','2005-02-12 08:59:53','1998-08-12 21:17:09'),(768,63,'Maxime delectus et quam est voluptatem et. Tenetur ipsam deleniti accusamus tempora. Nulla vel sit rem amet rerum nihil numquam.','2013-01-04 13:38:18','1970-10-04 23:52:17'),(769,123,'Excepturi odio dolorum officiis praesentium fuga voluptatum. Quia rem tempore ipsam aliquid ut in et. In veritatis voluptas quisquam odit sunt rerum. Et magnam saepe esse expedita quia odio veniam.','1995-02-04 15:32:39','1972-11-03 07:31:14'),(770,54,'Quia distinctio sequi veritatis vero laborum. Repudiandae perspiciatis asperiores at consequatur necessitatibus. Est inventore recusandae qui ut doloremque.','1993-08-21 13:58:30','2016-08-10 04:42:42'),(771,33,'Quam nesciunt tenetur et quo eveniet enim voluptates. A eaque suscipit doloribus voluptas consequuntur. At facilis sed accusantium rerum non. Quos exercitationem commodi temporibus in beatae. Quasi nihil recusandae consectetur quia inventore in voluptatum ea.','2002-09-07 19:07:59','2020-03-31 05:29:03'),(772,160,'Ex cumque veritatis officia recusandae assumenda quidem. Vitae ut consequatur aliquam itaque sit. Sed et modi voluptatum accusantium non et. Autem fuga quam et ex eos quia nobis.','1989-02-26 03:57:16','1988-12-20 14:23:27'),(773,71,'Enim beatae sint illo nisi aspernatur quia. Quaerat beatae repudiandae quo omnis eveniet voluptatem enim. Vel voluptas ea dignissimos.','1996-08-19 02:44:03','2012-03-29 10:43:29'),(774,162,'Quas rerum eligendi nobis est nobis velit. Sed consequatur id voluptatum doloremque aut consequatur quas. Perferendis culpa qui deleniti soluta ex aut.','2016-11-19 13:32:15','1998-02-23 22:18:09'),(775,163,'Distinctio quis autem illum. Qui molestias sint voluptas quia et. Doloribus fuga tenetur voluptatum occaecati atque ipsum rerum.','2012-11-26 12:24:23','1998-12-12 10:18:45'),(776,33,'Beatae aut sunt ipsa ea aliquam quam libero. Ut soluta ut maiores est. Similique in eum expedita rem laboriosam. Eum qui eos quia expedita eveniet sit reprehenderit.','2008-01-17 07:52:17','1981-09-28 14:01:07'),(777,96,'Et sed repellendus ipsam dolorum ullam perspiciatis qui. Occaecati vel adipisci quidem non ea in atque. Qui et laborum qui repellat rerum. Eaque ea rem qui et quia.','1972-06-15 18:46:01','1973-08-21 14:50:17'),(778,196,'Facere ut adipisci voluptas aut necessitatibus. Laborum qui itaque qui rerum excepturi iusto dolorem similique. Maiores tempora nobis ut ipsam vel modi.','2013-06-18 19:17:54','1999-01-22 22:54:40'),(779,121,'Qui quae aspernatur inventore minima omnis hic consequuntur exercitationem. Doloribus velit voluptate eius consequatur et dolorem pariatur. Aliquam et praesentium labore voluptatem dolores odit ut. Eius unde ratione perferendis doloremque voluptatem possimus.','1999-10-19 20:47:40','1987-03-19 12:07:16'),(780,40,'Sapiente in enim non maiores nobis reprehenderit. Qui et dolor eum consectetur. Et fugiat quas laborum. Tempore magnam qui dolorem officiis aut.','2011-06-21 15:02:07','1990-11-18 19:24:10'),(781,72,'Ducimus aspernatur ipsam at tempora tempora. Voluptate ut esse voluptatem nihil dolorem. Corporis cum rerum natus corporis itaque sapiente quaerat.','1976-08-04 14:06:24','2005-07-20 01:11:08'),(782,70,'Vero soluta est cupiditate neque quia temporibus. Molestiae repudiandae quia velit aut in nobis est. Ipsum et ratione occaecati incidunt. Quisquam dolores sit a earum et tempore. Voluptas ratione ea enim aut voluptatem vero eum alias.','1976-04-21 08:39:24','1980-06-15 15:12:04'),(783,147,'Et quas beatae quis repudiandae facere sit eum. Nostrum commodi dolor neque voluptatem nostrum velit. Labore velit magnam eum aperiam alias ut. Voluptas neque explicabo ut repudiandae.','2010-05-01 14:14:15','1994-09-27 18:22:41'),(784,167,'Soluta consequuntur eveniet unde nihil. Quia quia voluptas incidunt quis sed adipisci. Unde dolorem laboriosam ducimus iste ipsa. Eum similique et veritatis accusantium.','1981-01-31 15:12:56','1981-08-17 22:32:30'),(785,49,'Qui enim consequatur velit odit. Et nostrum qui aut et et. Iure natus incidunt id ut maiores id expedita. Ut ipsam qui eum saepe eos vel.','2018-12-25 11:51:05','1977-09-13 05:00:13'),(786,102,'Et id ex culpa velit. Consequatur cumque asperiores ut voluptatem. Qui ut enim aut autem vero. Debitis est mollitia inventore id aut ut.','2020-05-15 15:27:34','2011-12-01 19:24:14'),(787,83,'Et dolore harum optio. Laudantium dolorem beatae dolorem sed est reprehenderit eligendi rerum. Impedit voluptatem blanditiis odio et id unde.','1977-10-06 19:58:35','1978-06-20 10:41:17'),(788,86,'Necessitatibus est ut et. Labore et qui perspiciatis quos.','1979-01-22 05:19:30','1971-05-03 04:50:23'),(789,175,'Animi repellendus at molestiae hic. At eum a sed odio voluptate ex fuga nesciunt. Tenetur beatae facilis natus autem.','2004-06-25 10:39:16','1977-02-01 16:42:05'),(790,32,'Odio quis maiores dolores sunt alias sapiente. Aut sapiente minima tenetur molestiae. Autem enim dolores ipsum dignissimos distinctio deserunt. Ut asperiores modi perferendis suscipit.','1992-03-22 18:16:01','1985-08-28 05:04:52'),(791,173,'Placeat velit blanditiis est quis voluptatem. Maiores non perspiciatis iste voluptatibus quas rem aliquid soluta. Dolores modi totam qui veniam ad provident. Quis sint fuga repudiandae quia qui et maxime voluptatem.','2015-12-07 23:29:25','1978-08-12 09:30:55'),(792,13,'Numquam commodi in aut maxime vitae adipisci. In sint quod quasi. Cupiditate omnis nostrum repellendus sequi odio dolorum et. Quasi maxime consectetur reiciendis voluptatem excepturi aut.','2013-03-01 18:15:48','2019-10-05 01:09:37'),(793,39,'Saepe ratione ea impedit autem modi dolor. Sed laudantium animi quia quaerat amet. Architecto nostrum voluptate quos dolorem.','1988-06-15 12:54:01','2014-10-02 19:33:17'),(794,147,'Voluptatem voluptatem sequi quo porro incidunt excepturi labore et. Sequi culpa tenetur laborum et. Eum aut sunt dolor recusandae.','1997-09-06 08:22:53','1980-05-19 22:45:39'),(795,149,'Quidem quaerat ut nihil aspernatur accusantium. Dolor sint iste nulla libero. Modi dicta reprehenderit laborum in laudantium voluptate nam.','2007-05-09 22:03:13','2015-09-01 09:48:07'),(796,172,'Repellat modi nihil commodi officiis. Voluptatem est aut omnis officiis culpa. Aperiam nam mollitia explicabo est velit fugiat ipsam doloremque. Unde aliquid cum exercitationem nulla. Architecto at illo vero aliquam et.','2014-08-01 13:37:41','1988-10-14 00:33:49'),(797,188,'Tenetur distinctio et cum minima. Quos officia numquam numquam enim. Maxime sint rerum voluptatem.','1993-10-04 16:57:53','1974-04-10 04:12:36'),(798,77,'Dolorem aut rerum et facilis. Nihil impedit laborum ducimus omnis. Debitis sit aut velit. At adipisci aperiam dolores quidem harum sunt ut. Saepe minima numquam repellat et ut ut.','2009-05-15 07:40:32','2010-07-08 14:41:14'),(799,35,'Dolorem et quia commodi minus aut dolor repellat. Necessitatibus autem dolore qui ut et. Et tempore repellendus quos porro qui sapiente.','2018-08-13 16:58:03','2013-09-05 06:59:03'),(800,110,'Voluptatem doloribus aut expedita nihil esse. Inventore sint molestias sequi recusandae voluptatem. Asperiores aliquam quas quaerat dicta voluptas aut eum mollitia.','1997-11-24 09:19:15','2007-08-11 11:52:51'),(801,131,'Quod iste voluptatem earum facere rerum. Expedita est odio enim nihil maiores dolorem. Quis aut numquam ipsum quasi impedit illum. Omnis eos molestiae illum ratione laudantium dicta quis.','1976-03-26 16:08:08','2005-03-16 09:17:10'),(802,67,'Est dolorem accusamus cupiditate. Iusto facilis consequatur ipsam quam. Iusto ut dolorem alias voluptatibus ex et.','1973-07-18 17:48:35','1979-12-13 04:52:59'),(803,70,'Voluptatem et laboriosam non odit. Velit aliquid qui enim rerum sunt ut.','1977-10-29 22:06:25','2014-03-12 19:23:09'),(804,1,'Rerum cupiditate debitis aliquid itaque expedita. Et nostrum dolores quasi dignissimos. Hic accusantium quo reprehenderit perspiciatis vel ab ipsam. Earum modi unde est numquam in ea.','1979-12-05 17:22:18','1970-04-03 16:24:33'),(805,29,'Impedit aliquid fugiat illum qui quia. Alias quibusdam nisi qui non error temporibus et. Sit sed nam quaerat tempore sit et. Consequuntur hic est molestias est quia.','2007-11-19 16:00:03','2021-01-12 16:45:04'),(806,32,'Et doloribus veritatis dolorem animi ipsam. Dolores excepturi unde a nihil. Ex ut asperiores repellat rerum. Maiores perspiciatis aut illo odio quis culpa.','2001-02-21 08:21:46','2005-08-24 03:10:35'),(807,33,'Velit quae autem cumque officiis aut. Expedita in rerum ipsam architecto pariatur cupiditate. Necessitatibus explicabo quae iste et quisquam quo.','1971-04-26 17:46:00','2018-04-04 10:59:20'),(808,124,'Voluptatibus officia eum ea repellat alias. Iusto nisi adipisci ad est consectetur quasi. Officiis et sapiente tempore consequatur voluptas. Aut hic dolores inventore qui dicta cumque aut ut. Exercitationem labore enim odio placeat natus.','1970-10-27 22:19:00','2016-10-15 09:41:25'),(809,28,'Explicabo dolor aliquid sequi officia non autem et. Explicabo beatae non aperiam asperiores laboriosam.','1989-01-31 11:26:59','1988-03-03 11:57:55'),(810,154,'Incidunt et atque enim autem voluptas. Molestiae quo voluptas et rerum quia dolorum quos. Et facilis sunt vel et reiciendis quidem ut. Consequatur fuga veritatis numquam.','1974-05-06 07:16:51','1974-05-01 14:24:25'),(811,163,'Omnis facilis cupiditate quia quo minus qui accusantium repellat. Ut hic et nesciunt doloribus assumenda et.','2015-03-10 07:41:41','1992-11-24 09:45:12'),(812,99,'Dolore aspernatur necessitatibus non nihil rerum. Neque velit enim delectus omnis facere molestiae veritatis commodi. Ab accusamus repudiandae aut quia numquam deserunt. Et fugiat nihil odio eum tempora. Sequi perspiciatis ad cumque praesentium eveniet totam quibusdam omnis.','2004-03-16 23:31:12','2001-07-28 12:59:24'),(813,23,'Enim earum sed accusantium sunt error. Officia cupiditate repellendus quibusdam. Laudantium et consequatur voluptas voluptatem veritatis. Et ut natus quam iusto sapiente sequi quos ullam.','2014-07-11 21:28:11','1982-01-15 14:57:58'),(814,110,'Nobis ea ea et tempora commodi ab sit. Nulla dolorem tempora qui quibusdam facere eum culpa aut. Corporis voluptatum facilis quo amet unde officia et.','2003-08-05 22:14:42','1991-10-14 10:22:22'),(815,66,'Alias a dolorum voluptas provident vel. Nihil occaecati sequi quaerat ut. Cupiditate quam est adipisci necessitatibus quia.','2005-05-26 20:28:12','1998-05-19 14:15:50'),(816,72,'Ad adipisci vero dolores in error quia cumque architecto. Qui voluptatem amet doloremque sunt vel. Consequatur harum harum labore dignissimos ut et et magnam.','2005-09-02 19:07:25','1995-04-26 09:55:53'),(817,12,'Ut corrupti quia ut dolores ab facere dolores. Atque dolores eaque ex et molestiae sit qui. Tempora earum voluptate doloremque possimus at.','2016-01-09 04:24:16','2021-01-28 03:21:57'),(818,148,'Officiis nulla voluptatem est id itaque laudantium. Vitae perspiciatis rem et omnis. Deleniti nemo odio et quia est culpa placeat omnis.','1977-01-05 16:44:07','1981-04-02 01:25:08'),(819,157,'Fugiat et maxime expedita incidunt. Illo corporis molestias officiis suscipit. Deserunt rerum facere autem quod.','1984-02-06 18:36:38','2016-03-04 23:20:52'),(820,186,'Dolores minima quia magnam ut voluptatem pariatur dolores vitae. Delectus praesentium maxime quod. Doloremque officiis nobis ut ut.','2014-04-10 01:33:08','1987-10-31 17:03:32'),(821,179,'Reprehenderit atque cupiditate sunt et cumque nihil et. Sed minima sunt est dicta. Fugit accusamus totam voluptatibus eligendi aut illum odio.','1971-06-19 13:28:21','1979-07-06 07:06:20'),(822,130,'Rerum sunt eveniet aut inventore at. Et perspiciatis est sit tempora harum repellendus qui. Expedita magni dolorem temporibus nemo.','1982-02-05 12:02:17','2019-07-15 05:44:51'),(823,199,'Porro quam tempora qui voluptas. Voluptatem autem modi qui soluta iusto inventore labore. Debitis non minus odit consequatur molestias natus. Dolor reiciendis aut temporibus.','1989-05-05 09:00:11','2018-02-01 17:09:45'),(824,18,'Rerum magni voluptatem est praesentium. Sint natus rerum eum beatae dolores dolorum voluptatum.','1998-11-19 04:42:16','2007-01-29 06:34:16'),(825,77,'Voluptatem nemo pariatur eaque pariatur. Praesentium libero unde beatae quisquam molestias vero quos quaerat. At commodi reiciendis odit quia quam.','2005-04-09 07:20:50','1995-07-04 07:16:44'),(826,147,'Asperiores ipsa aperiam non optio reiciendis quae fugiat et. Blanditiis consequatur amet iste eveniet qui ab non. Est ut consectetur est nobis qui rerum. Assumenda tempora quisquam vel id voluptatem.','1989-10-20 21:48:16','1994-09-11 01:46:33'),(827,190,'Totam nobis beatae neque voluptatem magni in. Delectus impedit dolores impedit libero perspiciatis deleniti earum reprehenderit. Doloribus sint qui et reiciendis non facere.','1989-05-16 07:22:38','1993-11-10 01:35:47'),(828,64,'Debitis nam aliquid sunt recusandae ducimus omnis. Similique iusto et sit accusantium magni atque placeat. Quia qui dolor dignissimos ipsa culpa quaerat. Consequatur sint nisi recusandae vitae eum.','1999-05-20 06:24:32','1979-11-11 03:32:23'),(829,24,'Laborum quos tempora doloribus aliquam assumenda a voluptates. Odio ut modi neque officiis perspiciatis. Ut natus voluptatibus facilis dolorum.','1976-09-08 05:32:46','1982-02-03 10:55:38'),(830,24,'Labore quia ut est debitis nam. Vitae et ut qui et quae voluptate enim. Dolorum possimus quo magni.','1990-06-10 02:57:10','1991-11-07 05:03:00'),(831,174,'Quasi iste ab qui et eum maxime. Voluptatem reiciendis maiores alias doloremque. Dolore assumenda voluptatem magni beatae vero. Expedita qui dolores esse et. Recusandae eveniet quis molestiae minus consequatur nostrum quidem.','1983-10-18 20:38:54','2005-11-15 13:17:48'),(832,154,'Ab esse facilis nemo vel maxime iusto quis. Dolorem ea possimus aliquid vero facilis velit quibusdam error. Explicabo id dolorem reprehenderit. Non repudiandae ab ut nulla qui. Minus eos cum facere quis aut nesciunt at inventore.','2011-07-15 05:22:48','1974-09-27 01:02:55'),(833,90,'Corporis voluptatum qui omnis eum ut omnis libero. Ullam labore qui ad suscipit perspiciatis. Dolorem rerum omnis debitis tempore cum veritatis. Nihil architecto mollitia molestias non odio omnis.','1978-01-12 06:46:24','1991-01-25 19:14:59'),(834,43,'Expedita deserunt dolor reiciendis laborum. Aspernatur unde quidem quaerat saepe non aut quis sit.','1982-01-18 08:28:38','2015-06-12 19:02:57'),(835,155,'Sit corporis veritatis ipsum accusantium voluptas facere qui. Doloribus dolorem sed id et in et blanditiis. Illum aperiam ut cumque harum et consectetur aspernatur fugiat.','1987-08-10 12:42:07','2010-02-13 07:04:45'),(836,118,'Est nostrum et sed expedita commodi dolores. Aut rerum ad placeat sint. Blanditiis voluptate sint explicabo ullam similique deserunt blanditiis aut. Nemo nam deserunt doloremque possimus nam.','1972-06-26 02:13:54','1993-04-05 14:51:28'),(837,75,'Dolorem inventore adipisci aut veniam. Rem incidunt dolorum consequuntur aut facilis. Ipsam totam quo aspernatur similique excepturi nemo est iure. Consectetur quis molestiae tempore est sit necessitatibus.','1996-02-05 07:32:23','1989-01-02 12:51:57'),(838,188,'Quis totam ipsum quaerat numquam autem. Sed rerum doloremque aperiam et eligendi. Et est dolore illo a. Odit eius ea ducimus qui omnis sequi a.','2000-12-13 03:03:54','2006-07-03 09:52:57'),(839,42,'Velit sit sed voluptatem in consequatur. Incidunt voluptatem quam ipsa velit. Qui reprehenderit voluptatem asperiores quia cumque velit.','2021-01-07 23:11:27','2013-04-15 03:25:52'),(840,103,'Suscipit sed ut autem non expedita. Repellendus deserunt dolores eaque ea eius. Quos aperiam ut blanditiis et quia nisi earum.','2014-10-21 13:12:15','1972-06-10 09:34:22'),(841,141,'Incidunt doloremque repellat ut et ut. Est aperiam sint libero quia consectetur laboriosam eveniet. Consectetur rerum eum laudantium est odio quam aut dolores. Ipsum aut et exercitationem sapiente expedita ut nesciunt molestias.','2003-11-21 07:25:52','1971-06-10 10:56:19'),(842,4,'Ab et eaque quod voluptates non. Eos consequuntur saepe aliquid consequuntur. Laborum rerum aut deleniti fugit.','1987-11-09 13:54:48','2009-05-02 16:55:06'),(843,1,'Similique voluptate tenetur magnam labore id hic. Qui facilis molestiae iure velit earum. Vel ipsum dolorem natus expedita. Suscipit ducimus nihil reprehenderit quaerat aut earum. Delectus quibusdam ut unde dolore.','1976-02-14 06:40:02','1972-06-22 00:34:13'),(844,164,'Saepe cum sit doloremque vel natus ex repudiandae quos. Et distinctio distinctio perspiciatis at quibusdam. Consequatur non quo numquam corrupti reiciendis ratione quo enim. Esse necessitatibus voluptas dignissimos enim quae.','1983-07-18 23:00:44','1988-07-24 18:16:02'),(845,114,'Nihil repellat rem quaerat voluptas ut sunt veniam voluptatibus. Sequi ut quisquam ea commodi molestiae molestiae. Suscipit quod dolore ea et in. Voluptas consequatur facere suscipit accusantium ab sed placeat.','1976-08-04 13:42:10','2011-11-20 04:39:38'),(846,67,'Magni est id quod illum harum doloremque. Et et alias et voluptas nostrum sint impedit harum. Repudiandae repudiandae dolorem accusamus laborum rem. Quia ut expedita quis cum hic et.','1991-08-04 08:27:55','2017-05-12 08:59:29'),(847,36,'Fugiat velit sit ad est maiores quae sit. Dolores cum quia quisquam ut quia alias natus. Id qui architecto ab accusantium aliquid.','2015-11-20 19:45:44','1976-06-10 04:48:55'),(848,125,'Et sunt perferendis eos ipsa molestias ea. Non vel et nulla vel nobis tempora dolores. Nihil exercitationem quia voluptatem porro. Accusantium eveniet ipsum blanditiis atque odit.','1996-12-19 09:47:36','1997-03-09 15:35:57'),(849,14,'Laudantium minus perspiciatis consequuntur nihil quia omnis. Exercitationem eum eius iste molestiae soluta ut. Eveniet consequatur aliquam excepturi et et velit quisquam rem. Quos blanditiis maiores sed qui voluptas repudiandae dolor.','1975-02-27 09:03:09','2013-03-18 00:22:22'),(850,192,'Eos vero ad ad cumque nihil enim. Maxime placeat et quasi quisquam et velit. Omnis natus molestias eveniet delectus et repellendus vero. Consequatur pariatur nulla sit animi illum.','2000-10-05 02:21:12','1994-05-10 13:45:57'),(851,110,'Adipisci commodi veniam ducimus recusandae. Pariatur fugit sint a. Facere tenetur illo assumenda omnis fugiat maxime quos.','1986-04-10 19:44:57','1992-02-26 07:11:09'),(852,193,'Est ab suscipit et maiores explicabo perferendis. Fugit aut maxime eos expedita voluptas nam. Molestiae dignissimos sed eos expedita laboriosam.','1994-09-07 07:37:47','1982-09-23 06:07:38'),(853,121,'Soluta ducimus et sed cum soluta cum. Itaque aspernatur deserunt qui aut adipisci neque. Asperiores ut recusandae aliquam eligendi.','1970-01-16 14:59:55','2013-10-15 12:53:05'),(854,108,'Magni quia iure ipsum dolore tempora et ut. Ut et unde ullam deserunt culpa rerum tempora quasi. Consequatur ipsa necessitatibus id iste velit aliquid. Sint et expedita magni at.','2004-08-30 01:05:50','2005-12-08 11:00:12'),(855,10,'Ratione dolorem officiis velit quis autem. Fugit excepturi consequatur culpa sit vero. Error inventore unde totam sunt incidunt sed.','2018-10-31 19:05:34','1972-02-17 13:24:40'),(856,198,'Hic aliquam enim non aliquam delectus omnis. Laboriosam nulla velit vero et cupiditate. Id nulla autem amet minus vero error. Debitis et nulla eveniet odit suscipit sequi.','1989-06-15 17:33:35','2000-12-10 05:49:23'),(857,55,'Deleniti nihil recusandae temporibus rerum iste sed vitae ex. Beatae placeat dolor quis ea voluptas eveniet libero.','2004-11-19 10:10:49','1972-01-01 00:42:57');
/*!40000 ALTER TABLE `posts` ENABLE KEYS */;
UNLOCK TABLES;

--
-- Table structure for table `posts_likes`
--

DROP TABLE IF EXISTS `posts_likes`;
/*!40101 SET @saved_cs_client     = @@character_set_client */;
/*!40101 SET character_set_client = utf8 */;
CREATE TABLE `posts_likes` (
  `post_id` bigint(20) unsigned NOT NULL,
  `user_id` bigint(20) unsigned NOT NULL,
  `like_type` tinyint(1) DEFAULT 1,
  PRIMARY KEY (`post_id`,`user_id`),
  KEY `post_idx` (`post_id`),
  KEY `user_idx` (`user_id`),
  CONSTRAINT `posts_likes_fk` FOREIGN KEY (`post_id`) REFERENCES `posts` (`id`),
  CONSTRAINT `users_likes_fk` FOREIGN KEY (`user_id`) REFERENCES `users` (`id`)
) ENGINE=InnoDB DEFAULT CHARSET=utf8mb4 COLLATE=utf8mb4_unicode_ci;
/*!40101 SET character_set_client = @saved_cs_client */;

--
-- Dumping data for table `posts_likes`
--

LOCK TABLES `posts_likes` WRITE;
/*!40000 ALTER TABLE `posts_likes` DISABLE KEYS */;
INSERT INTO `posts_likes` VALUES (1,34,1),(1,44,1),(1,47,1),(1,70,1),(1,89,1),(1,105,1),(1,119,1),(1,136,1),(1,167,1),(1,199,1),(2,4,1),(2,21,1),(2,25,1),(2,32,1),(2,61,1),(2,90,1),(2,157,1),(2,200,1),(3,13,1),(3,63,1),(3,79,1),(3,111,1),(3,122,1),(3,127,1),(3,136,1),(3,142,1),(3,173,1),(4,5,1),(4,17,1),(4,32,1),(4,73,1),(4,100,1),(4,158,1),(4,196,1),(4,199,1),(5,2,1),(5,6,1),(5,58,1),(5,83,1),(5,115,1),(5,134,1),(5,135,1),(5,139,1),(5,145,1),(5,159,1),(5,165,1),(5,169,1),(5,172,1),(5,197,1),(6,19,1),(6,39,1),(6,50,1),(6,68,1),(6,96,1),(6,136,1),(6,152,1),(6,180,1),(6,194,1),(6,197,1),(7,21,1),(7,29,1),(7,33,1),(7,84,1),(7,101,1),(7,148,1),(7,188,1),(8,5,1),(8,17,1),(8,39,1),(8,62,1),(8,73,1),(8,101,1),(8,130,1),(9,28,1),(9,46,1),(9,67,1),(9,68,1),(9,78,1),(9,79,1),(9,93,1),(9,98,1),(9,175,1),(9,189,1),(10,2,1),(10,13,1),(10,25,1),(10,59,1),(10,80,1),(10,150,1),(10,179,1),(11,5,1),(11,16,1),(11,33,1),(11,51,1),(11,52,1),(11,140,1),(11,146,1),(11,169,1),(11,184,1),(12,30,1),(12,35,1),(12,118,1),(12,142,1),(12,155,1),(12,157,1),(13,1,1),(13,32,1),(13,63,1),(13,75,1),(13,85,1),(13,94,1),(13,112,1),(13,142,1),(13,144,1),(13,178,1),(14,45,1),(14,70,1),(14,131,1),(14,166,1),(14,167,1),(14,180,1),(15,9,1),(15,48,1),(15,63,1),(15,81,1),(15,90,1),(15,190,1),(15,195,1),(16,17,1),(16,18,1),(16,92,1),(16,99,1),(16,110,1),(16,116,1),(16,119,1),(16,178,1),(16,186,1),(16,192,1),(17,24,1),(17,51,1),(17,64,1),(17,96,1),(17,100,1),(17,104,1),(17,107,1),(17,114,1),(17,136,1),(17,156,1),(18,12,1),(18,31,1),(18,33,1),(18,95,1),(18,142,1),(18,145,1),(18,155,1),(18,160,1),(18,163,1),(18,166,1),(19,23,1),(19,78,1),(19,106,1),(19,110,1),(19,122,1),(19,155,1),(19,156,1),(19,173,1),(19,174,1),(20,15,1),(20,124,1),(20,129,1),(20,173,1),(20,181,1),(21,8,1),(21,14,1),(21,37,1),(21,66,1),(21,74,1),(21,128,1),(21,178,1),(22,3,1),(22,5,1),(22,14,1),(22,25,1),(22,31,1),(22,40,1),(22,43,1),(22,68,1),(22,76,1),(22,87,1),(22,130,1),(23,16,1),(23,17,1),(23,43,1),(23,54,1),(23,59,1),(23,81,1),(23,84,1),(23,95,1),(23,133,1),(23,140,1),(23,177,1),(24,12,1),(24,15,1),(24,20,1),(24,35,1),(24,70,1),(24,83,1),(24,113,1),(24,120,1),(24,131,1),(24,154,1),(24,169,1),(24,170,1),(25,11,1),(25,58,1),(25,127,1),(25,139,1),(25,150,1),(25,165,1),(25,187,1),(26,15,1),(26,51,1),(26,68,1),(26,77,1),(26,107,1),(26,112,1),(26,138,1),(26,139,1),(26,148,1),(26,164,1),(26,181,1),(26,197,1),(26,199,1),(27,7,1),(27,76,1),(27,82,1),(27,95,1),(27,108,1),(27,112,1),(27,136,1),(27,159,1),(27,170,1),(27,185,1),(27,189,1),(28,39,1),(28,41,1),(28,71,1),(28,113,1),(28,130,1),(28,181,1),(28,189,1),(29,10,1),(29,11,1),(29,20,1),(29,27,1),(29,34,1),(29,36,1),(29,48,1),(29,78,1),(29,106,1),(29,122,1),(29,176,1),(29,189,1),(29,190,1),(30,6,1),(30,13,1),(30,60,1),(30,152,1),(30,163,1),(31,33,1),(31,69,1),(31,70,1),(31,77,1),(31,102,1),(31,119,1),(31,129,1),(31,137,1),(31,142,1),(31,147,1),(31,148,1),(31,166,1),(31,176,1),(32,7,1),(32,27,1),(32,66,1),(32,115,1),(32,118,1),(33,21,1),(33,53,1),(33,79,1),(33,83,1),(33,97,1),(33,133,1),(33,134,1),(33,164,1),(34,9,1),(34,33,1),(34,45,1),(34,54,1),(34,58,1),(34,71,1),(34,82,1),(34,100,1),(34,129,1),(34,176,1),(34,179,1),(34,193,1),(35,5,1),(35,40,1),(35,50,1),(35,79,1),(35,89,1),(35,130,1),(35,159,1),(35,175,1),(35,179,1),(36,23,1),(36,44,1),(36,59,1),(36,72,1),(36,75,1),(36,85,1),(36,139,1),(36,152,1),(36,175,1),(36,178,1),(37,3,1),(37,35,1),(37,80,1),(37,103,1),(37,104,1),(37,133,1),(37,168,1),(37,197,1),(38,17,1),(38,27,1),(38,54,1),(38,55,1),(38,72,1),(38,75,1),(38,107,1),(38,113,1),(38,114,1),(38,122,1),(38,135,1),(38,143,1),(38,154,1),(38,165,1),(39,9,1),(39,76,1),(39,83,1),(39,126,1),(39,127,1),(39,141,1),(39,145,1),(39,150,1),(39,168,1),(40,1,1),(40,6,1),(40,11,1),(40,32,1),(40,39,1),(40,54,1),(40,76,1),(40,89,1),(40,92,1),(40,99,1),(40,118,1),(40,127,1),(40,129,1),(40,142,1),(40,177,1),(41,28,1),(41,61,1),(41,69,1),(41,80,1),(41,84,1),(41,123,1),(41,124,1),(41,153,1),(41,174,1),(42,57,1),(42,61,1),(42,74,1),(42,138,1),(42,140,1),(43,10,1),(43,25,1),(43,71,1),(43,73,1),(43,89,1),(43,93,1),(43,96,1),(43,133,1),(43,148,1),(43,150,1),(43,155,1),(43,163,1),(43,189,1),(43,197,1),(43,198,1),(44,2,1),(44,72,1),(44,82,1),(44,173,1),(44,180,1),(44,196,1),(44,198,1),(45,61,1),(45,135,1),(45,138,1),(45,175,1),(45,191,1),(46,63,1),(46,74,1),(46,104,1),(46,128,1),(46,165,1),(46,175,1),(47,41,1),(47,66,1),(47,117,1),(47,123,1),(47,127,1),(47,133,1),(47,135,1),(48,5,1),(48,6,1),(48,26,1),(48,44,1),(48,73,1),(48,84,1),(48,92,1),(48,99,1),(48,102,1),(48,129,1),(48,158,1),(48,159,1),(48,161,1),(48,166,1),(48,178,1),(49,3,1),(49,36,1),(49,51,1),(49,116,1),(49,158,1),(49,176,1),(50,4,1),(50,60,1),(50,88,1),(50,91,1),(50,99,1),(50,101,1),(50,133,1),(50,151,1),(50,156,1),(51,1,1),(51,30,1),(51,50,1),(51,51,1),(51,78,1),(51,89,1),(51,110,1),(51,121,1),(51,125,1),(51,165,1),(52,13,1),(52,19,1),(52,40,1),(52,149,1),(52,163,1),(52,173,1),(53,4,1),(53,73,1),(53,78,1),(53,92,1),(53,109,1),(53,182,1),(53,185,1),(53,192,1),(53,197,1),(54,4,1),(54,96,1),(54,109,1),(54,112,1),(54,132,1),(54,199,1),(55,19,1),(55,26,1),(55,45,1),(55,50,1),(55,72,1),(55,155,1),(55,169,1),(56,3,1),(56,36,1),(56,50,1),(56,54,1),(56,55,1),(56,61,1),(56,69,1),(56,76,1),(56,115,1),(56,138,1),(56,175,1),(56,181,1),(56,183,1),(56,190,1),(57,37,1),(57,48,1),(57,64,1),(57,81,1),(57,86,1),(57,115,1),(57,147,1),(57,159,1),(58,12,1),(58,15,1),(58,46,1),(58,49,1),(58,64,1),(58,110,1),(58,131,1),(58,168,1),(58,172,1),(59,19,1),(59,21,1),(59,86,1),(59,94,1),(59,114,1),(59,126,1),(59,131,1),(59,144,1),(59,146,1),(59,147,1),(59,148,1),(59,175,1),(59,200,1),(60,3,1),(60,11,1),(60,39,1),(60,52,1),(60,88,1),(60,117,1),(60,148,1),(60,166,1),(60,200,1),(61,11,1),(61,19,1),(61,59,1),(61,74,1),(61,91,1),(61,115,1),(61,161,1),(62,78,1),(62,142,1),(62,153,1),(62,194,1),(63,5,1),(63,29,1),(63,71,1),(63,80,1),(63,122,1),(63,127,1),(63,158,1),(63,185,1),(64,56,1),(64,93,1),(64,149,1),(64,192,1),(65,5,1),(65,34,1),(65,39,1),(65,62,1),(65,110,1),(65,160,1),(65,199,1),(66,45,1),(66,93,1),(66,104,1),(66,119,1),(66,157,1),(66,168,1),(66,181,1),(66,183,1),(66,185,1),(67,32,1),(67,41,1),(67,46,1),(67,72,1),(67,78,1),(67,79,1),(67,90,1),(67,103,1),(67,111,1),(67,117,1),(67,130,1),(67,142,1),(67,149,1),(67,159,1),(67,168,1),(67,171,1),(67,181,1),(67,182,1),(68,37,1),(68,40,1),(68,61,1),(68,74,1),(68,115,1),(68,137,1),(68,147,1),(68,155,1),(68,169,1),(69,10,1),(69,17,1),(69,26,1),(69,39,1),(69,58,1),(69,65,1),(69,69,1),(69,96,1),(69,112,1),(69,113,1),(69,133,1),(69,165,1),(69,173,1),(69,196,1),(70,22,1),(70,31,1),(70,61,1),(70,128,1),(70,135,1),(70,144,1),(70,181,1),(70,184,1),(71,16,1),(71,37,1),(71,70,1),(71,93,1),(71,114,1),(71,145,1),(71,179,1),(71,184,1),(72,48,1),(72,79,1),(72,98,1),(72,100,1),(72,134,1),(72,143,1),(72,165,1),(72,173,1),(72,188,1),(73,8,1),(73,23,1),(73,54,1),(73,138,1),(73,155,1),(73,198,1),(74,25,1),(74,31,1),(74,42,1),(74,50,1),(74,59,1),(74,73,1),(74,95,1),(74,120,1),(74,122,1),(74,152,1),(74,157,1),(74,162,1),(75,15,1),(75,62,1),(75,89,1),(75,92,1),(75,110,1),(75,111,1),(75,120,1),(75,124,1),(75,180,1),(75,193,1),(75,199,1),(76,15,1),(76,48,1),(76,71,1),(76,75,1),(76,84,1),(76,112,1),(76,128,1),(76,142,1),(76,144,1),(76,163,1),(76,199,1),(77,17,1),(77,19,1),(77,27,1),(77,30,1),(77,43,1),(77,94,1),(77,139,1),(77,192,1),(77,194,1),(78,5,1),(78,11,1),(78,33,1),(78,54,1),(78,63,1),(78,88,1),(78,125,1),(78,126,1),(78,150,1),(78,159,1),(78,193,1),(78,194,1),(78,197,1),(79,16,1),(79,53,1),(79,106,1),(79,112,1),(79,144,1),(79,176,1),(79,183,1),(80,12,1),(80,77,1),(80,93,1),(80,164,1),(80,171,1),(80,177,1),(80,190,1),(80,191,1),(81,26,1),(81,60,1),(81,96,1),(81,132,1),(81,138,1),(81,155,1),(81,163,1),(81,177,1),(81,178,1),(82,21,1),(82,43,1),(82,68,1),(82,92,1),(82,104,1),(82,155,1),(82,187,1),(83,24,1),(83,30,1),(83,88,1),(83,93,1),(83,159,1),(83,183,1),(83,187,1),(84,8,1),(84,44,1),(84,66,1),(84,68,1),(84,85,1),(84,119,1),(84,142,1),(84,167,1),(84,180,1),(84,198,1),(84,199,1),(85,2,1),(85,28,1),(85,39,1),(85,41,1),(85,49,1),(85,57,1),(85,79,1),(85,107,1),(85,108,1),(85,149,1),(85,166,1),(86,71,1),(86,85,1),(86,101,1),(86,103,1),(86,125,1),(87,5,1),(87,20,1),(87,113,1),(87,126,1),(87,159,1),(87,190,1),(87,191,1),(87,194,1),(88,31,1),(88,35,1),(88,85,1),(88,92,1),(88,111,1),(88,142,1),(88,154,1),(88,166,1),(88,176,1),(89,19,1),(89,43,1),(89,46,1),(89,48,1),(89,146,1),(90,33,1),(90,63,1),(90,70,1),(90,106,1),(90,116,1),(90,156,1),(91,11,1),(91,12,1),(91,41,1),(91,61,1),(91,65,1),(91,67,1),(91,140,1),(91,161,1),(91,173,1),(91,183,1),(91,196,1),(92,12,1),(92,21,1),(92,139,1),(92,150,1),(92,168,1),(92,180,1),(92,191,1),(93,10,1),(93,21,1),(93,22,1),(93,54,1),(93,95,1),(93,99,1),(93,128,1),(93,141,1),(93,159,1),(94,14,1),(94,36,1),(94,54,1),(94,83,1),(94,86,1),(94,90,1),(94,97,1),(94,134,1),(94,190,1),(95,17,1),(95,83,1),(95,89,1),(95,98,1),(95,138,1),(95,150,1),(95,155,1),(96,16,1),(96,40,1),(96,102,1),(96,186,1),(97,5,1),(97,88,1),(97,160,1),(97,189,1),(98,57,1),(98,68,1),(98,77,1),(98,99,1),(98,122,1),(98,139,1),(98,154,1),(98,164,1),(98,183,1),(99,2,1),(99,40,1),(99,68,1),(99,131,1),(99,141,1),(99,188,1),(100,6,1),(100,32,1),(100,56,1),(100,61,1),(100,78,1),(100,85,1),(100,105,1),(100,119,1),(100,161,1),(100,185,1),(100,187,1),(100,189,1),(101,74,1),(101,75,1),(101,100,1),(101,160,1),(101,166,1),(102,3,1),(102,27,1),(102,42,1),(102,47,1),(102,60,1),(102,67,1),(102,72,1),(102,100,1),(102,102,1),(102,107,1),(102,137,1),(102,174,1),(102,194,1),(103,15,1),(103,24,1),(103,48,1),(103,80,1),(103,85,1),(103,91,1),(103,100,1),(103,121,1),(103,157,1),(103,177,1),(103,179,1),(103,181,1),(104,17,1),(104,53,1),(104,60,1),(104,86,1),(104,87,1),(104,97,1),(104,118,1),(104,128,1),(104,145,1),(104,162,1),(104,163,1),(104,193,1),(105,12,1),(105,68,1),(105,82,1),(105,158,1),(105,159,1),(105,164,1),(105,171,1),(105,190,1),(105,194,1),(105,195,1),(105,198,1),(106,27,1),(106,37,1),(106,112,1),(106,120,1),(106,124,1),(106,127,1),(106,140,1),(106,163,1),(106,198,1),(107,6,1),(107,12,1),(107,13,1),(107,23,1),(107,30,1),(107,93,1),(107,120,1),(107,145,1),(107,147,1),(107,189,1),(107,194,1),(108,5,1),(108,11,1),(108,86,1),(108,109,1),(108,118,1),(108,154,1),(108,172,1),(109,46,1),(109,65,1),(109,75,1),(109,103,1),(110,38,1),(110,57,1),(110,123,1),(110,125,1),(110,149,1),(110,182,1),(110,190,1),(111,72,1),(111,89,1),(111,108,1),(111,127,1),(111,130,1),(111,135,1),(111,156,1),(111,181,1),(112,24,1),(112,33,1),(112,44,1),(112,76,1),(112,97,1),(112,114,1),(112,135,1),(112,138,1),(112,149,1),(112,195,1),(112,200,1),(113,26,1),(113,30,1),(113,55,1),(113,61,1),(113,71,1),(113,78,1),(113,147,1),(113,153,1),(113,169,1),(113,171,1),(113,174,1),(114,51,1),(114,55,1),(114,68,1),(114,78,1),(114,129,1),(114,137,1),(114,150,1),(115,5,1),(115,8,1),(115,57,1),(115,78,1),(115,113,1),(115,117,1),(115,146,1),(115,150,1),(115,167,1),(115,171,1),(115,179,1),(116,1,1),(116,25,1),(116,48,1),(116,51,1),(116,62,1),(116,75,1),(116,99,1),(116,101,1),(116,108,1),(116,158,1),(116,165,1),(117,16,1),(117,39,1),(117,94,1),(117,139,1),(117,169,1),(117,181,1),(117,186,1),(117,192,1),(117,195,1),(117,197,1),(118,4,1),(118,34,1),(118,71,1),(118,84,1),(118,109,1),(118,112,1),(118,196,1),(119,43,1),(119,55,1),(119,91,1),(119,96,1),(119,107,1),(119,108,1),(119,141,1),(119,179,1),(119,193,1),(119,197,1),(120,1,1),(120,4,1),(120,28,1),(120,58,1),(120,64,1),(120,76,1),(120,80,1),(120,92,1),(120,96,1),(120,137,1),(120,142,1),(121,14,1),(121,30,1),(121,49,1),(121,68,1),(121,115,1),(121,129,1),(121,147,1),(121,160,1),(121,161,1),(121,174,1),(122,18,1),(122,30,1),(122,38,1),(122,154,1),(122,157,1),(122,166,1),(123,9,1),(123,21,1),(123,64,1),(123,74,1),(123,132,1),(123,143,1),(123,161,1),(123,163,1),(123,189,1),(124,5,1),(124,51,1),(124,57,1),(124,62,1),(124,69,1),(124,73,1),(124,103,1),(124,112,1),(124,139,1),(124,141,1),(124,169,1),(124,192,1),(125,11,1),(125,71,1),(125,89,1),(125,99,1),(125,111,1),(125,147,1),(125,161,1),(125,189,1),(126,19,1),(126,36,1),(126,44,1),(126,68,1),(126,78,1),(126,101,1),(126,109,1),(126,113,1),(126,150,1),(126,182,1),(127,55,1),(127,65,1),(127,83,1),(127,97,1),(127,159,1),(127,164,1),(127,182,1),(127,187,1),(128,45,1),(128,56,1),(128,183,1),(128,196,1),(128,199,1),(129,15,1),(129,16,1),(129,19,1),(129,26,1),(129,36,1),(129,38,1),(129,69,1),(129,90,1),(129,170,1),(129,196,1),(130,23,1),(130,33,1),(130,35,1),(130,42,1),(130,78,1),(130,118,1),(130,130,1),(130,139,1),(130,150,1),(130,182,1),(130,187,1),(131,32,1),(131,37,1),(131,41,1),(131,47,1),(131,54,1),(131,83,1),(131,106,1),(131,121,1),(132,4,1),(132,26,1),(132,28,1),(132,63,1),(132,80,1),(132,96,1),(132,109,1),(132,143,1),(132,150,1),(132,161,1),(132,169,1),(133,19,1),(133,57,1),(133,89,1),(133,110,1),(133,165,1),(134,15,1),(134,18,1),(134,40,1),(134,43,1),(134,57,1),(134,78,1),(134,100,1),(134,121,1),(134,129,1),(134,152,1),(134,177,1),(135,7,1),(135,13,1),(135,41,1),(135,48,1),(135,51,1),(135,76,1),(135,105,1),(135,136,1),(135,150,1),(135,196,1),(136,44,1),(136,54,1),(136,56,1),(136,63,1),(136,115,1),(136,139,1),(136,146,1),(136,162,1),(136,178,1),(137,30,1),(137,81,1),(137,82,1),(137,112,1),(137,172,1),(137,190,1),(137,200,1),(138,34,1),(138,68,1),(138,113,1),(138,118,1),(138,121,1),(138,143,1),(138,181,1),(138,182,1),(139,8,1),(139,28,1),(139,42,1),(139,55,1),(139,119,1),(139,197,1),(140,23,1),(140,27,1),(140,57,1),(140,60,1),(140,62,1),(140,89,1),(140,132,1),(140,172,1),(141,19,1),(141,23,1),(141,35,1),(141,42,1),(141,46,1),(141,72,1),(141,77,1),(141,79,1),(141,95,1),(141,105,1),(141,118,1),(141,162,1),(141,165,1),(141,193,1),(141,198,1),(142,6,1),(142,8,1),(142,15,1),(142,24,1),(142,36,1),(142,104,1),(142,108,1),(142,113,1),(142,178,1),(142,182,1),(143,6,1),(143,45,1),(143,50,1),(143,58,1),(143,84,1),(143,108,1),(143,153,1),(143,171,1),(143,189,1),(144,25,1),(144,40,1),(144,45,1),(144,83,1),(144,193,1),(145,43,1),(145,54,1),(145,76,1),(145,84,1),(145,95,1),(145,156,1),(145,178,1),(145,186,1),(145,188,1),(146,1,1),(146,7,1),(146,13,1),(146,18,1),(146,26,1),(146,29,1),(146,83,1),(146,89,1),(146,132,1),(146,147,1),(146,148,1),(146,166,1),(146,169,1),(146,173,1),(146,187,1),(146,194,1),(147,16,1),(147,52,1),(147,58,1),(147,65,1),(147,96,1),(147,140,1),(147,154,1),(147,183,1),(148,14,1),(148,15,1),(148,55,1),(148,77,1),(148,78,1),(148,79,1),(148,107,1),(148,131,1),(148,132,1),(148,135,1),(148,146,1),(148,149,1),(149,37,1),(149,42,1),(149,44,1),(149,86,1),(149,99,1),(149,131,1),(149,141,1),(149,155,1),(149,193,1),(150,4,1),(150,33,1),(150,50,1),(150,61,1),(150,63,1),(150,75,1),(150,88,1),(150,96,1),(150,161,1),(150,163,1),(150,166,1),(150,170,1),(151,3,1),(151,12,1),(151,21,1),(151,67,1),(151,88,1),(151,145,1),(151,165,1),(151,178,1),(151,180,1),(152,75,1),(152,82,1),(152,123,1),(152,124,1),(152,158,1),(152,159,1),(153,46,1),(153,52,1),(153,58,1),(153,61,1),(153,80,1),(153,85,1),(153,132,1),(153,133,1),(153,150,1),(153,151,1),(153,171,1),(153,173,1),(154,31,1),(154,42,1),(154,76,1),(154,84,1),(154,108,1),(154,121,1),(154,125,1),(154,131,1),(154,176,1),(155,44,1),(155,59,1),(155,66,1),(155,87,1),(155,89,1),(155,94,1),(155,119,1),(155,140,1),(155,144,1),(155,149,1),(155,191,1),(156,1,1),(156,9,1),(156,23,1),(156,90,1),(156,115,1),(156,117,1),(157,29,1),(157,43,1),(157,61,1),(157,95,1),(157,146,1),(157,196,1),(158,19,1),(158,39,1),(158,41,1),(158,123,1),(158,129,1),(159,17,1),(159,35,1),(159,94,1),(159,112,1),(159,119,1),(159,120,1),(159,123,1),(159,124,1),(159,135,1),(159,152,1),(159,176,1),(159,177,1),(160,16,1),(160,30,1),(160,37,1),(160,48,1),(160,50,1),(160,53,1),(160,54,1),(160,77,1),(160,86,1),(160,118,1),(160,164,1),(160,182,1),(161,34,1),(161,47,1),(161,96,1),(161,130,1),(161,144,1),(161,146,1),(161,162,1),(161,174,1),(162,1,1),(162,3,1),(162,6,1),(162,7,1),(162,12,1),(162,13,1),(162,22,1),(162,46,1),(162,65,1),(162,75,1),(162,104,1),(162,108,1),(162,153,1),(162,154,1),(162,166,1),(162,178,1),(163,3,1),(163,5,1),(163,13,1),(163,23,1),(163,54,1),(163,61,1),(163,65,1),(163,88,1),(163,113,1),(163,128,1),(163,137,1),(164,13,1),(164,15,1),(164,23,1),(164,24,1),(164,43,1),(164,77,1),(164,99,1),(164,121,1),(164,151,1),(165,73,1),(165,84,1),(165,93,1),(165,105,1),(165,125,1),(165,149,1),(165,167,1),(165,176,1),(166,5,1),(166,42,1),(166,46,1),(166,64,1),(166,95,1),(166,109,1),(166,111,1),(166,122,1),(166,128,1),(166,159,1),(166,164,1),(166,170,1),(166,194,1),(166,195,1),(167,12,1),(167,85,1),(167,146,1),(167,167,1),(167,195,1),(168,2,1),(168,11,1),(168,35,1),(168,61,1),(168,71,1),(168,96,1),(168,117,1),(168,126,1),(168,128,1),(168,131,1),(168,136,1),(168,163,1),(169,21,1),(169,41,1),(169,99,1),(169,111,1),(169,114,1),(169,140,1),(169,177,1),(169,194,1),(170,17,1),(170,58,1),(170,148,1),(170,162,1),(171,12,1),(171,13,1),(171,51,1),(171,53,1),(171,102,1),(171,111,1),(171,135,1),(171,159,1),(171,171,1),(172,2,1),(172,152,1),(172,159,1),(172,161,1),(172,183,1),(172,193,1),(173,36,1),(173,74,1),(173,89,1),(173,134,1),(173,141,1),(173,162,1),(173,184,1),(174,55,1),(174,65,1),(174,84,1),(174,99,1),(174,124,1),(174,159,1),(174,161,1),(174,180,1),(174,183,1),(174,196,1),(175,10,1),(175,32,1),(175,116,1),(175,117,1),(175,136,1),(175,182,1),(175,192,1),(176,35,1),(176,37,1),(176,53,1),(176,55,1),(176,76,1),(176,78,1),(176,110,1),(176,114,1),(176,143,1),(176,157,1),(176,175,1),(177,17,1),(177,28,1),(177,37,1),(177,43,1),(177,58,1),(177,75,1),(177,104,1),(177,106,1),(177,138,1),(177,139,1),(177,143,1),(177,147,1),(177,178,1),(178,20,1),(178,27,1),(178,42,1),(178,55,1),(178,71,1),(178,78,1),(178,79,1),(178,112,1),(178,114,1),(178,168,1),(178,171,1),(179,2,1),(179,42,1),(179,45,1),(179,64,1),(179,113,1),(179,128,1),(180,3,1),(180,14,1),(180,48,1),(180,50,1),(180,63,1),(180,77,1),(180,98,1),(180,125,1),(180,144,1),(180,167,1),(180,175,1),(181,21,1),(181,46,1),(181,99,1),(181,105,1),(181,108,1),(181,121,1),(181,175,1),(181,196,1),(182,23,1),(182,48,1),(182,61,1),(182,65,1),(182,75,1),(182,78,1),(182,114,1),(182,123,1),(182,125,1),(182,127,1),(182,158,1),(182,191,1),(183,7,1),(183,40,1),(183,47,1),(183,52,1),(183,111,1),(183,136,1),(183,154,1),(183,175,1),(183,177,1),(184,25,1),(184,44,1),(184,92,1),(184,93,1),(184,105,1),(184,115,1),(184,152,1),(184,154,1),(184,156,1),(184,180,1),(184,185,1),(185,22,1),(185,37,1),(185,47,1),(185,93,1),(185,97,1),(185,116,1),(185,136,1),(185,149,1),(185,162,1),(185,198,1),(186,3,1),(186,5,1),(186,51,1),(186,72,1),(186,82,1),(186,134,1),(186,150,1),(186,194,1),(187,12,1),(187,38,1),(187,49,1),(187,51,1),(187,96,1),(187,105,1),(187,157,1),(187,158,1),(187,171,1),(187,177,1),(188,1,1),(188,8,1),(188,62,1),(188,86,1),(188,91,1),(188,106,1),(188,113,1),(188,121,1),(188,162,1),(188,163,1),(188,167,1),(188,171,1),(188,200,1),(189,16,1),(189,53,1),(189,80,1),(189,83,1),(189,110,1),(189,130,1),(189,139,1),(189,163,1),(189,164,1),(190,13,1),(190,60,1),(190,68,1),(190,69,1),(190,74,1),(190,83,1),(190,150,1),(190,165,1),(190,191,1),(191,3,1),(191,16,1),(191,35,1),(191,48,1),(191,50,1),(191,100,1),(191,103,1),(191,119,1),(191,127,1),(191,164,1),(191,178,1),(191,189,1),(191,191,1),(191,193,1),(192,21,1),(192,22,1),(192,41,1),(192,45,1),(192,53,1),(192,74,1),(192,100,1),(192,188,1),(193,20,1),(193,26,1),(193,39,1),(193,108,1),(193,113,1),(193,138,1),(193,154,1),(193,195,1),(194,12,1),(194,49,1),(194,86,1),(194,91,1),(194,110,1),(194,128,1),(194,164,1),(195,20,1),(195,57,1),(195,91,1),(195,125,1),(195,169,1),(195,176,1),(195,187,1),(196,25,1),(196,77,1),(196,98,1),(196,137,1),(196,152,1),(196,157,1),(196,158,1),(196,192,1),(197,29,1),(197,57,1),(197,70,1),(197,90,1),(197,91,1),(197,105,1),(197,127,1),(197,155,1),(197,170,1),(198,23,1),(198,32,1),(198,61,1),(198,79,1),(198,86,1),(198,104,1),(198,112,1),(198,152,1),(199,1,1),(199,10,1),(199,37,1),(199,61,1),(199,84,1),(199,150,1),(199,158,1),(199,175,1),(199,178,1),(199,186,1),(200,47,1),(200,65,1),(200,87,1),(200,91,1),(200,126,1),(200,147,1),(200,173,1),(200,178,1),(201,47,1),(201,114,1),(201,142,1),(201,188,1),(202,5,1),(202,18,1),(202,54,1),(202,109,1),(202,124,1),(202,132,1),(202,133,1),(202,136,1),(202,145,1),(202,162,1),(203,28,1),(203,35,1),(203,48,1),(203,73,1),(203,96,1),(203,119,1),(203,138,1),(203,164,1),(204,29,1),(204,54,1),(204,64,1),(204,75,1),(204,118,1),(204,141,1),(205,7,1),(205,8,1),(205,94,1),(205,138,1),(205,148,1),(205,162,1),(205,180,1),(206,8,1),(206,25,1),(206,29,1),(206,69,1),(206,95,1),(206,106,1),(206,109,1),(206,114,1),(206,119,1),(206,188,1),(207,40,1),(207,45,1),(207,53,1),(207,62,1),(207,104,1),(207,110,1),(207,122,1),(207,135,1),(207,155,1),(207,189,1),(207,199,1),(208,1,1),(208,21,1),(208,52,1),(208,56,1),(208,79,1),(208,91,1),(208,136,1),(208,142,1),(208,147,1),(208,160,1),(208,169,1),(208,171,1),(208,183,1),(209,50,1),(209,60,1),(209,71,1),(209,86,1),(209,89,1),(209,122,1),(209,131,1),(209,144,1),(209,176,1),(209,182,1),(209,192,1),(210,27,1),(210,47,1),(210,51,1),(210,74,1),(210,119,1),(210,128,1),(210,159,1),(210,165,1),(210,168,1),(210,200,1),(211,21,1),(211,24,1),(211,74,1),(211,88,1),(211,105,1),(211,107,1),(211,169,1),(211,189,1),(212,6,1),(212,13,1),(212,76,1),(212,79,1),(212,81,1),(212,98,1),(212,133,1),(212,150,1),(212,152,1),(212,157,1),(212,165,1),(213,14,1),(213,41,1),(213,60,1),(213,66,1),(213,87,1),(213,101,1),(213,103,1),(213,106,1),(213,124,1),(213,149,1),(213,154,1),(213,155,1),(213,160,1),(213,179,1),(214,26,1),(214,30,1),(214,74,1),(214,82,1),(214,86,1),(214,90,1),(214,122,1),(214,135,1),(214,146,1),(214,162,1),(214,189,1),(214,194,1),(215,57,1),(215,92,1),(215,101,1),(215,154,1),(215,183,1),(215,188,1),(216,6,1),(216,33,1),(216,162,1),(216,184,1),(217,1,1),(217,105,1),(217,111,1),(217,138,1),(217,154,1),(217,158,1),(218,17,1),(218,20,1),(218,43,1),(218,66,1),(218,89,1),(218,106,1),(218,112,1),(218,131,1),(218,132,1),(218,162,1),(218,177,1),(219,39,1),(219,62,1),(219,117,1),(219,120,1),(219,123,1),(219,132,1),(219,154,1),(219,199,1),(220,6,1),(220,16,1),(220,19,1),(220,71,1),(220,79,1),(220,89,1),(220,99,1),(220,111,1),(220,129,1),(220,191,1),(221,83,1),(221,130,1),(221,149,1),(221,181,1),(222,9,1),(222,26,1),(222,94,1),(222,99,1),(222,108,1),(222,113,1),(222,121,1),(222,152,1),(222,168,1),(223,24,1),(223,28,1),(223,48,1),(223,122,1),(223,148,1),(223,150,1),(223,151,1),(223,162,1),(223,191,1),(224,29,1),(224,93,1),(224,96,1),(224,105,1),(224,111,1),(224,112,1),(224,172,1),(224,188,1),(224,193,1),(225,3,1),(225,12,1),(225,15,1),(225,47,1),(225,75,1),(225,117,1),(225,132,1),(226,13,1),(226,31,1),(226,71,1),(226,92,1),(226,110,1),(226,130,1),(226,141,1),(227,14,1),(227,46,1),(227,134,1),(227,152,1),(227,184,1),(227,195,1),(228,29,1),(228,31,1),(228,65,1),(228,94,1),(228,128,1),(228,135,1),(228,141,1),(228,180,1),(228,184,1),(228,190,1),(228,191,1),(229,10,1),(229,12,1),(229,18,1),(229,19,1),(229,33,1),(229,100,1),(229,115,1),(229,126,1),(229,140,1),(229,171,1),(230,20,1),(230,25,1),(230,41,1),(230,57,1),(230,75,1),(230,115,1),(230,125,1),(230,136,1),(230,186,1),(230,196,1),(231,32,1),(231,92,1),(232,10,1),(232,33,1),(232,35,1),(232,81,1),(232,101,1),(232,123,1),(232,135,1),(232,164,1),(232,166,1),(232,168,1),(233,24,1),(233,47,1),(233,50,1),(233,80,1),(233,101,1),(233,103,1),(233,119,1),(233,127,1),(233,147,1),(233,157,1),(233,186,1),(234,10,1),(234,122,1),(234,127,1),(234,140,1),(234,147,1),(234,159,1),(234,179,1),(234,180,1),(234,182,1),(234,197,1),(235,11,1),(235,114,1),(235,166,1),(235,175,1),(236,45,1),(236,73,1),(236,89,1),(236,93,1),(236,112,1),(236,114,1),(236,118,1),(236,123,1),(236,130,1),(236,199,1),(237,41,1),(237,60,1),(237,65,1),(237,85,1),(237,91,1),(237,152,1),(237,162,1),(237,184,1),(237,194,1),(238,5,1),(238,19,1),(238,22,1),(238,44,1),(238,65,1),(238,75,1),(238,87,1),(238,107,1),(238,123,1),(238,128,1),(238,133,1),(239,4,1),(239,24,1),(239,112,1),(239,167,1),(239,170,1),(240,22,1),(240,30,1),(240,36,1),(240,45,1),(240,53,1),(240,61,1),(240,89,1),(240,107,1),(240,139,1),(240,143,1),(241,34,1),(241,36,1),(241,80,1),(241,135,1),(241,145,1),(241,151,1),(241,156,1),(241,157,1),(241,187,1),(242,67,1),(242,91,1),(242,102,1),(242,115,1),(242,124,1),(242,132,1),(242,140,1),(242,152,1),(242,161,1),(242,190,1),(243,53,1),(243,90,1),(243,121,1),(243,141,1),(243,162,1),(243,165,1),(243,177,1),(243,192,1),(243,199,1),(244,6,1),(244,19,1),(244,65,1),(244,83,1),(244,95,1),(244,137,1),(244,170,1),(245,10,1),(245,59,1),(245,77,1),(245,109,1),(245,199,1),(246,18,1),(246,30,1),(246,31,1),(246,33,1),(246,40,1),(246,94,1),(246,102,1),(246,112,1),(246,176,1),(247,10,1),(247,18,1),(247,19,1),(247,30,1),(247,89,1),(247,132,1),(247,144,1),(247,182,1),(247,188,1),(248,12,1),(248,21,1),(248,25,1),(248,57,1),(248,65,1),(248,79,1),(248,91,1),(248,133,1),(248,137,1),(248,143,1),(248,149,1),(248,152,1),(249,12,1),(249,24,1),(249,56,1),(249,59,1),(249,134,1),(249,138,1),(249,143,1),(249,173,1),(249,179,1),(249,197,1),(250,13,1),(250,24,1),(250,47,1),(250,60,1),(250,61,1),(250,73,1),(250,77,1),(250,85,1),(250,132,1),(250,178,1),(250,200,1),(251,5,1),(251,9,1),(251,40,1),(251,47,1),(251,56,1),(251,77,1),(251,93,1),(251,113,1),(251,137,1),(251,176,1),(252,8,1),(252,15,1),(252,56,1),(252,192,1),(252,199,1),(253,25,1),(253,149,1),(253,173,1),(253,185,1),(254,20,1),(254,26,1),(254,83,1),(254,118,1),(254,126,1),(254,149,1),(254,153,1),(254,175,1),(255,25,1),(255,27,1),(255,81,1),(255,93,1),(255,98,1),(255,109,1),(255,147,1),(255,170,1),(255,200,1),(256,37,1),(256,39,1),(256,42,1),(256,46,1),(256,69,1),(256,117,1),(256,118,1),(256,125,1),(256,134,1),(256,136,1),(256,140,1),(256,172,1),(256,192,1),(256,194,1),(257,11,1),(257,17,1),(257,27,1),(257,30,1),(257,55,1),(257,64,1),(257,84,1),(257,93,1),(257,107,1),(257,108,1),(257,138,1),(257,171,1),(258,5,1),(258,32,1),(258,69,1),(258,75,1),(258,81,1),(259,2,1),(259,45,1),(259,69,1),(259,84,1),(259,96,1),(259,120,1),(259,130,1),(259,164,1),(259,198,1),(260,55,1),(260,79,1),(260,113,1),(260,133,1),(260,155,1),(260,170,1),(260,174,1),(260,181,1),(261,51,1),(261,84,1),(261,106,1),(261,140,1),(261,153,1),(261,182,1),(262,4,1),(262,16,1),(262,45,1),(262,49,1),(262,53,1),(262,60,1),(262,69,1),(262,99,1),(262,126,1),(262,142,1),(262,143,1),(262,171,1),(262,185,1),(262,189,1),(263,18,1),(263,28,1),(263,77,1),(263,82,1),(263,103,1),(263,146,1),(263,179,1),(263,189,1),(264,12,1),(264,41,1),(264,54,1),(264,68,1),(264,102,1),(264,144,1),(264,159,1),(264,164,1),(264,195,1),(265,70,1),(265,84,1),(265,143,1),(265,155,1),(265,170,1),(265,192,1),(266,3,1),(266,13,1),(266,29,1),(266,86,1),(266,103,1),(266,114,1),(266,184,1),(267,33,1),(267,39,1),(267,82,1),(267,87,1),(267,96,1),(267,98,1),(267,104,1),(267,126,1),(267,152,1),(267,154,1),(268,50,1),(268,86,1),(268,128,1),(268,141,1),(268,154,1),(268,194,1),(269,6,1),(269,62,1),(269,74,1),(269,90,1),(269,109,1),(269,114,1),(269,121,1),(269,124,1),(269,158,1),(269,184,1),(269,187,1),(269,189,1),(270,19,1),(270,22,1),(270,92,1),(270,121,1),(270,130,1),(270,133,1),(270,139,1),(270,143,1),(270,174,1),(270,182,1),(271,90,1),(271,125,1),(271,188,1),(272,43,1),(272,82,1),(272,83,1),(272,91,1),(272,135,1),(272,148,1),(272,165,1),(272,188,1),(272,197,1),(273,4,1),(273,100,1),(273,117,1),(274,14,1),(274,22,1),(274,41,1),(274,47,1),(274,74,1),(274,118,1),(274,152,1),(274,165,1),(274,171,1),(275,16,1),(275,18,1),(275,31,1),(275,41,1),(275,57,1),(275,95,1),(275,111,1),(275,113,1),(275,116,1),(275,118,1),(275,173,1),(276,6,1),(276,9,1),(276,15,1),(276,38,1),(276,55,1),(276,80,1),(276,97,1),(276,148,1),(276,164,1),(276,195,1),(277,29,1),(277,33,1),(277,97,1),(277,105,1),(277,132,1),(277,142,1),(277,147,1),(277,186,1),(278,5,1),(278,34,1),(278,57,1),(278,65,1),(278,78,1),(278,121,1),(278,137,1),(278,170,1),(278,188,1),(278,189,1),(279,13,1),(279,15,1),(279,38,1),(279,56,1),(279,58,1),(279,63,1),(279,69,1),(279,107,1),(279,122,1),(279,143,1),(279,181,1),(279,195,1),(280,1,1),(280,2,1),(280,49,1),(280,53,1),(280,57,1),(280,60,1),(280,65,1),(280,89,1),(280,90,1),(280,179,1),(281,7,1),(281,11,1),(281,30,1),(281,52,1),(281,62,1),(281,70,1),(281,71,1),(281,96,1),(281,115,1),(281,137,1),(281,148,1),(281,169,1),(281,172,1),(281,200,1),(282,79,1),(282,80,1),(282,114,1),(282,129,1),(282,133,1),(282,141,1),(282,182,1),(282,187,1),(282,189,1),(283,5,1),(283,11,1),(283,17,1),(283,26,1),(283,50,1),(283,51,1),(283,63,1),(283,122,1),(283,165,1),(283,197,1),(284,65,1),(284,72,1),(284,114,1),(284,127,1),(284,173,1),(285,14,1),(285,28,1),(285,59,1),(285,72,1),(285,80,1),(285,108,1),(285,115,1),(285,117,1),(285,120,1),(285,134,1),(285,169,1),(285,191,1),(286,4,1),(286,51,1),(286,56,1),(286,58,1),(286,73,1),(286,77,1),(286,107,1),(286,142,1),(286,149,1),(287,6,1),(287,27,1),(287,69,1),(287,76,1),(287,99,1),(287,112,1),(287,146,1),(287,159,1),(287,199,1),(288,29,1),(288,39,1),(288,61,1),(288,79,1),(288,88,1),(288,96,1),(288,100,1),(288,101,1),(288,113,1),(288,128,1),(288,144,1),(288,175,1),(288,176,1),(288,177,1),(289,36,1),(289,95,1),(289,136,1),(289,158,1),(290,31,1),(290,36,1),(290,37,1),(290,49,1),(290,72,1),(290,137,1),(290,155,1),(290,159,1),(290,160,1),(290,189,1),(291,5,1),(291,6,1),(291,40,1),(291,57,1),(291,61,1),(291,161,1),(291,186,1),(292,9,1),(292,44,1),(292,121,1),(292,157,1),(292,158,1),(292,190,1),(293,27,1),(293,36,1),(293,41,1),(293,55,1),(293,62,1),(293,87,1),(293,108,1),(293,114,1),(293,135,1),(293,145,1),(293,177,1),(294,9,1),(294,15,1),(294,18,1),(294,24,1),(294,36,1),(294,122,1),(294,124,1),(294,146,1),(294,172,1),(294,178,1),(295,17,1),(295,38,1),(295,83,1),(295,117,1),(295,119,1),(295,125,1),(295,140,1),(295,151,1),(295,164,1),(295,171,1),(296,3,1),(296,64,1),(296,71,1),(296,88,1),(296,146,1),(296,178,1),(296,188,1),(296,200,1),(297,21,1),(297,30,1),(297,115,1),(297,155,1),(297,157,1),(297,180,1),(297,184,1),(298,20,1),(298,30,1),(298,38,1),(298,78,1),(298,79,1),(298,134,1),(298,137,1),(298,141,1),(299,110,1),(299,121,1),(299,126,1),(299,155,1),(299,174,1),(299,177,1),(299,181,1),(300,54,1),(300,62,1),(300,78,1),(300,88,1),(300,99,1),(300,102,1),(300,106,1),(300,110,1),(300,147,1),(301,2,1),(301,23,1),(301,45,1),(301,91,1),(301,92,1),(301,97,1),(301,134,1),(301,142,1),(301,148,1),(301,161,1),(302,2,1),(302,55,1),(302,64,1),(302,85,1),(302,91,1),(302,106,1),(302,125,1),(302,128,1),(302,143,1),(302,147,1),(302,175,1),(303,33,1),(303,46,1),(303,64,1),(303,80,1),(303,107,1),(303,139,1),(303,143,1),(303,145,1),(303,147,1),(303,154,1),(304,2,1),(304,14,1),(304,24,1),(304,26,1),(304,31,1),(304,100,1),(304,116,1),(304,142,1),(304,159,1),(304,160,1),(305,1,1),(305,2,1),(305,9,1),(305,16,1),(305,89,1),(305,96,1),(305,112,1),(305,128,1),(305,171,1),(306,28,1),(306,33,1),(306,51,1),(306,162,1),(307,13,1),(307,86,1),(307,88,1),(307,94,1),(307,138,1),(307,150,1),(308,14,1),(308,19,1),(308,68,1),(308,116,1),(308,123,1),(308,193,1),(308,196,1),(309,53,1),(309,69,1),(309,72,1),(309,84,1),(309,171,1),(309,180,1),(310,54,1),(310,100,1),(311,49,1),(311,54,1),(311,108,1),(311,167,1),(311,191,1),(312,15,1),(312,55,1),(312,73,1),(312,90,1),(312,100,1),(312,129,1),(312,171,1),(313,3,1),(313,5,1),(313,14,1),(313,59,1),(313,60,1),(313,93,1),(313,160,1),(313,183,1),(313,186,1),(313,189,1),(314,2,1),(314,72,1),(314,90,1),(314,103,1),(314,106,1),(314,117,1),(314,150,1),(314,154,1),(314,161,1),(314,170,1),(314,187,1),(315,31,1),(315,36,1),(315,42,1),(315,92,1),(315,127,1),(315,136,1),(315,138,1),(316,56,1),(316,70,1),(316,117,1),(316,142,1),(316,154,1),(316,178,1),(316,187,1),(317,6,1),(317,33,1),(317,112,1),(317,151,1),(317,191,1),(317,195,1),(317,198,1),(318,6,1),(318,13,1),(318,33,1),(318,63,1),(318,67,1),(318,86,1),(318,89,1),(318,107,1),(318,194,1),(319,12,1),(319,13,1),(319,67,1),(319,104,1),(319,107,1),(319,129,1),(319,160,1),(319,167,1),(319,187,1),(320,2,1),(320,10,1),(320,20,1),(320,50,1),(320,56,1),(320,61,1),(320,97,1),(320,98,1),(320,101,1),(320,108,1),(320,134,1),(320,138,1),(320,159,1),(320,193,1),(320,195,1),(321,1,1),(321,2,1),(321,12,1),(321,22,1),(321,40,1),(321,83,1),(321,111,1),(321,122,1),(321,132,1),(321,135,1),(321,144,1),(322,20,1),(322,33,1),(322,73,1),(322,87,1),(322,132,1),(322,147,1),(323,10,1),(323,14,1),(323,48,1),(323,51,1),(323,99,1),(323,109,1),(323,118,1),(323,165,1),(323,170,1),(323,173,1),(323,183,1),(323,189,1),(323,192,1),(324,5,1),(324,18,1),(324,22,1),(324,41,1),(324,46,1),(324,71,1),(324,135,1),(324,143,1),(324,157,1),(324,195,1),(325,19,1),(325,66,1),(325,143,1),(325,164,1),(326,12,1),(326,21,1),(326,50,1),(326,80,1),(326,83,1),(326,111,1),(326,124,1),(326,194,1),(326,196,1),(327,13,1),(327,20,1),(327,23,1),(327,33,1),(327,45,1),(327,61,1),(327,63,1),(327,72,1),(327,120,1),(327,124,1),(327,148,1),(327,151,1),(327,161,1),(328,37,1),(328,164,1),(328,166,1),(328,172,1),(328,179,1),(329,27,1),(329,66,1),(329,86,1),(329,132,1),(329,143,1),(329,144,1),(329,149,1),(329,172,1),(329,200,1),(330,30,1),(330,46,1),(330,65,1),(330,79,1),(330,101,1),(330,110,1),(330,150,1),(330,166,1),(330,178,1),(331,14,1),(331,48,1),(331,90,1),(331,116,1),(331,168,1),(331,192,1),(331,197,1),(331,199,1),(332,20,1),(332,26,1),(332,44,1),(332,66,1),(332,71,1),(332,74,1),(332,78,1),(332,93,1),(332,94,1),(332,108,1),(332,121,1),(332,125,1),(332,174,1),(332,194,1),(333,3,1),(333,17,1),(333,27,1),(333,29,1),(333,50,1),(333,103,1),(333,137,1),(333,139,1),(333,165,1),(333,168,1),(333,170,1),(333,174,1),(333,176,1),(334,3,1),(334,14,1),(334,35,1),(334,44,1),(334,92,1),(334,131,1),(334,197,1),(335,6,1),(335,9,1),(335,21,1),(335,31,1),(335,50,1),(335,132,1),(335,171,1),(335,184,1),(336,1,1),(336,48,1),(336,86,1),(336,90,1),(336,93,1),(336,96,1),(336,102,1),(336,126,1),(336,138,1),(336,151,1),(336,181,1),(337,37,1),(337,44,1),(337,118,1),(337,180,1),(338,7,1),(338,17,1),(338,24,1),(338,90,1),(338,118,1),(338,143,1),(338,175,1),(338,192,1),(339,13,1),(339,16,1),(339,77,1),(339,105,1),(339,121,1),(339,128,1),(339,157,1),(339,173,1),(340,15,1),(340,23,1),(340,30,1),(340,40,1),(340,44,1),(340,57,1),(340,115,1),(340,117,1),(340,150,1),(341,18,1),(341,34,1),(341,62,1),(341,83,1),(341,99,1),(341,100,1),(341,117,1),(341,124,1),(341,198,1),(342,2,1),(342,15,1),(342,151,1),(342,168,1),(342,179,1),(342,186,1),(343,13,1),(343,35,1),(343,42,1),(343,53,1),(343,93,1),(343,122,1),(343,124,1),(343,126,1),(343,157,1),(343,168,1),(343,189,1),(343,190,1),(344,16,1),(344,29,1),(344,127,1),(345,15,1),(345,25,1),(345,33,1),(345,77,1),(345,100,1),(345,109,1),(345,184,1),(345,199,1),(345,200,1),(346,6,1),(346,28,1),(346,44,1),(346,56,1),(346,81,1),(346,106,1),(346,134,1),(346,152,1),(346,160,1),(346,162,1),(346,166,1),(346,167,1),(346,180,1),(346,181,1),(347,15,1),(347,53,1),(347,54,1),(347,111,1),(347,139,1),(347,153,1),(347,175,1),(347,183,1),(347,196,1),(348,1,1),(348,40,1),(348,53,1),(348,55,1),(348,58,1),(348,69,1),(348,76,1),(348,79,1),(348,80,1),(348,117,1),(348,126,1),(348,129,1),(348,154,1),(349,78,1),(349,82,1),(349,106,1),(349,110,1),(349,124,1),(349,135,1),(349,164,1),(349,186,1),(350,3,1),(350,6,1),(350,21,1),(350,52,1),(350,78,1),(350,124,1),(350,167,1),(350,188,1),(351,16,1),(351,17,1),(351,83,1),(351,108,1),(351,133,1),(351,161,1),(351,191,1),(351,193,1),(352,11,1),(352,28,1),(352,60,1),(352,95,1),(352,125,1),(352,137,1),(352,148,1),(352,177,1),(353,1,1),(353,13,1),(353,30,1),(353,56,1),(353,67,1),(353,110,1),(353,113,1),(353,133,1),(353,147,1),(354,8,1),(354,10,1),(354,30,1),(354,63,1),(354,89,1),(354,150,1),(354,157,1),(354,190,1),(355,16,1),(355,24,1),(355,54,1),(355,64,1),(355,78,1),(355,107,1),(355,157,1),(355,190,1),(356,6,1),(356,19,1),(356,123,1),(356,133,1),(356,143,1),(356,167,1),(356,169,1),(356,183,1),(357,8,1),(357,36,1),(357,37,1),(357,47,1),(357,71,1),(357,122,1),(357,142,1),(357,155,1),(357,156,1),(357,170,1),(357,187,1),(358,5,1),(358,23,1),(358,50,1),(358,57,1),(358,65,1),(358,75,1),(358,80,1),(358,107,1),(358,126,1),(358,129,1),(358,148,1),(358,173,1),(358,196,1),(359,24,1),(359,39,1),(359,51,1),(359,69,1),(359,89,1),(359,108,1),(359,142,1),(359,145,1),(359,181,1),(359,182,1),(360,6,1),(360,12,1),(360,28,1),(360,40,1),(360,44,1),(360,49,1),(360,63,1),(360,75,1),(360,167,1),(360,195,1),(361,12,1),(361,46,1),(361,57,1),(361,58,1),(361,65,1),(361,109,1),(361,118,1),(361,119,1),(361,150,1),(361,180,1),(361,182,1),(361,186,1),(362,4,1),(362,20,1),(362,26,1),(362,29,1),(362,67,1),(362,72,1),(362,98,1),(362,127,1),(362,142,1),(362,144,1),(362,151,1),(362,154,1),(362,163,1),(362,164,1),(362,169,1),(362,186,1),(363,77,1),(363,80,1),(363,103,1),(363,126,1),(363,151,1),(363,155,1),(363,159,1),(363,166,1),(363,178,1),(363,179,1),(364,39,1),(364,51,1),(364,81,1),(364,144,1),(364,145,1),(364,187,1),(365,6,1),(365,49,1),(365,65,1),(365,71,1),(365,107,1),(365,135,1),(365,142,1),(365,190,1),(366,12,1),(366,27,1),(366,43,1),(366,48,1),(366,50,1),(366,55,1),(366,66,1),(366,132,1),(366,172,1),(366,178,1),(366,193,1),(367,52,1),(367,56,1),(367,65,1),(367,118,1),(367,135,1),(368,26,1),(368,106,1),(368,119,1),(368,126,1),(368,178,1),(368,180,1),(369,6,1),(369,41,1),(369,47,1),(369,58,1),(369,63,1),(369,138,1),(369,181,1),(370,2,1),(370,6,1),(370,28,1),(370,29,1),(370,50,1),(370,59,1),(370,90,1),(370,104,1),(370,123,1),(370,136,1),(370,150,1),(370,197,1),(371,8,1),(371,27,1),(371,31,1),(371,47,1),(371,140,1),(371,141,1),(371,182,1),(372,2,1),(372,11,1),(372,58,1),(372,62,1),(372,75,1),(372,117,1),(372,135,1),(372,144,1),(372,145,1),(372,157,1),(372,180,1),(372,188,1),(372,193,1),(373,10,1),(373,12,1),(373,53,1),(373,97,1),(373,112,1),(373,113,1),(373,114,1),(373,148,1),(373,155,1),(374,14,1),(374,28,1),(374,42,1),(374,99,1),(374,114,1),(374,115,1),(374,126,1),(374,158,1),(374,167,1),(374,188,1),(375,19,1),(375,94,1),(375,96,1),(375,104,1),(375,120,1),(375,155,1),(375,162,1),(375,176,1),(375,199,1),(376,10,1),(376,16,1),(376,18,1),(376,30,1),(376,51,1),(376,118,1),(376,124,1),(376,138,1),(376,143,1),(376,149,1),(376,155,1),(377,22,1),(377,83,1),(377,86,1),(377,114,1),(377,142,1),(377,170,1),(378,21,1),(378,39,1),(378,100,1),(378,124,1),(378,169,1),(378,193,1),(378,195,1),(379,49,1),(379,68,1),(379,69,1),(379,131,1),(379,146,1),(379,152,1),(379,179,1),(379,182,1),(380,46,1),(380,63,1),(380,74,1),(380,111,1),(380,187,1),(380,200,1),(381,23,1),(381,119,1),(381,184,1),(381,191,1),(382,4,1),(382,20,1),(382,47,1),(382,62,1),(382,64,1),(382,66,1),(382,80,1),(382,83,1),(382,87,1),(382,121,1),(382,142,1),(382,161,1),(382,171,1),(383,21,1),(383,46,1),(383,57,1),(383,67,1),(383,71,1),(383,106,1),(383,153,1),(383,163,1),(384,14,1),(384,42,1),(384,81,1),(384,116,1),(384,117,1),(384,138,1),(384,140,1),(384,145,1),(384,170,1),(384,175,1),(384,182,1),(384,187,1),(385,6,1),(385,13,1),(385,46,1),(385,56,1),(386,7,1),(386,37,1),(386,58,1),(386,64,1),(386,68,1),(386,95,1),(386,97,1),(386,105,1),(386,108,1),(386,110,1),(386,116,1),(386,122,1),(386,136,1),(386,168,1),(387,72,1),(387,98,1),(387,129,1),(388,37,1),(388,107,1),(388,108,1),(388,130,1),(388,185,1),(388,188,1),(389,78,1),(389,91,1),(389,107,1),(389,110,1),(389,117,1),(389,128,1),(389,140,1),(390,54,1),(390,87,1),(390,111,1),(390,131,1),(390,135,1),(390,151,1),(390,178,1),(391,7,1),(391,55,1),(391,59,1),(391,63,1),(391,65,1),(391,92,1),(391,99,1),(391,105,1),(391,110,1),(391,144,1),(391,148,1),(392,14,1),(392,17,1),(392,27,1),(392,46,1),(392,67,1),(392,75,1),(392,79,1),(392,89,1),(392,120,1),(392,122,1),(393,27,1),(393,39,1),(393,71,1),(393,77,1),(393,124,1),(393,139,1),(393,187,1),(394,60,1),(394,62,1),(394,132,1),(394,194,1),(395,21,1),(395,144,1),(396,24,1),(396,56,1),(396,63,1),(396,65,1),(396,112,1),(396,121,1),(396,142,1),(396,182,1),(397,8,1),(397,14,1),(397,51,1),(397,93,1),(397,113,1),(397,133,1),(397,157,1),(397,161,1),(397,190,1),(397,200,1),(398,37,1),(398,56,1),(398,79,1),(398,93,1),(398,139,1),(398,155,1),(399,12,1),(399,28,1),(399,32,1),(399,66,1),(399,91,1),(399,118,1),(399,127,1),(399,128,1),(399,136,1),(399,148,1),(399,156,1),(399,173,1),(400,13,1),(400,22,1),(400,66,1),(400,72,1),(400,77,1),(400,81,1),(400,160,1),(401,25,1),(401,37,1),(401,42,1),(401,76,1),(401,82,1),(401,94,1),(401,102,1),(401,106,1),(401,195,1),(402,5,1),(402,7,1),(402,42,1),(402,43,1),(402,67,1),(402,84,1),(402,180,1),(403,17,1),(403,54,1),(403,74,1),(403,89,1),(403,125,1),(403,139,1),(403,164,1),(403,179,1),(404,3,1),(404,57,1),(404,62,1),(404,90,1),(404,114,1),(404,134,1),(404,180,1),(405,34,1),(405,52,1),(405,141,1),(405,170,1),(405,192,1),(405,193,1),(406,33,1),(406,39,1),(406,67,1),(406,83,1),(406,137,1),(406,143,1),(406,164,1),(406,174,1),(406,176,1),(406,178,1),(406,183,1),(406,193,1),(406,197,1),(407,34,1),(407,49,1),(407,71,1),(407,107,1),(407,111,1),(407,156,1),(407,162,1),(407,163,1),(407,168,1),(407,182,1),(408,10,1),(408,61,1),(408,77,1),(408,93,1),(408,190,1),(409,38,1),(409,53,1),(409,89,1),(409,111,1),(409,176,1),(409,188,1),(409,194,1),(410,72,1),(410,93,1),(410,125,1),(410,126,1),(410,139,1),(410,148,1),(410,176,1),(410,177,1),(410,197,1),(411,38,1),(411,80,1),(411,91,1),(411,92,1),(411,115,1),(411,134,1),(411,142,1),(411,146,1),(412,119,1),(412,138,1),(412,143,1),(412,164,1),(412,181,1),(412,186,1),(412,197,1),(412,198,1),(413,10,1),(413,22,1),(413,24,1),(413,25,1),(413,72,1),(413,88,1),(413,113,1),(413,136,1),(413,143,1),(413,161,1),(413,185,1),(413,188,1),(414,64,1),(414,120,1),(414,122,1),(414,164,1),(414,165,1),(414,171,1),(414,188,1),(414,192,1),(415,5,1),(415,16,1),(415,24,1),(415,49,1),(415,68,1),(415,80,1),(415,88,1),(415,94,1),(415,116,1),(415,139,1),(416,41,1),(416,105,1),(416,160,1),(416,182,1),(416,194,1),(417,35,1),(417,94,1),(417,99,1),(417,103,1),(417,113,1),(417,121,1),(417,125,1),(417,138,1),(417,193,1),(417,196,1),(418,19,1),(418,33,1),(418,58,1),(418,62,1),(418,76,1),(418,80,1),(418,84,1),(418,124,1),(418,139,1),(418,179,1),(419,65,1),(419,79,1),(419,90,1),(419,93,1),(419,98,1),(419,117,1),(419,135,1),(419,172,1),(419,199,1),(420,2,1),(420,42,1),(420,49,1),(420,53,1),(420,79,1),(420,83,1),(420,85,1),(420,90,1),(420,181,1),(421,42,1),(421,49,1),(421,61,1),(421,78,1),(421,123,1),(421,143,1),(422,30,1),(422,33,1),(422,47,1),(422,106,1),(422,114,1),(422,145,1),(422,162,1),(423,31,1),(423,108,1),(423,118,1),(423,127,1),(423,152,1),(423,178,1),(423,181,1),(424,8,1),(424,26,1),(424,60,1),(424,68,1),(424,71,1),(424,72,1),(424,118,1),(424,122,1),(424,155,1),(424,158,1),(424,196,1),(424,198,1),(425,42,1),(425,54,1),(425,78,1),(425,177,1),(425,178,1),(425,181,1),(426,14,1),(426,45,1),(426,73,1),(426,77,1),(426,109,1),(426,110,1),(426,112,1),(426,155,1),(426,169,1),(426,170,1),(427,41,1),(427,47,1),(427,57,1),(427,89,1),(427,97,1),(427,129,1),(427,141,1),(427,172,1),(427,183,1),(428,1,1),(428,30,1),(428,32,1),(428,41,1),(428,50,1),(428,74,1),(428,107,1),(428,133,1),(428,141,1),(428,177,1),(429,5,1),(429,6,1),(429,8,1),(429,54,1),(429,71,1),(429,74,1),(429,93,1),(429,108,1),(429,117,1),(429,125,1),(430,4,1),(430,45,1),(430,66,1),(430,68,1),(430,138,1),(430,170,1),(430,186,1),(431,10,1),(431,29,1),(431,68,1),(431,72,1),(431,100,1),(431,134,1),(431,148,1),(431,172,1),(431,174,1),(431,178,1),(432,6,1),(432,28,1),(432,78,1),(432,86,1),(432,88,1),(432,113,1),(432,114,1),(432,168,1),(433,8,1),(433,43,1),(433,57,1),(433,70,1),(433,83,1),(433,84,1),(433,146,1),(433,162,1),(433,169,1),(433,192,1),(434,20,1),(434,24,1),(434,66,1),(434,80,1),(434,137,1),(434,182,1),(434,198,1),(435,40,1),(435,47,1),(435,144,1),(435,153,1),(435,155,1),(435,171,1),(435,185,1),(436,5,1),(436,15,1),(436,64,1),(436,106,1),(436,121,1),(436,146,1),(436,161,1),(436,193,1),(437,7,1),(437,18,1),(437,71,1),(437,78,1),(437,94,1),(437,121,1),(437,131,1),(437,140,1),(437,153,1),(437,169,1),(438,61,1),(438,96,1),(438,114,1),(438,117,1),(438,124,1),(438,147,1),(438,152,1),(438,180,1),(439,14,1),(439,67,1),(439,115,1),(439,130,1),(439,134,1),(439,143,1),(439,157,1),(439,171,1),(440,41,1),(440,47,1),(440,96,1),(440,98,1),(440,116,1),(440,125,1),(440,135,1),(440,136,1),(440,176,1),(440,188,1),(441,28,1),(441,42,1),(441,94,1),(441,169,1),(441,170,1),(442,4,1),(442,37,1),(442,53,1),(442,58,1),(442,74,1),(442,89,1),(442,115,1),(442,133,1),(443,23,1),(443,33,1),(443,61,1),(443,73,1),(443,168,1),(443,177,1),(443,181,1),(443,191,1),(443,194,1),(444,50,1),(444,101,1),(444,145,1),(444,165,1),(444,193,1),(445,15,1),(445,20,1),(445,36,1),(445,40,1),(445,53,1),(445,64,1),(445,76,1),(445,80,1),(445,120,1),(445,142,1),(445,155,1),(445,178,1),(445,193,1),(445,196,1),(446,8,1),(446,17,1),(446,21,1),(446,44,1),(446,54,1),(446,91,1),(446,96,1),(446,102,1),(446,132,1),(446,181,1),(446,182,1),(446,183,1),(447,13,1),(447,60,1),(447,71,1),(447,92,1),(447,107,1),(447,130,1),(447,135,1),(447,148,1),(448,37,1),(448,42,1),(448,84,1),(448,139,1),(448,162,1),(448,177,1),(449,10,1),(449,39,1),(449,55,1),(449,69,1),(449,93,1),(449,184,1),(449,200,1),(450,36,1),(450,42,1),(450,63,1),(450,67,1),(450,73,1),(450,86,1),(450,155,1),(450,171,1),(450,180,1),(450,184,1),(451,49,1),(451,66,1),(451,68,1),(451,77,1),(451,93,1),(451,101,1),(451,109,1),(451,136,1),(451,200,1),(452,1,1),(452,8,1),(452,83,1),(452,86,1),(452,91,1),(452,92,1),(452,93,1),(452,103,1),(452,105,1),(452,125,1),(452,130,1),(452,136,1),(452,174,1),(452,179,1),(452,187,1),(453,7,1),(453,39,1),(453,89,1),(453,95,1),(453,98,1),(453,111,1),(453,171,1),(454,25,1),(454,44,1),(454,97,1),(454,138,1),(454,167,1),(455,5,1),(455,36,1),(455,45,1),(455,53,1),(455,66,1),(455,139,1),(455,167,1),(455,177,1),(455,178,1),(455,198,1),(456,4,1),(456,16,1),(456,59,1),(456,115,1),(456,147,1),(456,159,1),(456,166,1),(456,170,1),(457,14,1),(457,15,1),(457,40,1),(457,44,1),(457,88,1),(457,118,1),(457,126,1),(457,130,1),(457,165,1),(457,182,1),(458,26,1),(458,38,1),(458,41,1),(458,47,1),(458,114,1),(458,124,1),(458,161,1),(458,166,1),(458,177,1),(458,178,1),(458,192,1),(458,197,1),(458,200,1),(459,27,1),(459,55,1),(459,59,1),(459,60,1),(459,62,1),(459,65,1),(459,69,1),(459,89,1),(459,112,1),(459,133,1),(459,164,1),(459,177,1),(459,182,1),(459,190,1),(460,13,1),(460,21,1),(460,36,1),(460,39,1),(460,74,1),(460,85,1),(460,93,1),(460,132,1),(460,148,1),(460,163,1),(460,164,1),(460,185,1),(460,188,1),(461,16,1),(461,93,1),(461,95,1),(461,107,1),(461,177,1),(462,14,1),(462,17,1),(462,18,1),(462,85,1),(462,88,1),(462,95,1),(463,6,1),(463,27,1),(463,41,1),(463,92,1),(463,96,1),(463,104,1),(463,136,1),(463,155,1),(463,194,1),(464,5,1),(464,6,1),(464,33,1),(464,43,1),(464,65,1),(464,76,1),(464,111,1),(464,126,1),(464,128,1),(464,188,1),(464,189,1),(465,3,1),(465,9,1),(465,21,1),(465,90,1),(465,91,1),(465,99,1),(465,116,1),(465,121,1),(465,128,1),(465,136,1),(465,180,1),(465,185,1),(466,21,1),(466,68,1),(466,73,1),(466,86,1),(466,94,1),(466,122,1),(466,154,1),(466,160,1),(466,178,1),(466,179,1),(467,20,1),(467,38,1),(467,52,1),(467,70,1),(467,111,1),(467,121,1),(467,149,1),(467,161,1),(467,187,1),(468,4,1),(468,8,1),(468,13,1),(468,87,1),(468,89,1),(468,91,1),(468,99,1),(468,109,1),(468,129,1),(468,148,1),(468,198,1),(469,5,1),(469,42,1),(469,52,1),(469,58,1),(469,67,1),(469,88,1),(469,92,1),(469,102,1),(469,172,1),(469,175,1),(469,182,1),(469,199,1),(470,1,1),(470,18,1),(470,49,1),(470,51,1),(470,57,1),(470,75,1),(470,93,1),(470,99,1),(470,102,1),(470,133,1),(470,148,1),(470,151,1),(470,155,1),(470,161,1),(470,165,1),(471,26,1),(471,64,1),(471,162,1),(472,66,1),(472,67,1),(472,70,1),(472,77,1),(472,104,1),(472,132,1),(472,136,1),(472,144,1),(472,169,1),(473,5,1),(473,20,1),(473,25,1),(473,26,1),(473,29,1),(473,33,1),(473,50,1),(473,93,1),(473,114,1),(473,154,1),(473,186,1),(474,7,1),(474,12,1),(474,78,1),(474,94,1),(474,125,1),(474,128,1),(474,182,1),(474,186,1),(474,192,1),(475,1,1),(475,24,1),(475,65,1),(475,96,1),(475,103,1),(475,105,1),(475,133,1),(475,149,1),(475,151,1),(475,160,1),(475,184,1),(475,188,1),(475,189,1),(476,49,1),(476,68,1),(476,103,1),(476,142,1),(476,151,1),(476,153,1),(476,187,1),(477,4,1),(477,26,1),(477,60,1),(477,90,1),(477,149,1),(477,155,1),(477,175,1),(477,183,1),(477,199,1),(478,9,1),(478,11,1),(478,94,1),(478,140,1),(478,143,1),(478,149,1),(479,33,1),(479,41,1),(479,70,1),(479,124,1),(479,150,1),(479,171,1),(479,186,1),(480,3,1),(480,37,1),(480,93,1),(480,123,1),(480,127,1),(480,161,1),(481,17,1),(481,18,1),(481,32,1),(481,124,1),(481,142,1),(481,151,1),(481,158,1),(481,186,1),(481,187,1),(481,198,1),(482,32,1),(482,58,1),(482,64,1),(482,83,1),(482,84,1),(482,87,1),(482,111,1),(482,116,1),(482,141,1),(482,160,1),(483,20,1),(483,50,1),(483,69,1),(483,72,1),(483,89,1),(483,126,1),(483,135,1),(483,166,1),(483,199,1),(484,13,1),(484,53,1),(484,59,1),(484,91,1),(484,99,1),(484,121,1),(484,131,1),(484,198,1),(485,23,1),(485,66,1),(485,95,1),(485,97,1),(485,181,1),(485,196,1),(486,1,1),(486,61,1),(486,89,1),(486,106,1),(486,116,1),(486,117,1),(486,141,1),(486,144,1),(486,149,1),(486,155,1),(486,169,1),(487,5,1),(487,20,1),(487,22,1),(487,29,1),(487,65,1),(487,83,1),(487,93,1),(487,106,1),(487,138,1),(487,163,1),(487,174,1),(487,187,1),(487,190,1),(488,33,1),(488,73,1),(488,75,1),(489,25,1),(489,60,1),(489,104,1),(489,105,1),(489,125,1),(489,168,1),(489,178,1),(490,6,1),(490,10,1),(490,16,1),(490,46,1),(490,86,1),(490,96,1),(490,120,1),(490,170,1),(490,181,1),(491,42,1),(491,49,1),(491,63,1),(491,74,1),(491,78,1),(491,155,1),(491,166,1),(492,34,1),(492,42,1),(492,73,1),(492,88,1),(492,102,1),(492,112,1),(492,121,1),(492,127,1),(492,185,1),(492,186,1),(493,1,1),(493,23,1),(493,48,1),(493,70,1),(493,86,1),(493,116,1),(493,135,1),(493,165,1),(494,23,1),(494,38,1),(494,52,1),(494,71,1),(494,110,1),(494,123,1),(494,145,1),(494,199,1),(495,1,1),(495,67,1),(495,98,1),(495,103,1),(495,108,1),(495,115,1),(495,143,1),(495,186,1),(495,199,1),(496,14,1),(496,16,1),(496,37,1),(496,43,1),(496,67,1),(496,105,1),(496,136,1),(496,138,1),(496,144,1),(496,182,1),(496,189,1),(496,200,1),(497,19,1),(497,50,1),(497,72,1),(497,98,1),(497,139,1),(497,149,1),(497,181,1),(498,18,1),(498,19,1),(498,26,1),(498,36,1),(498,47,1),(498,51,1),(498,100,1),(498,102,1),(498,106,1),(498,111,1),(498,123,1),(498,142,1),(498,149,1),(498,189,1),(499,22,1),(499,26,1),(499,37,1),(499,38,1),(499,46,1),(499,79,1),(499,187,1),(500,27,1),(500,32,1),(500,51,1),(500,68,1),(500,88,1),(500,98,1),(500,104,1),(500,128,1),(500,173,1),(500,197,1),(501,46,1),(501,77,1),(501,83,1),(501,142,1),(501,150,1),(502,65,1),(502,74,1),(502,105,1),(502,126,1),(502,147,1),(502,178,1),(502,180,1),(502,191,1),(503,8,1),(503,137,1),(503,196,1),(504,38,1),(504,40,1),(504,50,1),(504,53,1),(504,65,1),(504,82,1),(504,86,1),(504,89,1),(504,92,1),(504,134,1),(504,160,1),(504,165,1),(504,177,1),(504,187,1),(505,11,1),(505,46,1),(505,62,1),(505,67,1),(505,70,1),(505,104,1),(505,108,1),(505,124,1),(505,141,1),(505,154,1),(505,178,1),(505,188,1),(506,44,1),(506,73,1),(506,100,1),(506,109,1),(506,178,1),(506,185,1),(506,195,1),(506,196,1),(506,200,1),(507,30,1),(507,38,1),(507,106,1),(507,108,1),(507,187,1),(508,22,1),(508,23,1),(508,46,1),(508,55,1),(508,56,1),(508,76,1),(508,80,1),(508,159,1),(509,8,1),(509,42,1),(509,47,1),(509,54,1),(509,66,1),(509,163,1),(509,188,1),(509,197,1),(509,199,1),(510,5,1),(510,17,1),(510,85,1),(510,124,1),(510,131,1),(510,138,1),(510,141,1),(510,177,1),(510,192,1),(510,195,1),(511,22,1),(511,52,1),(511,101,1),(511,107,1),(511,121,1),(511,154,1),(511,172,1),(511,181,1),(511,198,1),(512,3,1),(512,34,1),(512,100,1),(512,129,1),(512,186,1),(512,191,1),(513,9,1),(513,27,1),(513,86,1),(513,158,1),(514,20,1),(514,57,1),(514,98,1),(514,158,1),(515,11,1),(515,12,1),(515,22,1),(515,48,1),(515,59,1),(515,61,1),(515,63,1),(515,85,1),(515,141,1),(515,150,1),(515,152,1),(516,5,1),(516,38,1),(516,40,1),(516,44,1),(516,78,1),(516,117,1),(516,170,1),(516,176,1),(517,38,1),(517,39,1),(517,45,1),(517,67,1),(517,71,1),(517,74,1),(517,83,1),(517,116,1),(517,123,1),(517,124,1),(517,128,1),(517,134,1),(517,152,1),(518,2,1),(518,28,1),(518,38,1),(518,71,1),(518,153,1),(518,182,1),(518,197,1),(519,1,1),(519,10,1),(519,41,1),(519,59,1),(519,103,1),(519,121,1),(519,126,1),(519,127,1),(519,142,1),(520,13,1),(520,36,1),(520,103,1),(520,104,1),(520,108,1),(520,123,1),(520,161,1),(520,184,1),(520,186,1),(521,67,1),(521,81,1),(521,83,1),(521,85,1),(521,133,1),(521,134,1),(521,148,1),(521,171,1),(521,199,1),(522,1,1),(522,5,1),(522,12,1),(522,41,1),(522,82,1),(522,130,1),(522,175,1),(522,186,1),(522,195,1),(523,13,1),(523,26,1),(523,64,1),(523,90,1),(523,142,1),(524,21,1),(524,27,1),(524,47,1),(524,61,1),(524,72,1),(524,73,1),(524,91,1),(524,128,1),(524,163,1),(524,170,1),(524,181,1),(524,197,1),(525,3,1),(525,40,1),(525,44,1),(525,50,1),(525,74,1),(525,127,1),(525,131,1),(525,135,1),(525,144,1),(525,145,1),(525,158,1),(525,188,1),(526,5,1),(526,51,1),(526,116,1),(526,133,1),(526,178,1),(526,179,1),(526,182,1),(526,187,1),(526,192,1),(527,16,1),(527,38,1),(527,63,1),(527,112,1),(527,113,1),(527,141,1),(528,10,1),(528,17,1),(528,65,1),(528,105,1),(528,124,1),(528,144,1),(528,197,1),(529,14,1),(529,35,1),(529,39,1),(529,124,1),(529,139,1),(529,162,1),(529,164,1),(529,188,1),(529,193,1),(530,57,1),(530,78,1),(530,81,1),(530,124,1),(530,129,1),(530,161,1),(531,8,1),(531,31,1),(531,38,1),(531,92,1),(531,93,1),(531,115,1),(531,141,1),(531,178,1),(531,179,1),(531,197,1),(532,61,1),(532,66,1),(532,111,1),(532,114,1),(532,153,1),(532,169,1),(532,171,1),(532,175,1),(532,200,1),(533,12,1),(533,87,1),(533,192,1),(533,199,1),(534,11,1),(534,12,1),(534,35,1),(534,79,1),(534,96,1),(534,120,1),(534,121,1),(534,133,1),(534,161,1),(534,165,1),(535,8,1),(535,15,1),(535,35,1),(535,57,1),(535,72,1),(535,74,1),(535,167,1),(535,196,1),(536,5,1),(536,21,1),(536,49,1),(536,75,1),(536,92,1),(536,94,1),(536,98,1),(536,106,1),(536,149,1),(536,164,1),(537,6,1),(537,71,1),(537,75,1),(537,86,1),(537,121,1),(537,133,1),(537,154,1),(537,184,1),(538,8,1),(538,50,1),(538,68,1),(538,79,1),(538,83,1),(538,89,1),(538,142,1),(538,184,1),(538,195,1),(539,21,1),(539,27,1),(539,42,1),(539,54,1),(539,87,1),(539,133,1),(539,141,1),(539,142,1),(539,151,1),(539,161,1),(539,167,1),(540,20,1),(540,51,1),(540,55,1),(540,70,1),(540,119,1),(540,125,1),(540,132,1),(540,153,1),(540,159,1),(540,160,1),(540,181,1),(540,199,1),(541,34,1),(541,45,1),(541,59,1),(541,84,1),(541,95,1),(541,108,1),(541,111,1),(541,200,1),(542,1,1),(542,39,1),(542,41,1),(542,91,1),(542,105,1),(542,124,1),(542,147,1),(542,166,1),(543,73,1),(543,75,1),(543,82,1),(544,35,1),(544,40,1),(544,65,1),(544,69,1),(544,92,1),(544,99,1),(544,105,1),(544,112,1),(544,120,1),(544,123,1),(544,146,1),(544,156,1),(544,177,1),(544,190,1),(544,198,1),(545,17,1),(545,53,1),(545,84,1),(545,111,1),(545,114,1),(545,150,1),(545,169,1),(545,186,1),(545,195,1),(545,199,1),(546,3,1),(546,12,1),(546,50,1),(546,68,1),(546,92,1),(546,98,1),(546,131,1),(546,160,1),(546,173,1),(546,198,1),(547,14,1),(547,17,1),(547,30,1),(547,34,1),(547,51,1),(547,97,1),(547,101,1),(547,102,1),(547,153,1),(547,154,1),(548,4,1),(548,14,1),(548,55,1),(548,59,1),(548,70,1),(548,71,1),(548,102,1),(548,114,1),(548,139,1),(549,5,1),(549,11,1),(549,42,1),(549,43,1),(549,50,1),(549,63,1),(549,93,1),(549,107,1),(549,137,1),(549,142,1),(549,196,1),(550,25,1),(550,62,1),(550,88,1),(550,114,1),(550,118,1),(550,139,1),(550,182,1),(551,2,1),(551,27,1),(551,29,1),(551,33,1),(551,64,1),(551,92,1),(551,143,1),(551,157,1),(551,175,1),(551,179,1),(552,15,1),(552,26,1),(552,85,1),(552,87,1),(552,89,1),(552,126,1),(552,135,1),(552,168,1),(553,9,1),(553,41,1),(553,85,1),(553,100,1),(553,115,1),(553,122,1),(553,126,1),(553,135,1),(553,139,1),(553,145,1),(553,152,1),(553,165,1),(553,177,1),(554,1,1),(554,96,1),(554,98,1),(554,102,1),(554,106,1),(554,132,1),(554,150,1),(554,155,1),(555,2,1),(555,13,1),(555,25,1),(555,27,1),(555,33,1),(555,44,1),(555,75,1),(556,2,1),(556,6,1),(556,7,1),(556,49,1),(556,51,1),(556,52,1),(556,66,1),(556,68,1),(556,75,1),(556,81,1),(556,89,1),(556,90,1),(556,99,1),(556,105,1),(556,134,1),(556,159,1),(556,170,1),(556,173,1),(556,176,1),(556,192,1),(557,4,1),(557,36,1),(557,37,1),(557,51,1),(557,52,1),(557,79,1),(557,81,1),(557,89,1),(557,120,1),(558,13,1),(558,59,1),(558,66,1),(558,67,1),(558,132,1),(558,138,1),(558,151,1),(558,155,1),(558,162,1),(559,21,1),(559,43,1),(559,77,1),(559,89,1),(559,90,1),(559,92,1),(559,107,1),(559,115,1),(559,132,1),(559,159,1),(559,167,1),(560,25,1),(560,40,1),(560,111,1),(560,160,1),(561,5,1),(561,7,1),(561,11,1),(561,15,1),(561,61,1),(561,96,1),(561,116,1),(561,120,1),(561,132,1),(561,133,1),(561,169,1),(561,198,1),(562,2,1),(562,30,1),(562,44,1),(562,49,1),(562,60,1),(562,87,1),(562,93,1),(562,118,1),(562,125,1),(562,130,1),(563,14,1),(563,29,1),(563,91,1),(563,173,1),(563,187,1),(563,200,1),(564,10,1),(564,14,1),(564,41,1),(564,46,1),(564,88,1),(564,114,1),(564,120,1),(564,123,1),(564,126,1),(564,130,1),(564,133,1),(564,137,1),(564,179,1),(564,189,1),(564,194,1),(565,16,1),(565,48,1),(565,49,1),(565,60,1),(565,63,1),(565,87,1),(565,126,1),(565,156,1),(566,8,1),(566,23,1),(566,66,1),(566,99,1),(566,101,1),(566,105,1),(566,128,1),(566,168,1),(566,186,1),(566,197,1),(566,199,1),(567,6,1),(567,36,1),(567,97,1),(567,136,1),(568,13,1),(568,88,1),(568,123,1),(568,162,1),(568,166,1),(568,189,1),(568,191,1),(568,195,1),(569,6,1),(569,12,1),(569,115,1),(569,122,1),(569,124,1),(569,128,1),(569,195,1),(570,12,1),(570,22,1),(570,23,1),(570,90,1),(570,99,1),(570,139,1),(570,155,1),(570,161,1),(570,172,1),(570,194,1),(571,12,1),(571,23,1),(571,33,1),(571,39,1),(571,48,1),(571,74,1),(571,78,1),(571,103,1),(571,127,1),(571,134,1),(572,28,1),(572,38,1),(572,91,1),(572,129,1),(572,136,1),(572,141,1),(572,148,1),(572,153,1),(572,156,1),(572,176,1),(573,5,1),(573,65,1),(573,91,1),(573,174,1),(573,184,1),(574,18,1),(574,22,1),(574,36,1),(574,52,1),(574,85,1),(574,100,1),(574,133,1),(574,140,1),(574,156,1),(574,190,1),(574,191,1),(574,192,1),(575,77,1),(575,81,1),(575,111,1),(575,150,1),(575,157,1),(575,180,1),(575,185,1),(576,29,1),(576,47,1),(576,54,1),(576,57,1),(576,59,1),(576,65,1),(576,85,1),(576,102,1),(576,128,1),(576,138,1),(576,154,1),(576,176,1),(576,187,1),(577,12,1),(577,18,1),(577,22,1),(577,23,1),(577,33,1),(577,55,1),(577,59,1),(577,65,1),(577,67,1),(577,104,1),(577,149,1),(577,171,1),(578,26,1),(578,52,1),(578,54,1),(578,98,1),(578,116,1),(578,122,1),(578,136,1),(578,156,1),(578,163,1),(578,164,1),(578,166,1),(578,193,1),(578,196,1),(579,55,1),(579,60,1),(579,92,1),(579,96,1),(579,138,1),(579,149,1),(579,162,1),(579,171,1),(579,185,1),(580,8,1),(580,12,1),(580,23,1),(580,47,1),(580,78,1),(580,92,1),(580,134,1),(580,137,1),(580,145,1),(580,165,1),(581,14,1),(581,35,1),(581,49,1),(581,53,1),(581,72,1),(581,129,1),(581,137,1),(581,139,1),(581,182,1),(582,21,1),(582,47,1),(582,63,1),(582,76,1),(582,92,1),(582,102,1),(582,108,1),(582,137,1),(582,168,1),(583,23,1),(583,55,1),(583,59,1),(583,62,1),(583,72,1),(583,94,1),(583,189,1),(583,198,1),(584,2,1),(584,19,1),(584,57,1),(584,60,1),(584,71,1),(584,101,1),(584,116,1),(584,172,1),(585,4,1),(585,38,1),(585,49,1),(585,82,1),(585,97,1),(585,124,1),(585,126,1),(585,141,1),(585,154,1),(585,162,1),(585,167,1),(585,184,1),(586,10,1),(586,51,1),(586,85,1),(586,119,1),(586,157,1),(586,163,1),(586,170,1),(587,2,1),(587,10,1),(587,72,1),(587,76,1),(587,111,1),(587,116,1),(587,130,1),(587,138,1),(587,144,1),(587,162,1),(587,196,1),(588,7,1),(588,10,1),(588,20,1),(588,43,1),(588,56,1),(588,73,1),(588,82,1),(588,113,1),(588,139,1),(588,147,1),(588,162,1),(588,171,1),(588,180,1),(588,184,1),(588,195,1),(589,18,1),(589,62,1),(589,96,1),(589,97,1),(589,114,1),(589,160,1),(589,188,1),(590,59,1),(590,87,1),(590,113,1),(590,116,1),(590,194,1),(591,25,1),(591,82,1),(591,98,1),(591,106,1),(591,137,1),(591,138,1),(592,18,1),(592,22,1),(592,27,1),(592,42,1),(592,100,1),(592,123,1),(592,136,1),(592,169,1),(592,177,1),(593,2,1),(593,22,1),(593,41,1),(593,118,1),(593,134,1),(593,154,1),(593,162,1),(593,170,1),(593,199,1),(594,16,1),(594,18,1),(594,35,1),(594,57,1),(594,74,1),(594,95,1),(594,151,1),(594,166,1),(594,182,1),(595,5,1),(595,57,1),(595,84,1),(595,130,1),(595,160,1),(595,187,1),(595,193,1),(596,21,1),(596,41,1),(596,44,1),(596,83,1),(596,128,1),(596,157,1),(596,197,1),(597,67,1),(597,125,1),(597,143,1),(597,152,1),(597,165,1),(597,193,1),(598,22,1),(598,40,1),(598,46,1),(598,93,1),(598,123,1),(598,134,1),(598,184,1),(599,9,1),(599,60,1),(599,73,1),(599,82,1),(599,104,1),(599,108,1),(599,137,1),(599,167,1),(599,178,1),(600,20,1),(600,36,1),(600,37,1),(600,58,1),(600,69,1),(600,83,1),(600,92,1),(600,126,1),(600,145,1),(600,163,1),(601,43,1),(601,53,1),(601,76,1),(601,94,1),(601,124,1),(601,135,1),(601,160,1),(601,175,1),(602,52,1),(602,173,1),(602,193,1),(602,194,1),(602,198,1),(602,199,1),(603,2,1),(603,9,1),(603,38,1),(603,46,1),(603,77,1),(603,128,1),(603,148,1),(603,165,1),(603,183,1),(603,197,1),(603,198,1),(604,7,1),(604,11,1),(604,22,1),(604,25,1),(604,55,1),(604,90,1),(604,103,1),(604,155,1),(604,160,1),(604,165,1),(604,176,1),(605,41,1),(605,50,1),(605,66,1),(605,69,1),(605,74,1),(605,80,1),(605,90,1),(605,131,1),(605,184,1),(605,187,1),(605,188,1),(605,190,1),(606,15,1),(606,70,1),(606,72,1),(606,90,1),(606,91,1),(606,95,1),(606,122,1),(606,129,1),(606,133,1),(606,158,1),(606,159,1),(606,163,1),(606,193,1),(606,196,1),(607,10,1),(607,54,1),(607,97,1),(607,101,1),(607,199,1),(608,10,1),(608,17,1),(608,33,1),(608,57,1),(608,63,1),(608,115,1),(608,153,1),(608,169,1),(609,7,1),(609,8,1),(609,35,1),(609,37,1),(609,93,1),(609,162,1),(609,191,1),(610,14,1),(610,15,1),(610,57,1),(610,67,1),(610,70,1),(610,82,1),(610,132,1),(610,153,1),(611,17,1),(611,25,1),(611,29,1),(611,44,1),(611,69,1),(611,146,1),(611,178,1),(612,36,1),(612,42,1),(612,109,1),(612,112,1),(612,128,1),(612,142,1),(612,152,1),(612,191,1),(612,199,1),(613,64,1),(613,105,1),(613,117,1),(613,122,1),(613,125,1),(613,141,1),(613,142,1),(613,155,1),(614,7,1),(614,30,1),(614,44,1),(614,51,1),(614,115,1),(614,171,1),(614,185,1),(614,189,1),(614,191,1),(615,33,1),(615,40,1),(615,44,1),(615,45,1),(615,110,1),(615,142,1),(615,143,1),(615,161,1),(615,188,1),(616,20,1),(616,29,1),(616,48,1),(616,86,1),(616,138,1),(616,197,1),(617,43,1),(617,47,1),(617,83,1),(617,84,1),(617,95,1),(617,118,1),(617,121,1),(617,129,1),(617,169,1),(618,9,1),(618,38,1),(618,87,1),(618,101,1),(618,129,1),(618,196,1),(619,103,1),(619,126,1),(619,168,1),(619,200,1),(620,59,1),(620,71,1),(620,118,1),(620,134,1),(620,171,1),(620,194,1),(621,16,1),(621,35,1),(621,39,1),(621,61,1),(621,79,1),(621,102,1),(621,115,1),(621,171,1),(621,182,1),(621,196,1),(622,18,1),(622,24,1),(622,28,1),(622,33,1),(622,42,1),(622,51,1),(622,54,1),(622,65,1),(622,72,1),(622,80,1),(622,93,1),(622,95,1),(622,143,1),(622,149,1),(622,163,1),(622,173,1),(622,175,1),(622,194,1),(622,200,1),(623,5,1),(623,61,1),(623,108,1),(623,109,1),(623,115,1),(623,134,1),(624,2,1),(624,4,1),(624,29,1),(624,41,1),(624,49,1),(624,56,1),(624,121,1),(624,136,1),(624,166,1),(624,169,1),(624,173,1),(624,175,1),(625,8,1),(625,22,1),(625,28,1),(625,48,1),(625,54,1),(625,130,1),(625,150,1),(625,170,1),(625,171,1),(626,119,1),(626,120,1),(626,124,1),(626,145,1),(626,162,1),(627,2,1),(627,32,1),(627,43,1),(627,76,1),(627,82,1),(627,85,1),(627,87,1),(627,118,1),(627,141,1),(627,157,1),(627,169,1),(627,192,1),(628,5,1),(628,22,1),(628,27,1),(628,57,1),(628,72,1),(628,129,1),(628,143,1),(628,157,1),(628,164,1),(629,9,1),(629,15,1),(629,45,1),(629,80,1),(629,100,1),(629,102,1),(629,108,1),(629,115,1),(629,145,1),(629,156,1),(629,186,1),(629,194,1),(630,5,1),(630,7,1),(630,9,1),(630,15,1),(630,35,1),(630,89,1),(630,114,1),(630,129,1),(630,144,1),(630,156,1),(630,173,1),(630,176,1),(630,191,1),(631,32,1),(631,34,1),(631,46,1),(631,51,1),(631,106,1),(631,122,1),(631,125,1),(631,138,1),(631,141,1),(631,170,1),(631,181,1),(631,195,1),(632,6,1),(632,29,1),(632,110,1),(632,113,1),(632,122,1),(633,1,1),(633,112,1),(633,136,1),(633,156,1),(633,158,1),(633,159,1),(633,172,1),(633,175,1),(633,199,1),(634,1,1),(634,3,1),(634,14,1),(634,18,1),(634,20,1),(634,61,1),(634,111,1),(634,126,1),(634,128,1),(634,138,1),(635,2,1),(635,35,1),(635,38,1),(635,46,1),(635,50,1),(635,51,1),(635,79,1),(635,106,1),(635,107,1),(635,135,1),(635,139,1),(635,157,1),(635,181,1),(635,185,1),(635,192,1),(635,198,1),(636,28,1),(636,47,1),(636,53,1),(636,55,1),(636,67,1),(636,107,1),(636,183,1),(636,200,1),(637,7,1),(637,12,1),(637,17,1),(637,107,1),(637,116,1),(637,142,1),(637,154,1),(637,164,1),(637,192,1),(638,82,1),(638,144,1),(638,191,1),(639,41,1),(639,49,1),(639,77,1),(639,97,1),(639,100,1),(639,116,1),(639,181,1),(640,15,1),(640,39,1),(640,52,1),(640,81,1),(640,91,1),(640,104,1),(640,174,1),(640,179,1),(641,28,1),(641,72,1),(641,80,1),(641,94,1),(641,155,1),(641,159,1),(641,176,1),(641,190,1),(642,42,1),(642,48,1),(642,51,1),(642,62,1),(642,89,1),(642,115,1),(642,122,1),(642,130,1),(642,163,1),(642,186,1),(643,31,1),(643,57,1),(643,98,1),(643,120,1),(643,135,1),(643,160,1),(643,176,1),(644,127,1),(644,180,1),(645,11,1),(645,40,1),(645,41,1),(645,97,1),(645,109,1),(645,126,1),(645,150,1),(645,163,1),(645,199,1),(646,32,1),(646,34,1),(646,43,1),(646,45,1),(646,46,1),(646,64,1),(646,120,1),(646,164,1),(647,5,1),(647,16,1),(647,18,1),(647,27,1),(647,39,1),(647,67,1),(647,132,1),(647,147,1),(647,186,1),(647,188,1),(647,195,1),(648,22,1),(648,31,1),(648,49,1),(648,86,1),(648,142,1),(648,182,1),(648,185,1),(648,190,1),(649,9,1),(649,55,1),(649,62,1),(649,114,1),(649,121,1),(649,140,1),(649,156,1),(649,157,1),(649,169,1),(649,170,1),(649,196,1),(650,4,1),(650,13,1),(650,33,1),(650,42,1),(650,49,1),(650,63,1),(650,101,1),(650,141,1),(650,153,1),(650,184,1),(650,191,1),(651,33,1),(651,41,1),(651,68,1),(651,127,1),(652,12,1),(652,47,1),(652,63,1),(652,115,1),(652,150,1),(652,165,1),(652,187,1),(653,24,1),(653,47,1),(653,59,1),(653,101,1),(653,122,1),(653,142,1),(653,145,1),(653,158,1),(654,11,1),(654,53,1),(654,94,1),(654,96,1),(654,138,1),(654,152,1),(654,178,1),(655,22,1),(655,30,1),(655,93,1),(655,140,1),(655,146,1),(655,177,1),(656,14,1),(656,49,1),(656,99,1),(656,122,1),(656,127,1),(656,137,1),(656,175,1),(657,20,1),(657,21,1),(657,22,1),(657,145,1),(658,6,1),(658,16,1),(658,23,1),(658,49,1),(658,68,1),(658,85,1),(658,88,1),(658,153,1),(658,161,1),(659,5,1),(659,69,1),(659,109,1),(659,121,1),(659,140,1),(659,144,1),(659,169,1),(659,177,1),(659,196,1),(660,98,1),(660,99,1),(660,102,1),(660,130,1),(660,145,1),(660,152,1),(660,170,1),(660,181,1),(660,186,1),(660,187,1),(661,1,1),(661,97,1),(661,122,1),(661,151,1),(661,156,1),(661,160,1),(661,165,1),(661,170,1),(661,190,1),(662,29,1),(662,82,1),(662,83,1),(662,94,1),(662,140,1),(662,142,1),(662,150,1),(662,151,1),(662,190,1),(663,6,1),(663,23,1),(663,36,1),(663,56,1),(663,57,1),(663,63,1),(663,89,1),(663,91,1),(663,103,1),(663,123,1),(663,161,1),(663,188,1),(664,105,1),(664,132,1),(664,145,1),(664,162,1),(664,175,1),(664,176,1),(664,197,1),(665,79,1),(665,115,1),(665,127,1),(665,132,1),(665,142,1),(665,150,1),(665,181,1),(665,196,1),(666,1,1),(666,21,1),(666,29,1),(666,39,1),(666,123,1),(666,187,1),(666,200,1),(667,51,1),(667,68,1),(667,109,1),(667,119,1),(667,136,1),(667,165,1),(667,172,1),(667,179,1),(667,185,1),(667,199,1),(668,1,1),(668,8,1),(668,56,1),(668,57,1),(668,97,1),(668,127,1),(668,132,1),(668,151,1),(668,167,1),(668,171,1),(668,198,1),(669,8,1),(669,35,1),(669,45,1),(669,46,1),(669,61,1),(669,77,1),(669,103,1),(669,106,1),(669,126,1),(669,148,1),(669,155,1),(669,178,1),(669,184,1),(670,20,1),(670,65,1),(670,74,1),(670,91,1),(670,119,1),(670,161,1),(670,171,1),(671,54,1),(671,96,1),(671,100,1),(671,152,1),(671,153,1),(671,161,1),(672,13,1),(672,25,1),(672,42,1),(672,46,1),(672,151,1),(672,155,1),(672,174,1),(672,185,1),(673,45,1),(673,57,1),(673,89,1),(673,177,1),(673,190,1),(673,191,1),(674,5,1),(674,19,1),(674,54,1),(674,71,1),(674,73,1),(674,99,1),(674,101,1),(674,167,1),(674,198,1),(675,19,1),(675,46,1),(675,72,1),(675,106,1),(675,136,1),(675,138,1),(675,169,1),(675,187,1),(676,4,1),(676,9,1),(676,14,1),(676,58,1),(676,125,1),(676,148,1),(676,188,1),(676,196,1),(677,53,1),(677,67,1),(677,106,1),(677,149,1),(677,156,1),(677,165,1),(677,166,1),(677,200,1),(678,12,1),(678,16,1),(678,71,1),(678,166,1),(678,177,1),(678,178,1),(678,193,1),(679,54,1),(679,130,1),(679,132,1),(679,139,1),(679,161,1),(679,169,1),(679,179,1),(679,183,1),(679,191,1),(679,199,1),(680,59,1),(680,64,1),(680,82,1),(680,101,1),(680,102,1),(680,107,1),(680,112,1),(680,157,1),(680,173,1),(680,179,1),(681,61,1),(681,68,1),(681,77,1),(681,104,1),(681,110,1),(681,112,1),(681,115,1),(681,161,1),(681,181,1),(681,185,1),(681,192,1),(682,11,1),(682,35,1),(682,75,1),(682,81,1),(682,112,1),(682,116,1),(682,122,1),(682,133,1),(682,150,1),(682,153,1),(682,154,1),(682,193,1),(683,100,1),(683,141,1),(683,153,1),(683,177,1),(683,178,1),(684,29,1),(684,52,1),(684,98,1),(684,109,1),(684,146,1),(685,1,1),(685,19,1),(685,24,1),(685,71,1),(685,74,1),(685,77,1),(685,78,1),(685,113,1),(685,117,1),(685,173,1),(686,21,1),(686,43,1),(686,74,1),(686,137,1),(686,146,1),(686,179,1),(687,2,1),(687,15,1),(687,34,1),(687,60,1),(687,66,1),(687,74,1),(687,90,1),(687,91,1),(687,161,1),(687,162,1),(687,181,1),(687,193,1),(688,6,1),(688,42,1),(688,44,1),(688,109,1),(688,155,1),(688,166,1),(688,180,1),(688,182,1),(689,3,1),(689,51,1),(689,64,1),(689,71,1),(689,72,1),(689,74,1),(689,101,1),(689,132,1),(689,148,1),(689,156,1),(689,158,1),(689,176,1),(689,187,1),(690,42,1),(690,45,1),(690,53,1),(690,84,1),(690,135,1),(690,159,1),(691,32,1),(691,46,1),(691,59,1),(691,118,1),(691,128,1),(691,154,1),(691,160,1),(691,163,1),(691,186,1),(691,187,1),(691,197,1),(691,200,1),(692,2,1),(692,54,1),(692,63,1),(692,68,1),(692,86,1),(692,90,1),(692,108,1),(692,124,1),(692,189,1),(693,36,1),(693,43,1),(693,54,1),(693,73,1),(693,74,1),(693,81,1),(693,115,1),(693,124,1),(693,129,1),(693,147,1),(693,148,1),(693,160,1),(693,172,1),(693,199,1),(694,20,1),(694,25,1),(694,108,1),(694,143,1),(694,151,1),(694,158,1),(694,169,1),(694,192,1),(695,110,1),(695,162,1),(695,180,1),(695,185,1),(695,190,1),(696,10,1),(696,95,1),(696,135,1),(696,143,1),(696,160,1),(696,196,1),(697,29,1),(697,36,1),(697,43,1),(697,49,1),(697,69,1),(697,102,1),(697,130,1),(697,141,1),(697,161,1),(698,27,1),(698,29,1),(698,35,1),(698,57,1),(698,86,1),(698,113,1),(698,155,1),(698,162,1),(698,171,1),(698,182,1),(699,22,1),(699,47,1),(699,63,1),(699,136,1),(699,175,1),(700,2,1),(700,19,1),(700,26,1),(700,42,1),(700,65,1),(700,89,1),(700,100,1),(700,116,1),(700,118,1),(700,126,1),(700,128,1),(700,164,1),(700,170,1),(700,185,1),(701,2,1),(701,13,1),(701,15,1),(701,66,1),(701,74,1),(701,105,1),(701,108,1),(701,131,1),(701,141,1),(701,170,1),(701,190,1),(702,37,1),(702,49,1),(702,107,1),(702,129,1),(702,154,1),(702,168,1),(702,190,1),(702,197,1),(703,2,1),(703,9,1),(703,32,1),(703,43,1),(703,67,1),(703,117,1),(703,125,1),(703,146,1),(703,156,1),(703,168,1),(703,179,1),(703,184,1),(703,186,1),(703,189,1),(704,2,1),(704,28,1),(704,31,1),(704,32,1),(704,35,1),(704,52,1),(704,65,1),(704,68,1),(704,70,1),(704,127,1),(704,149,1),(704,196,1),(705,26,1),(705,31,1),(705,34,1),(705,36,1),(705,47,1),(705,55,1),(705,61,1),(705,92,1),(705,105,1),(705,120,1),(705,178,1),(705,184,1),(705,186,1),(705,192,1),(705,196,1),(706,18,1),(706,72,1),(706,135,1),(706,137,1),(706,163,1),(706,179,1),(707,55,1),(707,87,1),(707,111,1),(707,129,1),(707,131,1),(707,160,1),(708,3,1),(708,5,1),(708,29,1),(708,96,1),(708,110,1),(708,111,1),(708,112,1),(708,140,1),(709,2,1),(709,20,1),(709,33,1),(709,48,1),(709,67,1),(709,81,1),(709,85,1),(709,87,1),(709,91,1),(709,97,1),(709,104,1),(709,126,1),(709,136,1),(709,161,1),(709,171,1),(709,188,1),(709,192,1),(710,57,1),(710,85,1),(710,86,1),(710,96,1),(710,105,1),(710,109,1),(710,110,1),(710,114,1),(710,126,1),(710,165,1),(710,172,1),(711,16,1),(711,50,1),(711,110,1),(711,146,1),(711,164,1),(711,191,1),(711,193,1),(712,17,1),(712,48,1),(712,66,1),(712,73,1),(712,76,1),(712,91,1),(712,93,1),(712,96,1),(712,109,1),(712,168,1),(712,177,1),(713,15,1),(713,31,1),(713,60,1),(713,89,1),(713,112,1),(713,162,1),(713,194,1),(714,5,1),(714,37,1),(714,61,1),(714,65,1),(714,74,1),(714,80,1),(714,162,1),(714,181,1),(715,3,1),(715,8,1),(715,31,1),(715,44,1),(715,67,1),(715,89,1),(715,107,1),(715,109,1),(715,132,1),(715,157,1),(715,171,1),(716,32,1),(716,69,1),(716,79,1),(716,96,1),(716,125,1),(716,149,1),(716,170,1),(716,195,1),(717,92,1),(717,173,1),(717,179,1),(717,195,1),(718,123,1),(718,148,1),(718,155,1),(718,176,1),(718,199,1),(719,2,1),(719,27,1),(719,35,1),(719,54,1),(719,70,1),(719,76,1),(719,79,1),(719,90,1),(720,16,1),(720,68,1),(720,84,1),(720,90,1),(720,130,1),(720,185,1),(721,13,1),(721,20,1),(721,39,1),(721,47,1),(721,62,1),(721,82,1),(721,93,1),(721,118,1),(721,122,1),(721,136,1),(721,189,1),(722,41,1),(722,88,1),(722,92,1),(722,123,1),(722,125,1),(722,142,1),(722,153,1),(722,157,1),(722,163,1),(722,165,1),(722,196,1),(723,11,1),(723,36,1),(723,65,1),(723,101,1),(723,120,1),(723,135,1),(724,24,1),(724,48,1),(724,59,1),(724,91,1),(724,93,1),(724,126,1),(724,150,1),(725,18,1),(725,58,1),(725,88,1),(725,95,1),(725,116,1),(725,125,1),(725,156,1),(725,200,1),(727,7,1),(727,64,1),(727,65,1),(727,132,1),(727,144,1),(727,146,1),(727,197,1),(727,200,1),(728,12,1),(728,53,1),(728,59,1),(728,63,1),(728,74,1),(728,109,1),(728,120,1),(728,126,1),(728,169,1),(729,15,1),(729,31,1),(729,34,1),(729,48,1),(729,49,1),(729,55,1),(729,94,1),(729,102,1),(729,107,1),(729,116,1),(729,119,1),(729,195,1),(730,19,1),(730,72,1),(730,75,1),(730,78,1),(730,81,1),(730,99,1),(730,103,1),(730,164,1),(731,35,1),(731,42,1),(731,56,1),(731,65,1),(731,71,1),(731,95,1),(731,107,1),(731,119,1),(731,127,1),(731,147,1),(731,177,1),(732,3,1),(732,6,1),(732,42,1),(732,76,1),(732,80,1),(732,88,1),(732,156,1),(732,196,1),(733,43,1),(733,49,1),(733,88,1),(733,100,1),(733,104,1),(733,140,1),(733,145,1),(733,179,1),(733,180,1),(734,23,1),(734,36,1),(734,46,1),(734,66,1),(734,113,1),(734,117,1),(734,120,1),(734,133,1),(734,138,1),(734,146,1),(734,198,1),(735,8,1),(735,29,1),(735,40,1),(735,41,1),(735,103,1),(735,104,1),(735,147,1),(735,160,1),(735,161,1),(735,194,1),(736,49,1),(736,96,1),(736,106,1),(736,157,1),(736,182,1),(737,2,1),(737,43,1),(737,54,1),(737,58,1),(737,74,1),(737,100,1),(737,128,1),(737,129,1),(737,171,1),(737,193,1),(737,199,1),(738,98,1),(738,113,1),(738,128,1),(738,139,1),(738,140,1),(738,155,1),(738,156,1),(739,15,1),(739,35,1),(739,66,1),(739,87,1),(739,99,1),(739,106,1),(739,166,1),(740,23,1),(740,48,1),(740,60,1),(740,62,1),(740,88,1),(740,101,1),(740,111,1),(740,156,1),(740,181,1),(740,190,1),(741,14,1),(741,19,1),(741,25,1),(741,41,1),(741,81,1),(741,99,1),(741,172,1),(741,188,1),(742,15,1),(742,62,1),(742,92,1),(742,103,1),(742,147,1),(742,154,1),(742,170,1),(742,173,1),(742,175,1),(742,185,1),(743,2,1),(743,30,1),(743,50,1),(743,69,1),(743,116,1),(743,121,1),(743,139,1),(743,142,1),(743,164,1),(744,5,1),(744,30,1),(744,38,1),(744,62,1),(744,96,1),(744,129,1),(744,164,1),(744,165,1),(744,174,1),(744,189,1),(744,190,1),(745,1,1),(745,120,1),(745,199,1),(746,32,1),(746,48,1),(746,74,1),(746,136,1),(746,178,1),(746,194,1),(746,200,1),(747,18,1),(747,43,1),(747,45,1),(747,71,1),(747,75,1),(747,130,1),(747,165,1),(747,182,1),(747,190,1),(748,12,1),(748,15,1),(748,17,1),(748,22,1),(748,30,1),(748,41,1),(748,55,1),(748,59,1),(748,70,1),(748,82,1),(748,94,1),(748,104,1),(748,108,1),(748,118,1),(748,143,1),(748,177,1),(749,13,1),(749,25,1),(749,88,1),(749,95,1),(749,138,1),(749,142,1),(749,176,1),(750,20,1),(750,27,1),(750,68,1),(750,155,1),(750,173,1),(751,5,1),(751,11,1),(751,14,1),(751,37,1),(751,46,1),(751,54,1),(751,58,1),(751,66,1),(751,103,1),(751,118,1),(751,200,1),(752,9,1),(752,28,1),(752,32,1),(752,67,1),(752,79,1),(752,92,1),(752,151,1),(752,185,1),(752,196,1),(753,16,1),(753,57,1),(753,64,1),(753,66,1),(753,69,1),(753,137,1),(754,34,1),(754,129,1),(754,135,1),(754,138,1),(754,155,1),(755,10,1),(755,22,1),(755,34,1),(755,52,1),(755,103,1),(755,144,1),(756,28,1),(756,33,1),(756,49,1),(756,54,1),(756,55,1),(756,94,1),(756,129,1),(756,146,1),(756,153,1),(756,159,1),(756,170,1),(757,6,1),(757,43,1),(757,58,1),(757,63,1),(757,86,1),(757,96,1),(757,111,1),(757,113,1),(757,117,1),(757,171,1),(757,179,1),(757,198,1),(758,41,1),(758,90,1),(758,91,1),(758,97,1),(758,116,1),(758,144,1),(758,163,1),(758,183,1),(759,29,1),(759,34,1),(759,51,1),(759,60,1),(759,79,1),(759,106,1),(759,109,1),(759,190,1),(759,199,1),(760,170,1),(761,28,1),(761,46,1),(761,66,1),(761,92,1),(761,125,1),(761,131,1),(761,133,1),(761,164,1),(761,170,1),(761,181,1),(762,2,1),(762,7,1),(762,22,1),(762,72,1),(762,73,1),(762,87,1),(762,104,1),(762,105,1),(762,107,1),(762,111,1),(762,141,1),(762,145,1),(762,151,1),(762,179,1),(762,194,1),(763,8,1),(763,39,1),(763,96,1),(763,132,1),(763,139,1),(763,161,1),(763,185,1),(763,190,1),(763,193,1),(763,194,1),(764,14,1),(764,34,1),(764,51,1),(764,55,1),(764,56,1),(764,74,1),(764,97,1),(764,150,1),(764,162,1),(764,170,1),(764,187,1),(764,191,1),(765,4,1),(765,10,1),(765,12,1),(765,16,1),(765,36,1),(765,98,1),(765,197,1),(766,23,1),(766,32,1),(766,47,1),(766,77,1),(766,81,1),(766,111,1),(766,130,1),(766,154,1),(766,168,1),(766,191,1),(766,193,1),(767,23,1),(767,89,1),(767,137,1),(767,191,1),(767,194,1),(768,2,1),(768,51,1),(768,58,1),(768,61,1),(768,65,1),(768,92,1),(768,98,1),(768,164,1),(768,183,1),(768,196,1),(769,12,1),(769,26,1),(769,67,1),(769,107,1),(769,129,1),(769,179,1),(769,194,1),(770,14,1),(770,15,1),(770,26,1),(770,37,1),(770,39,1),(770,52,1),(770,61,1),(770,158,1),(770,172,1),(771,5,1),(771,11,1),(771,34,1),(771,51,1),(771,59,1),(771,101,1),(771,117,1),(771,173,1),(771,200,1),(772,35,1),(772,157,1),(772,165,1),(773,45,1),(773,53,1),(773,70,1),(773,100,1),(773,105,1),(773,126,1),(774,11,1),(774,48,1),(774,85,1),(774,118,1),(774,130,1),(774,131,1),(774,147,1),(774,171,1),(774,172,1),(775,32,1),(775,41,1),(775,48,1),(775,106,1),(775,121,1),(775,141,1),(775,163,1),(776,6,1),(776,11,1),(776,18,1),(776,28,1),(776,57,1),(776,61,1),(776,93,1),(776,97,1),(776,126,1),(776,133,1),(776,195,1),(777,8,1),(777,56,1),(777,158,1),(777,191,1),(778,67,1),(778,89,1),(778,98,1),(778,122,1),(778,154,1),(778,161,1),(778,191,1),(779,37,1),(779,91,1),(779,104,1),(779,115,1),(779,151,1),(780,25,1),(780,58,1),(780,68,1),(780,101,1),(780,123,1),(780,130,1),(780,141,1),(780,144,1),(780,180,1),(780,188,1),(780,200,1),(781,4,1),(781,18,1),(781,23,1),(781,24,1),(781,46,1),(781,50,1),(781,55,1),(781,63,1),(781,96,1),(781,99,1),(781,110,1),(781,122,1),(781,124,1),(781,126,1),(781,178,1),(781,189,1),(782,9,1),(782,37,1),(782,47,1),(782,54,1),(782,111,1),(782,136,1),(782,166,1),(782,171,1),(782,186,1),(783,40,1),(783,62,1),(783,63,1),(783,67,1),(783,75,1),(783,92,1),(783,120,1),(783,122,1),(783,125,1),(783,134,1),(783,166,1),(784,5,1),(784,34,1),(784,60,1),(784,83,1),(784,84,1),(784,91,1),(784,103,1),(784,111,1),(784,130,1),(784,137,1),(784,171,1),(785,20,1),(785,56,1),(785,59,1),(785,101,1),(785,105,1),(785,107,1),(785,133,1),(785,147,1),(785,174,1),(785,179,1),(786,6,1),(786,12,1),(786,23,1),(786,84,1),(786,97,1),(786,119,1),(786,156,1),(787,34,1),(787,43,1),(787,52,1),(787,68,1),(787,87,1),(787,95,1),(787,110,1),(787,118,1),(787,119,1),(787,159,1),(787,160,1),(787,168,1),(787,189,1),(787,196,1),(788,7,1),(788,34,1),(788,38,1),(788,42,1),(788,45,1),(788,62,1),(788,65,1),(788,72,1),(788,90,1),(788,101,1),(788,143,1),(788,160,1),(788,178,1),(788,184,1),(789,28,1),(789,43,1),(789,61,1),(789,78,1),(789,102,1),(789,108,1),(790,39,1),(790,53,1),(790,58,1),(790,117,1),(790,168,1),(790,170,1),(791,14,1),(791,37,1),(791,38,1),(791,122,1),(791,131,1),(791,149,1),(791,192,1),(792,45,1),(792,53,1),(792,57,1),(792,96,1),(792,118,1),(792,189,1),(793,1,1),(793,8,1),(793,44,1),(793,56,1),(793,68,1),(793,157,1),(794,28,1),(794,37,1),(794,38,1),(794,110,1),(794,175,1),(794,200,1),(795,43,1),(795,126,1),(795,142,1),(795,146,1),(795,167,1),(795,179,1),(795,187,1),(795,190,1),(796,65,1),(796,119,1),(796,132,1),(796,146,1),(796,149,1),(796,182,1),(797,32,1),(797,73,1),(797,91,1),(797,133,1),(797,181,1),(797,183,1),(798,24,1),(798,36,1),(798,61,1),(798,77,1),(798,88,1),(799,15,1),(799,39,1),(799,48,1),(799,73,1),(799,92,1),(799,107,1),(799,114,1),(799,148,1),(799,150,1),(799,193,1),(800,1,1),(800,7,1),(800,11,1),(800,37,1),(800,54,1),(800,92,1),(800,115,1),(800,129,1),(800,175,1),(800,191,1),(801,39,1),(801,49,1),(801,67,1),(801,96,1),(801,126,1),(801,132,1),(801,144,1),(801,174,1),(802,26,1),(802,67,1),(802,85,1),(802,88,1),(802,90,1),(802,122,1),(802,126,1),(802,139,1),(802,192,1),(803,6,1),(803,16,1),(803,31,1),(803,67,1),(803,68,1),(803,76,1),(803,79,1),(803,85,1),(803,124,1),(803,133,1),(803,138,1),(803,167,1),(803,175,1),(804,33,1),(804,71,1),(804,96,1),(805,22,1),(805,33,1),(805,75,1),(805,79,1),(805,126,1),(805,128,1),(805,153,1),(805,180,1),(805,191,1),(806,64,1),(806,70,1),(806,97,1),(806,179,1),(806,199,1),(807,25,1),(807,36,1),(807,61,1),(807,140,1),(807,163,1),(808,15,1),(808,16,1),(808,33,1),(808,40,1),(808,81,1),(808,84,1),(808,86,1),(808,109,1),(808,114,1),(808,154,1),(808,169,1),(808,176,1),(808,177,1),(808,196,1),(808,199,1),(809,27,1),(809,65,1),(809,114,1),(809,134,1),(809,140,1),(809,141,1),(809,165,1),(809,181,1),(809,194,1),(810,21,1),(810,45,1),(810,86,1),(810,100,1),(810,126,1),(810,160,1),(810,177,1),(811,38,1),(811,75,1),(811,95,1),(811,104,1),(811,110,1),(811,181,1),(811,182,1),(811,200,1),(812,28,1),(812,37,1),(812,61,1),(812,82,1),(812,153,1),(812,182,1),(813,18,1),(813,38,1),(813,64,1),(813,74,1),(813,79,1),(813,85,1),(813,100,1),(813,140,1),(813,150,1),(813,194,1),(814,2,1),(814,42,1),(814,54,1),(814,93,1),(814,141,1),(814,166,1),(814,171,1),(814,194,1),(814,196,1),(815,22,1),(815,40,1),(815,85,1),(815,99,1),(815,107,1),(815,115,1),(815,141,1),(815,154,1),(815,160,1),(816,1,1),(816,3,1),(816,10,1),(816,31,1),(816,45,1),(816,68,1),(816,92,1),(816,112,1),(816,141,1),(817,93,1),(817,124,1),(817,185,1),(817,186,1),(817,193,1),(817,199,1),(818,3,1),(818,4,1),(818,5,1),(818,17,1),(818,87,1),(818,99,1),(818,107,1),(818,111,1),(818,137,1),(818,148,1),(818,157,1),(818,169,1),(819,25,1),(819,59,1),(819,93,1),(819,124,1),(819,130,1),(819,174,1),(820,59,1),(820,61,1),(820,67,1),(820,70,1),(820,85,1),(820,91,1),(820,162,1),(820,189,1),(821,7,1),(821,16,1),(821,32,1),(821,36,1),(821,95,1),(821,136,1),(821,137,1),(821,166,1),(821,182,1),(822,2,1),(822,3,1),(822,4,1),(822,11,1),(822,16,1),(822,52,1),(822,65,1),(822,166,1),(822,171,1),(822,184,1),(822,196,1),(823,15,1),(823,82,1),(823,93,1),(823,96,1),(823,113,1),(823,155,1),(823,157,1),(823,165,1),(823,192,1),(824,39,1),(824,95,1),(824,134,1),(824,142,1),(824,151,1),(825,6,1),(825,15,1),(825,37,1),(825,139,1),(825,151,1),(825,186,1),(826,55,1),(826,62,1),(826,131,1),(826,159,1),(827,42,1),(827,82,1),(827,94,1),(827,110,1),(827,119,1),(827,127,1),(827,137,1),(827,178,1),(827,191,1),(827,192,1),(828,37,1),(828,44,1),(828,63,1),(828,72,1),(828,82,1),(828,128,1),(828,168,1),(828,192,1),(829,14,1),(829,28,1),(829,75,1),(829,90,1),(829,105,1),(829,138,1),(829,168,1),(830,31,1),(830,76,1),(830,97,1),(830,107,1),(830,132,1),(830,137,1),(831,30,1),(831,68,1),(831,78,1),(831,82,1),(831,126,1),(832,22,1),(832,63,1),(832,85,1),(832,178,1),(832,189,1),(832,193,1),(832,197,1),(833,11,1),(833,19,1),(833,27,1),(833,31,1),(833,43,1),(833,73,1),(833,82,1),(833,113,1),(833,135,1),(833,142,1),(833,161,1),(833,164,1),(833,184,1),(833,189,1),(834,4,1),(834,20,1),(834,23,1),(834,130,1),(834,157,1),(834,160,1),(834,180,1),(835,16,1),(835,19,1),(835,46,1),(835,49,1),(835,62,1),(835,69,1),(835,112,1),(835,142,1),(836,32,1),(836,68,1),(836,111,1),(836,127,1),(836,144,1),(836,145,1),(836,155,1),(836,181,1),(837,35,1),(837,50,1),(837,63,1),(837,100,1),(837,121,1),(837,154,1),(837,199,1),(838,32,1),(838,76,1),(838,77,1),(838,126,1),(838,134,1),(838,135,1),(838,166,1),(838,184,1),(838,189,1),(839,23,1),(839,50,1),(839,76,1),(839,80,1),(839,97,1),(839,131,1),(839,144,1),(840,2,1),(840,21,1),(840,22,1),(840,41,1),(840,76,1),(840,111,1),(840,124,1),(840,134,1),(840,150,1),(840,163,1),(840,182,1),(840,183,1),(841,13,1),(841,26,1),(841,73,1),(841,83,1),(841,111,1),(841,140,1),(841,197,1),(842,8,1),(842,11,1),(842,49,1),(842,57,1),(842,67,1),(842,83,1),(842,120,1),(842,135,1),(842,162,1),(843,6,1),(843,23,1),(843,41,1),(843,62,1),(843,64,1),(843,65,1),(843,112,1),(843,126,1),(843,135,1),(843,136,1),(843,188,1),(843,191,1),(844,41,1),(844,43,1),(844,121,1),(844,143,1),(844,166,1),(844,170,1),(844,172,1),(844,173,1),(845,8,1),(845,67,1),(845,68,1),(845,70,1),(845,78,1),(845,84,1),(845,104,1),(845,106,1),(845,108,1),(845,114,1),(845,125,1),(845,178,1),(845,183,1),(846,42,1),(846,45,1),(846,55,1),(846,59,1),(846,63,1),(846,116,1),(846,123,1),(846,124,1),(846,137,1),(846,186,1),(847,26,1),(847,28,1),(847,101,1),(847,144,1),(847,173,1),(848,26,1),(848,53,1),(848,57,1),(848,62,1),(848,68,1),(848,84,1),(848,86,1),(848,166,1),(848,187,1),(849,68,1),(849,71,1),(849,80,1),(849,120,1),(849,173,1),(849,179,1),(850,6,1),(850,11,1),(850,22,1),(850,64,1),(850,71,1),(850,109,1),(850,110,1),(850,124,1),(850,173,1),(850,174,1),(850,181,1),(850,186,1),(850,189,1),(851,4,1),(851,39,1),(851,77,1),(851,104,1),(851,106,1),(851,112,1),(851,132,1),(852,29,1),(852,51,1),(852,128,1),(852,146,1),(852,185,1),(853,15,1),(853,17,1),(853,50,1),(853,87,1),(853,186,1),(854,30,1),(854,53,1),(854,65,1),(854,68,1),(854,74,1),(854,146,1),(854,155,1),(854,195,1),(855,11,1),(855,22,1),(855,35,1),(856,12,1),(856,27,1),(856,58,1),(856,75,1),(856,109,1),(856,110,1),(856,122,1),(856,128,1),(856,138,1),(856,162,1),(856,188,1),(856,191,1),(857,23,1),(857,30,1),(857,48,1),(857,127,1),(857,149,1),(857,165,1),(857,186,1);
/*!40000 ALTER TABLE `posts_likes` ENABLE KEYS */;
UNLOCK TABLES;

--
-- Table structure for table `profiles`
--

DROP TABLE IF EXISTS `profiles`;
/*!40101 SET @saved_cs_client     = @@character_set_client */;
/*!40101 SET character_set_client = utf8 */;
CREATE TABLE `profiles` (
  `user_id` bigint(20) unsigned NOT NULL,
  `gender` enum('f','m','x') COLLATE utf8mb4_unicode_ci NOT NULL,
  `birthday` date NOT NULL,
  `photo_id` bigint(20) unsigned DEFAULT NULL,
  `user_status` varchar(30) COLLATE utf8mb4_unicode_ci DEFAULT NULL,
  `city` varchar(130) COLLATE utf8mb4_unicode_ci DEFAULT NULL,
  `country` varchar(130) COLLATE utf8mb4_unicode_ci DEFAULT NULL,
  PRIMARY KEY (`user_id`),
  UNIQUE KEY `photo_id` (`photo_id`),
  CONSTRAINT `fk_profiles_media` FOREIGN KEY (`photo_id`) REFERENCES `media` (`id`),
  CONSTRAINT `fk_profiles_users` FOREIGN KEY (`user_id`) REFERENCES `users` (`id`)
) ENGINE=InnoDB DEFAULT CHARSET=utf8mb4 COLLATE=utf8mb4_unicode_ci;
/*!40101 SET character_set_client = @saved_cs_client */;

--
-- Dumping data for table `profiles`
--

LOCK TABLES `profiles` WRITE;
/*!40000 ALTER TABLE `profiles` DISABLE KEYS */;
INSERT INTO `profiles` VALUES (1,'x','2008-02-12',358,'Ut nemo necessitatibus aliquam','New Hassan','Saint Vincent and the Grenadines'),(2,'m','1981-03-29',279,'Ut exercitationem quibusdam cu','East Suzanneview','Barbados'),(3,'f','1972-11-01',100,'Aut non autem doloremque amet.','Port Staceybury','Honduras'),(4,'x','1977-10-01',449,'Sunt molestiae fugit rerum cum','Vernchester','China'),(5,'m','1977-06-25',132,'Incidunt dolor hic quia harum ','Jacobsfort','Estonia'),(6,'f','2003-01-21',372,'Earum amet ut alias eligendi. ','Shakirastad','Uruguay'),(7,'f','1984-08-31',67,'Ullam beatae et quos repellend','Labadieport','Argentina'),(8,'x','1988-06-18',430,'Exercitationem mollitia illo e','Reichertburgh','Equatorial Guinea'),(9,'x','1988-08-15',290,'Quae rerum quos voluptate sint','Cronaside','Faroe Islands'),(10,'f','1976-10-09',469,'Saepe autem laboriosam volupta','South Hope','Djibouti'),(11,'f','2012-12-23',212,'Velit beatae nihil et maiores ','New Kadeview','Uruguay'),(12,'f','1988-12-25',2,'Odit est consequuntur similiqu','Fredaland','Bermuda'),(13,'x','2006-08-19',37,'Quaerat id animi voluptatum qu','Tellyview','Andorra'),(14,'x','2007-02-27',377,'Et molestiae quidem porro vita','North Gladyston','Christmas Island'),(15,'m','2021-03-24',69,'Qui veniam autem dolores non e','West Inesport','Korea'),(16,'x','2007-07-08',271,'Nemo sit qui quae et id. Sunt ','Donnellyburgh','British Indian Ocean Territory (Chagos Archipelago)'),(17,'m','1990-11-13',85,'Quis quo dolorem voluptatibus ','Tiannabury','Saint Kitts and Nevis'),(19,'x','1997-09-13',284,'Vero doloribus suscipit molest','East Juliet','Sao Tome and Principe'),(20,'x','2001-11-05',87,'Explicabo vero omnis nam ut et','South Juanita','Congo'),(21,'f','1994-01-29',4,'Omnis sint est eveniet dolor s','Medatown','Iran'),(22,'m','2002-07-29',361,'Rem ut eum qui accusantium tem','South Davonteview','Chile'),(23,'f','2009-01-02',218,'Aliquam quae et sit. Enim repr','Casperburgh','Sao Tome and Principe'),(24,'f','2002-08-03',414,'Quos tempore exercitationem ex','Rolfsonberg','Slovakia (Slovak Republic)'),(25,'m','1970-11-19',236,'Debitis quos culpa asperiores ','Lake Florence','Jamaica'),(26,'f','1992-05-31',15,'Ad ipsam omnis quia dignissimo','Hermanmouth','Yemen'),(27,'f','2016-01-31',41,'Animi voluptate et ut doloribu','Port Johnathanfurt','Guadeloupe'),(28,'f','2012-06-03',187,'Ipsum iusto magnam amet eum su','North Lexieville','Monaco'),(29,'m','2008-01-03',445,'Ut vel nesciunt consequatur mo','New Kasandra','Micronesia'),(30,'x','1983-08-01',458,'Est voluptatem officia rerum q','East Katrinetown','Central African Republic'),(31,'f','2002-09-29',205,'Tempora et hic veritatis debit','Port Orvalhaven','Denmark'),(32,'m','1986-06-10',303,'Optio itaque tempora laborum e','Port Haylie','Austria'),(34,'x','1986-07-30',305,'Dolor voluptate in perspiciati','West Marquesmouth','Lesotho'),(35,'f','1988-12-25',251,'Voluptatibus voluptas sed nesc','Mullerview','Ecuador'),(36,'x','2009-10-28',367,'Officiis quia consequatur labo','Port Estell','Turkey'),(37,'f','1984-01-07',176,'Voluptatem a ipsum incidunt iu','Koelpinborough','Puerto Rico'),(38,'f','1991-05-30',317,'Deserunt minus architecto quae','New Jaidenmouth','Bangladesh'),(39,'x','1976-07-03',297,'Eum qui rerum natus occaecati ','Fannychester','Turkey'),(40,'m','1988-05-08',465,'Eveniet ducimus architecto tem','Furmanfort','Tanzania'),(41,'m','1976-06-18',286,'At reprehenderit aliquam repud','Feltonhaven','Ecuador'),(42,'m','1973-06-24',9,'Enim sint consequatur voluptat','Alexandroview','Myanmar'),(43,'f','2001-04-22',467,'Maiores est nam tenetur qui. T','East Mervin','Reunion'),(44,'f','2012-08-01',322,'Provident sequi doloremque eos','Ferrychester','Saint Lucia'),(45,'m','1984-12-11',385,'Et officiis ea cupiditate magn','Howellport','Ukraine'),(46,'f','1989-05-15',35,'Sunt et nostrum quo ea ipsa bl','New Elishamouth','Liberia'),(47,'x','1993-08-02',92,'Veritatis quaerat modi volupta','East Lauryn','Holy See (Vatican City State)'),(48,'f','1983-05-14',470,'Praesentium deleniti laboriosa','Port Everardo','Korea'),(49,'m','1993-11-26',325,'Vitae ea natus maxime quasi in','East Rosendoport','Brunei Darussalam'),(50,'f','2020-10-27',376,'Reprehenderit quis repudiandae','Lake Trudie','El Salvador'),(51,'x','1971-02-18',56,'Cum veritatis est ipsam facere','West Norma','Wallis and Futuna'),(52,'f','1975-04-05',328,'Ea voluptatem incidunt volupta','Tiaside','Paraguay'),(54,'f','1996-05-31',273,'Quos velit aut amet sint eum d','Mayertstad','Ecuador'),(55,'m','1999-06-22',242,'Sit ut illo alias quos vero co','West Mayemouth','Panama'),(56,'f','1994-11-15',472,'Pariatur dignissimos laborum l','South Maeve','Malta'),(57,'f','1970-03-22',288,'Quam ullam perspiciatis rerum ','North Nikolasmouth','Japan'),(58,'x','2020-10-25',282,'Et dolorem maxime placeat beat','Corkeryside','Belize'),(59,'m','1991-10-10',159,'Et iure provident consectetur ','South Agnes','Serbia'),(60,'f','2015-09-02',233,'Aut suscipit esse accusantium ','Kuhlmanstad','Korea'),(61,'x','2000-03-04',239,'Reiciendis nulla officiis ex e','Bednarside','Czech Republic'),(62,'f','1982-07-09',364,'Quod pariatur et quam placeat.','Lake Ramirostad','Tokelau'),(64,'f','1980-02-06',475,'Et aliquam libero quasi harum ','Breitenbergburgh','Greenland'),(65,'x','1970-01-12',168,'Pariatur omnis labore ut volup','Rosendoton','China'),(66,'f','2003-07-10',285,'Dolorem modi ut eum occaecati.','Brandyside','Poland'),(67,'x','2012-11-24',342,'Quos voluptatem sit et consequ','Breannafort','Turkey'),(68,'x','1974-08-31',344,'Voluptatem dolores qui sed qui','New Carrie','Faroe Islands'),(69,'f','1985-08-14',102,'Delectus possimus quam occaeca','Quitzonmouth','Saint Lucia'),(70,'x','2006-01-26',138,'Est veniam voluptatum ratione ','South Bettye','China'),(71,'m','1982-11-30',309,'Temporibus molestiae unde corp','Kerluketown','Holy See (Vatican City State)'),(72,'x','2000-08-31',388,'Repudiandae expedita voluptate','Gaetanoside','Suriname'),(73,'x','1975-01-18',147,'Unde eligendi aut assumenda et','South Maryjane','Haiti'),(74,'m','1970-08-12',275,'Officia fugit est sit quam asp','Laurahaven','Greenland'),(75,'m','2014-07-26',209,'In sunt ut qui corporis error.','Port Nicolette','Equatorial Guinea'),(76,'m','1975-10-19',31,'Amet unde distinctio dolorum i','Aurorebury','Western Sahara'),(77,'f','2004-06-11',310,'Voluptatem nesciunt ipsa reici','West Revahaven','Korea'),(78,'f','1981-06-20',301,'Voluptas nobis aperiam rerum d','Macejkovicburgh','Serbia'),(79,'x','2004-03-06',1,'Voluptates laudantium molestia','Johnsonville','Tajikistan'),(80,'f','2003-03-17',134,'Sunt enim autem asperiores qui','Friesenfurt','Iran'),(81,'m','1980-07-23',177,'Vero expedita quisquam atque. ','Port Christ','Italy'),(83,'x','1978-09-24',462,'Qui sunt tempore eius. Corrupt','North Bettye','Colombia'),(84,'f','1994-11-13',412,'Eos non voluptatem molestiae d','Auerton','Netherlands Antilles'),(85,'f','2015-12-15',329,'Consectetur error sed fugiat n','Grantton','Nicaragua'),(86,'f','1973-11-25',203,'Doloremque exercitationem est ','Haaghaven','French Southern Territories'),(87,'x','1980-01-16',384,'Aliquid tempore quam ipsam nob','Pollichshire','Hungary'),(88,'f','2005-05-20',117,'Iste sunt perferendis quidem u','Pfefferberg','Micronesia'),(89,'x','2001-10-12',485,'Sunt commodi animi autem quo v','Kochtown','Korea'),(90,'m','2009-07-30',42,'Quidem amet harum omnis fugit ','East Lewborough','Guadeloupe'),(91,'x','2001-09-23',349,'Nostrum enim non minus eum cor','Meggiechester','Philippines'),(92,'m','1997-04-24',223,'Vitae saepe quis qui. Asperior','New Burdetteview','Dominica'),(93,'m','1998-07-30',406,'Et quasi tempore voluptate qui','South Leopoldo','Guyana'),(94,'m','2018-09-24',383,'Est quo et perferendis tempora','Sibylburgh','Belarus'),(95,'f','1980-11-02',197,'Qui et ex corporis similique m','Boyershire','Slovakia (Slovak Republic)'),(96,'f','1992-10-24',73,'Quis consequatur possimus null','New Svenstad','Guernsey'),(98,'m','1999-01-28',38,'Enim voluptate eveniet ut minu','Rennershire','Tokelau'),(99,'m','2011-02-04',416,'Consectetur dignissimos placea','West Rylan','Djibouti'),(100,'m','2001-11-20',270,'Ipsam accusantium voluptatem f','Mantestad','Bhutan'),(102,'m','1977-12-09',224,'Quis quibusdam delectus alias ','West Kylie','Guinea'),(103,'m','1980-04-19',157,'Est voluptatem est maxime ut. ','Huelside','Serbia'),(104,'f','1978-09-11',323,'Eos nihil ut voluptates quaera','Port Ransom','Western Sahara'),(105,'m','1998-08-14',499,'Aut fugit deleniti quia qui. N','Port Jadyn','Wallis and Futuna'),(106,'f','2013-04-27',366,'Sit ea libero eos omnis. Perfe','South Rhea','Gambia'),(107,'x','1978-04-18',354,'Est esse qui sint beatae lauda','East Trinityview','Ecuador'),(109,'f','1985-07-31',167,'Nesciunt velit et voluptatem v','Lake Dorris','Benin'),(111,'f','1971-05-07',442,'Et doloribus in non repudianda','Murlmouth','Papua New Guinea'),(112,'f','1974-07-31',343,'Est expedita quas fugit necess','Ubaldofort','Venezuela'),(113,'f','2017-08-13',410,'Ut vero omnis et ratione. Volu','Port Irvingburgh','Mauritania'),(114,'x','2015-08-08',403,'Dolore dolorum quia consequatu','Lake Demarcomouth','Bangladesh'),(115,'m','2012-11-20',254,'Voluptas ipsum incidunt repell','East Lafayette','Montenegro'),(117,'f','2014-10-22',106,'Fugiat ipsam occaecati et ex e','Kerluketon','Venezuela'),(119,'x','1997-09-30',355,'Vitae nobis dolorem laborum pl','Shawnaview','Malta'),(120,'x','1998-04-13',90,'Aut inventore doloribus qui. Q','Clairton','Macao'),(121,'f','1978-03-11',180,'Totam aut ducimus in cumque se','North Velda','Holy See (Vatican City State)'),(123,'f','2013-04-03',312,'Quia aspernatur odit commodi. ','Devanborough','Cook Islands'),(127,'f','1970-11-03',158,'Inventore praesentium quaerat ','Funkborough','Luxembourg'),(128,'m','1980-03-21',253,'Omnis sit est ea officia nemo ','New Wellingtonfurt','South Africa'),(129,'m','1984-09-16',47,'Enim itaque ut est fugit. Qui ','West Crystelhaven','Christmas Island'),(130,'m','2001-01-18',74,'Aspernatur aut enim repellendu','Kaiashire','Lebanon'),(131,'m','1985-05-10',22,'Esse non alias unde similique ','Hassanton','Belgium'),(134,'x','2018-01-21',179,'Doloremque odit dolores velit ','Ondrickaborough','Puerto Rico'),(135,'m','2012-03-09',45,'Alias similique itaque molliti','Schadenhaven','Mexico'),(136,'x','2017-02-22',296,'Laborum id a sint sed. Assumen','Ornmouth','Svalbard & Jan Mayen Islands'),(137,'f','1976-03-30',44,'Vel eos aut quibusdam velit la','Idabury','Wallis and Futuna'),(138,'x','2005-11-28',398,'Enim explicabo quia rem amet t','Lake Luis','Spain'),(139,'m','1987-02-26',104,'Eos velit quia eius. Aliquam e','Keonborough','Portugal'),(140,'f','1976-08-23',210,'Optio illo aliquid hic sit nem','North Maestad','Malaysia'),(141,'f','1987-09-08',252,'Officia dolor aut a sit sit no','Mannmouth','Afghanistan'),(142,'f','1976-09-27',46,'Corrupti cupiditate suscipit d','West Brionna','Antarctica (the territory South of 60 deg S)'),(143,'x','1992-07-27',52,'Expedita totam eaque rerum qui','Averyberg','Ghana'),(144,'m','1971-04-15',161,'Nihil enim et ea aut praesenti','South Estell','Dominica'),(145,'f','1996-10-08',448,'Ullam voluptatem ut assumenda ','South Viviennestad','Maldives'),(146,'f','2010-07-24',306,'Deserunt dolore corrupti quia ','East Addiemouth','Hong Kong'),(147,'f','2005-01-08',400,'Molestiae ipsum quaerat accusa','Mooreview','French Polynesia'),(148,'x','2017-09-08',54,'Dolorum assumenda ipsam dolore','East Eve','Mozambique'),(149,'f','1981-08-12',444,'Minus minus quo tempora ipsa n','Garettstad','Sweden'),(151,'x','1993-03-29',143,'Provident provident sint qui a','Chasityfurt','Romania'),(152,'m','2019-05-11',123,'Molestias ullam ut deserunt co','New Dax','Saudi Arabia'),(153,'f','2002-06-18',456,'Reiciendis unde aut recusandae','Lake Jamaalton','Serbia'),(154,'x','2015-06-21',455,'Laborum numquam laborum debiti','Garettshire','Bermuda'),(155,'m','2016-08-01',208,'Animi deleniti ut amet perspic','Andreannefurt','Lesotho'),(157,'f','2018-10-10',463,'Commodi et quaerat ipsam inven','Port Rowland','India'),(158,'x','1996-06-26',365,'Non et magnam accusamus archit','South Manuel','Kyrgyz Republic'),(159,'x','1987-08-16',294,'Sit accusamus quo ipsum ab. Es','Ernserfort','Faroe Islands'),(160,'f','2002-08-29',10,'Tempore labore eveniet ea magn','West Augustinehaven','Chile'),(161,'x','1986-06-02',438,'Molestiae aut et odio voluptat','Hansenland','Cuba'),(162,'x','1974-06-21',315,'Vel ut incidunt vitae natus si','Schadenville','Seychelles'),(163,'x','1982-09-11',232,'Voluptas magnam facere quibusd','Lylaside','New Zealand'),(164,'x','2013-10-31',235,'Non ducimus nihil omnis conseq','Bednarport','Dominica'),(165,'x','1987-06-30',494,'Sapiente sit nam assumenda vol','New Alexane','Monaco'),(166,'f','2011-12-11',277,'Aliquam sunt ipsa sed aspernat','Adellaside','Cyprus'),(169,'x','1987-02-17',175,'Consequatur alias possimus rep','Port Monique','Palau'),(171,'m','1986-07-07',247,'Id eum soluta quis facilis qui','East Edythe','Canada'),(172,'f','1984-06-28',426,'Ex fuga voluptatem sit rem off','New Declan','Guernsey'),(174,'f','2015-09-12',299,'Nesciunt eum et quidem debitis','Adellafort','Kuwait'),(176,'m','1993-11-28',127,'Ullam sapiente quaerat sit dol','Parkerfurt','Germany'),(178,'m','1998-03-12',486,'Et iure sint eveniet. Consecte','Cristalfort','Morocco'),(180,'f','1987-08-15',48,'Eius sapiente quis molestiae. ','North Tierra','Suriname'),(181,'x','2005-07-31',240,'Eos voluptatum qui odit at mol','Sagebury','United Kingdom'),(183,'x','1995-10-03',170,'Ab vel neque placeat corrupti.','Gibsonbury','Faroe Islands'),(184,'m','1993-12-30',195,'Iste fugiat cumque dicta volup','Langworthland','Colombia'),(190,'f','1975-01-15',29,'Rerum veniam quia explicabo et','West Cortezborough','Netherlands Antilles'),(191,'m','1996-01-24',249,'Minima laudantium iste commodi','Idastad','Bahamas'),(194,'f','1978-03-05',481,'Quo et voluptates ut sed ut om','South Courtney','Greenland'),(196,'x','2017-09-30',338,'Omnis ut illo odit. Voluptatem','South Rickeymouth','Brunei Darussalam'),(197,'m','1971-01-19',257,'Natus autem voluptas et blandi','Fisherchester','Yemen'),(199,'x','1974-11-29',374,'Sint velit itaque eum nulla op','East Tess','Mauritania'),(200,'x','2006-02-27',432,'Porro enim sunt doloremque qui','Mooreberg','Haiti');
/*!40000 ALTER TABLE `profiles` ENABLE KEYS */;
UNLOCK TABLES;

--
-- Table structure for table `users`
--

DROP TABLE IF EXISTS `users`;
/*!40101 SET @saved_cs_client     = @@character_set_client */;
/*!40101 SET character_set_client = utf8 */;
CREATE TABLE `users` (
  `id` bigint(20) unsigned NOT NULL AUTO_INCREMENT,
  `first_name` varchar(145) COLLATE utf8mb4_unicode_ci NOT NULL,
  `last_name` varchar(145) COLLATE utf8mb4_unicode_ci NOT NULL,
  `email` varchar(145) COLLATE utf8mb4_unicode_ci NOT NULL,
  `phone` char(11) COLLATE utf8mb4_unicode_ci NOT NULL,
  `password_hash` char(65) COLLATE utf8mb4_unicode_ci DEFAULT NULL,
  `created_at` datetime NOT NULL DEFAULT current_timestamp(),
  PRIMARY KEY (`id`),
  UNIQUE KEY `email_idx` (`email`),
  UNIQUE KEY `phone_idx` (`phone`)
) ENGINE=InnoDB AUTO_INCREMENT=201 DEFAULT CHARSET=utf8mb4 COLLATE=utf8mb4_unicode_ci;
/*!40101 SET character_set_client = @saved_cs_client */;

--
-- Dumping data for table `users`
--

LOCK TABLES `users` WRITE;
/*!40000 ALTER TABLE `users` DISABLE KEYS */;
INSERT INTO `users` VALUES (1,'Francis','Deckow','jkub@example.com','(542)796-80','c3c296541913f345812722c8b6f0b5a89cf487ed','1971-12-02 16:53:18'),(2,'Arlo','Ankunding','dereck.shields@example.com','(139)901-96','5d78941b84ed8f2f87337c2ececfb73496aa4ca0','1992-12-30 14:20:58'),(3,'Crystal','Haag','linnie07@example.org','578-092-772','4884bfb135e36cc68c101e12f777bf8f70dfa926','1997-11-27 05:53:59'),(4,'Broderick','Goodwin','gleason.rhiannon@example.org','1-108-904-8','8d1611f013f56e1279339c6992b62f2c54b1b306','2015-01-09 13:35:28'),(5,'Cody','Effertz','clemmie.moore@example.org','(578)678-97','1bde9a390f99a77d40e922dad1e881136b77b399','2003-06-09 12:25:59'),(6,'William','Predovic','ofelia46@example.com','393-577-657','040ae622f38025ac9cc4b9c1b401086d40dc00a1','1988-02-09 05:44:22'),(7,'Summer','Johnson','pacocha.kendall@example.com','(298)891-99','ce71101f33c30097f8980ed2a20644e5c2f890f9','1988-05-06 14:38:36'),(8,'Rodger','Rohan','monserrat.rohan@example.net','(553)614-77','516b1ab01cc41c96fa21ee99059c1ab34eeb511d','2018-05-15 23:18:15'),(9,'Colleen','Kuhlman','gulgowski.sydnie@example.net','+56(6)31555','b85087d55b268659843d1ce20c598b40c1723505','1975-05-02 07:30:09'),(10,'Elliott','Dare','rasheed.walker@example.net','06445649836','900875968515debbb7a6c6df4a2e5991d25a6cef','1997-02-25 20:14:45'),(11,'Chelsie','Zboncak','smitham.olin@example.org','032.712.478','f975c7ada9123a3af7c5eb5c0496217dfe6def72','1980-02-01 11:57:05'),(12,'Geo','Spencer','enrico65@example.com','1-430-580-5','910bc80867df88ae37b1b5c196369c0cffcb8acc','2016-06-25 10:46:48'),(13,'Nikolas','Torphy','scottie.waters@example.org','(158)428-88','ae3d8a5bae836692e58bf7f5b9931514bbf9cb2c','1993-10-07 11:56:00'),(14,'Marilie','Quigley','treutel.katelin@example.net','+67(4)99109','b406e25e9475c6a12184d038b1781a253f94e3fb','1987-12-29 05:56:38'),(15,'Estefania','Smitham','darion.krajcik@example.net','1-337-787-0','d75bd0a6d50b1406e189ba81feb54604bf9f531f','1982-08-20 02:51:36'),(16,'Frank','Herzog','kiel31@example.com','622-369-572','3e470c9c3bb4f0a0f264b73ffc309cd87e3d4ea0','1986-09-19 03:55:29'),(17,'Ezequiel','Walker','ucummerata@example.com','(096)790-29','b918e58365065399063630292c78ff21c2e4a0d7','1980-03-25 03:54:28'),(18,'Theresia','Zulauf','ted.rowe@example.net','840.557.656','278f8394e4a8284fc9e558b7dd51f926523376ea','2001-01-06 16:56:56'),(19,'Marianne','Greenholt','beatty.meghan@example.org','788.880.551','585281089c185491392c4a7dbb9a190263de2f7d','1978-06-02 12:48:46'),(20,'Jonathon','Streich','lbeer@example.com','03485164038','c0aa75d21e0e22c094ed82f9cdb033e9b0a44daf','2007-08-27 00:18:52'),(21,'Dorcas','Osinski','mueller.nicolas@example.com','+39(0)15375','cbb9356518afa6446276bbfc6829fcf9289ebb96','1979-01-12 06:37:50'),(22,'Alec','Koss','frank92@example.net','042.322.789','8dc07f4c74dc0ba6348ce2a24fd08c7c26bf21e7','1994-10-02 06:31:20'),(23,'Kenya','Brakus','lorine27@example.com','270-782-625','58632c59143dfda774a4a3ac6a39d621b689d231','2001-04-28 01:03:43'),(24,'Caitlyn','Gorczany','zpagac@example.org','637-062-361','01f661ec79edb9bbc7430da2f166a23568e466c5','2005-09-10 03:08:54'),(25,'Ottis','Willms','oturner@example.org','421-114-323','c8bd56740d911ac41c3d706b4db53eeabb734bd9','1994-05-04 16:22:04'),(26,'Sonia','Koss','mromaguera@example.org','(177)890-87','5206c35b3e54f049b0184776d92503294fa4e305','2008-08-10 15:50:47'),(27,'Isom','Toy','jlittel@example.com','478-148-456','05032848d4f8fe9ea75e0bbf9f86b1f69d71f11a','1993-10-11 14:58:17'),(28,'Bill','Emmerich','yzieme@example.org','1-429-422-9','b129e48fec048572cd7efc19bb5455910159c089','1988-10-18 06:36:07'),(29,'Alexis','Wuckert','kian37@example.com','1-408-298-9','6c0da67c80a79febd68f243a18eb7076650f2ce4','1982-07-21 22:45:19'),(30,'Ronaldo','Wehner','lsanford@example.net','(867)007-03','2ca4c274247f25a68850d264f5cc69b3d96cffa6','2014-08-27 10:14:36'),(31,'Jordane','Goldner','wunsch.crystel@example.net','(296)380-52','f9b28ab3284b613906c0cbb0fed1a9ec2c2f1308','1975-03-09 11:51:55'),(32,'Sally','Veum','brooke05@example.org','(384)196-38','98cbd948a505dd9fda8a9e32d10e33cfdf2e3538','2013-11-16 04:52:27'),(33,'Eino','Windler','destin52@example.org','1-758-616-7','bdfda6aa653e52a30a40026c8e2a09c5d29e9fd2','1980-09-29 20:52:40'),(34,'Enrico','Watsica','beverly.cronin@example.org','1-438-289-9','1ccc5a2cb3bc3c96f9a422c19861e334523abf92','1976-09-09 05:36:55'),(35,'Dandre','Wisoky','mittie67@example.com','1-603-715-4','70ae44c008c13b1d217855e57a8998866b875319','2007-06-15 17:49:46'),(36,'Kay','Jones','stuart35@example.com','466-975-625','3491cc4a9e7faa79587a83a6f4f16ab4e486c969','2000-07-04 16:38:34'),(37,'Jayde','Kassulke','tiara73@example.org','+53(8)64399','e561bb0d3a54c5567085a4b18e9f3b4c91aef230','1970-06-24 04:06:56'),(38,'Dedrick','Mills','stoltenberg.tremaine@example.net','253.575.126','3991536c2540a7b613555f39f7ed581d0b58b654','1995-09-09 13:29:10'),(39,'Mable','McGlynn','devon.hauck@example.net','+74(9)35795','dfeca4001960e96a31d41a263b823e90f90f7852','1990-09-07 12:49:56'),(40,'Bartholome','Luettgen','myrtis.keebler@example.com','1-450-100-2','e201433f636006638f27fdcb3b989c0ae6e7ccb8','1978-04-26 05:43:17'),(41,'Keven','Steuber','herzog.bailee@example.org','1-778-948-7','7f18637e22dfee9230aeda45d374182a7ae1e78e','1979-07-31 04:27:56'),(42,'Abraham','Denesik','dschroeder@example.net','(649)585-06','5a14a0de6afc224ee73d3a97dc7e6814dfa0b277','1989-08-17 00:55:46'),(43,'Genevieve','McLaughlin','qlittel@example.com','+16(9)43255','e68ac22c019c1e4630593664d39e48146e5fcf20','2002-03-14 11:45:43'),(44,'Magdalen','Blick','gislason.brant@example.com','674.306.568','e14bee1099768a51b9b6d2a475cb61f29b046c32','1992-01-21 19:29:09'),(45,'Miles','Haley','boehm.daphne@example.net','1-192-187-3','d061ea283aa807eea94a64664b31de6963e418bf','2003-10-10 03:38:58'),(46,'Gabriel','Eichmann','orie64@example.com','105-776-803','9637e40dbed4fe6f2b13de484b19670104e3fb82','2002-01-23 19:33:51'),(47,'Kole','Crona','tgrant@example.net','(477)446-08','83b03a6a0a8aac790a00a8a793aba9aec7860c30','1973-07-05 00:34:44'),(48,'Betty','Emard','otilia86@example.com','400.737.140','3d9efb94f84732fb43f7ff9eb47f2ce530d462f5','1994-07-02 06:50:18'),(49,'Ariel','Glover','sawayn.deshaun@example.com','727-140-583','99aa602afff096aebea1340a0ea31e875f5fd766','1975-01-20 07:52:18'),(50,'Donnie','Grady','amely96@example.net','03840712182','8d6a2428e46a2413634f8f37992b67b37b854d55','1996-11-20 21:50:48'),(51,'Thad','Prosacco','nikko47@example.net','233.871.811','092f3a36955a7ef84d6c74d9f8f72977cd653cf8','1973-08-21 17:48:22'),(52,'Shaun','Davis','qtorp@example.org','1-318-239-1','82b7745170b0eb52f12cc520698822b779ff68ac','2008-03-20 03:23:47'),(53,'Julia','Schmeler','omcclure@example.com','09420198959','f9049cacd8507883293388f02bb2a0d1c9bd18a0','2016-10-19 05:28:40'),(54,'Reece','Pfeffer','jacobson.ubaldo@example.net','06313595421','c1a2e6c375732486bcfcb50a8f54e609b9aaf495','1988-02-29 07:52:46'),(55,'Afton','Bogan','hodkiewicz.osbaldo@example.net','+70(6)80252','d745ddbdcb638d1a6ece6fe02c64223a9bc7689c','1995-10-04 10:36:45'),(56,'Julianne','Brown','hamill.santos@example.com','01986549362','27651668e0da5e43ddec7f03775af76122ffd65e','1985-10-18 02:54:20'),(57,'Ova','Cummings','stephany.stamm@example.com','+98(3)03733','cd45a4b7b69d2e2b1bc6d9b149cb999ba0bd0038','2011-03-01 10:08:49'),(58,'Alvah','Pollich','loyal.runolfsson@example.org','+27(6)11205','161df3daa6747d79f2557a7950c0f098c9d1edf2','1997-01-08 05:40:54'),(59,'Zoie','Wolf','mortiz@example.com','1-666-528-2','c9da6b5f9d3deae9e02c2d30b2aa6fd5ad01f49f','1978-10-26 09:53:29'),(60,'Heloise','Dickinson','bogan.keith@example.com','00429174375','84efc311a61b333b3bc90fa1449e6a1949f263cd','1987-03-21 17:42:37'),(61,'Chester','Grady','therese54@example.com','08729740246','1b2ef9faf3df9689fbd54ea5fd3e6c7c880a807f','2005-09-07 02:46:32'),(62,'Salvatore','Parker','dee42@example.org','964-432-947','d03b14ce17e7f70f528b8f6afae16c2c0c377fee','1988-11-11 13:39:08'),(63,'Lea','Effertz','cortney27@example.net','1-218-168-3','9866fbe9180232f40e7b03f76a39d7acfb67801a','1983-08-30 20:48:46'),(64,'Mose','Berge','baumbach.mckayla@example.net','686-575-482','0ae5ccef41691e0db7128b17ca9d64d693d55bfd','1993-06-20 02:48:02'),(65,'Edgar','Stiedemann','vveum@example.org','732.362.329','77df5383b9739ae21466f1d4c5f1aafd02d3a48e','2012-04-04 18:09:39'),(66,'Earl','Barrows','mable.lemke@example.com','1-786-783-7','1e43aee3967715602a0069250bdf0afbc0946fd7','1972-11-23 20:09:37'),(67,'Taurean','Huels','gerhold.meta@example.org','362-563-735','8716ab4a9b7030eacd3c8805ea86934b11322b6a','2014-10-21 09:05:10'),(68,'Marco','Mayert','schiller.davin@example.com','+71(2)09898','ecc2fde689ea1702f82129788504e9477a8095ca','1991-05-14 21:55:48'),(69,'Lou','Doyle','rrempel@example.org','04440947261','48661c47e689ffed63e700e3ca4fe777a6674ea8','1980-12-08 22:21:10'),(70,'Brandi','Huels','emmanuel78@example.net','033.450.138','accef248d2c0f40058c97efacd9a0ce30499ade9','2011-09-06 02:32:03'),(71,'Emmanuelle','Ritchie','leila.schuster@example.org','635.770.263','9249c5960e989a853de580ec78276085e1b0e1e1','1972-05-19 16:31:37'),(72,'Deon','Schneider','elisha96@example.net','595.033.451','260bf55173695c5ad76bc79dbb9feb68255108ff','2016-03-30 15:43:08'),(73,'Abbigail','Kshlerin','kayla58@example.org','(511)697-93','5682cba5b74b8f4cfeb0d1f2d597ac4753522559','1977-07-15 04:02:19'),(74,'Andy','Anderson','abby74@example.net','671-746-753','8f39a856d70544c903be6690b15208ce489fce91','2010-04-03 07:25:01'),(75,'Jovanny','Oberbrunner','oking@example.net','(551)735-94','cfdab85ad1e142197b40f66fef0575dd95123375','2013-11-22 00:08:52'),(76,'Ulices','Carter','vito.waters@example.net','277-740-043','3454cd8debaf54409f2a08c8a0afb10fe2d4af41','2015-08-25 03:36:06'),(77,'Luis','Conn','fay.al@example.com','(713)441-10','2b0b7d7318b2130d9973c6edf727708bffff31a9','1972-03-09 04:33:42'),(78,'Hortense','Stoltenberg','finn79@example.net','(501)106-43','40a87274c25fc80cec725cdb1513a906e2a6cbb4','1972-06-19 03:50:59'),(79,'Emma','Torphy','keagan19@example.net','1-858-928-2','849d9042c35a241a9f6b1a9df63f249a36fac99a','2002-08-31 01:51:50'),(80,'Angelita','Kuphal','runolfsdottir.salvatore@example.org','+29(7)19185','f8e48a6d8c4b8a88f955535cbf3681488c8b441a','2007-11-14 23:52:17'),(81,'Yessenia','Stark','fblock@example.net','1-807-829-6','608449c6b74191dc645c41670b5e44e52cf006f0','1975-11-12 14:01:06'),(82,'Chanelle','Barrows','kyra.rowe@example.net','1-216-209-7','365a78da4bc5286435b85180839b8ddf60dfe68b','2001-05-03 08:48:34'),(83,'Hiram','Osinski','stiedemann.emerson@example.org','225.607.694','a15c9ae7459aab8fa06ce6dba43956eed71c8193','1997-12-27 06:37:57'),(84,'Bernie','Carter','obie.hagenes@example.org','845.678.565','45719518b4e90cdd7e52e131c801bbd33258a57b','1970-04-29 14:36:01'),(85,'Jarret','Thompson','rosemary.hilll@example.net','704.974.491','a813942633ad579b49e84420bdb508e0ccca7d44','2006-03-30 02:05:15'),(86,'Brice','Hodkiewicz','heath.hyatt@example.org','(798)332-94','9e6a32a836e638b147d81314770c2f2d80197074','1995-03-31 09:59:06'),(87,'Kolby','Schoen','ubeer@example.org','1-936-331-0','6940b1b5beeeb9dbf89b686cfba7fb89e847f94e','2004-06-30 12:34:39'),(88,'Makayla','Purdy','nelda.schmitt@example.net','+61(2)36440','0b10cce93ecf37174cf6975f47409a52e221cfc2','1997-04-28 12:41:30'),(89,'Ethyl','Marks','clifton17@example.net','06663783089','b749508aae2951492a17260a2e0929242ddaf606','1997-05-28 04:42:54'),(90,'Toby','Lesch','marlon.gottlieb@example.net','149-385-853','ae908850b55a3feeb54bd912c6abc7f3143ef71d','1970-11-28 16:36:24'),(91,'Elsa','Mueller','eric86@example.org','+17(5)98164','057ed66f04aa7bca44b2d1a36751bbb6249bc905','1970-12-03 01:12:58'),(92,'Leann','Zulauf','lernser@example.net','1-407-252-7','ef4d0865abd5814a15c1f01518d6e017cbdd1645','1975-07-01 23:07:59'),(93,'Grant','Labadie','brain.batz@example.net','114-258-134','dcf8b0af36f2e3ba7e499546b2617370e5387493','1995-12-04 00:00:54'),(94,'Darren','Schamberger','rippin.noelia@example.net','1-092-258-2','127c16092711ba6df10879de7d74e65fdbdb9596','1972-09-02 22:26:20'),(95,'Adell','Pacocha','emmet61@example.net','1-008-266-9','852d329ba940b0472ed1bd166ef65c1908192b7a','1992-02-03 12:37:31'),(96,'Cole','Stracke','vgrady@example.org','1-630-065-8','4f76bddcaf9204758f69e6f7a8dc811e8a923e4d','1978-09-04 06:56:20'),(97,'Armani','Murazik','rosendo54@example.com','(652)636-82','e15f5f588ce39be630039dcc67531cfac0f5a8a4','2017-02-27 05:22:04'),(98,'Tia','Satterfield','eulalia.rowe@example.com','(116)669-48','2affdd778f7acaa6de2ad15b403287527817f1de','1979-02-02 10:56:06'),(99,'Demario','Tromp','rharber@example.net','328-941-339','4441edea8162ee8e0cac4be5924bad302be8e5f0','1985-12-20 06:25:04'),(100,'Maiya','Sporer','amaya60@example.com','00338930410','820298b917cd816ebf90e4100437c955489ad52f','1973-10-19 12:08:43'),(101,'Ross','Hayes','greenholt.willa@example.net','(684)586-61','6ad2f4e5ad0b467bc414f527c4bc202499352e1b','2001-10-14 07:46:26'),(102,'Thomas','Jacobson','stevie36@example.org','043-778-751','854860b0bb03255515ca0f2b52dcd418e5da77d4','2004-06-20 04:28:01'),(103,'Cicero','Emmerich','drake.harvey@example.org','1-563-446-8','458c0f35ac8a516c595f14301f2fc1a23370275c','2020-06-14 19:49:10'),(104,'Alf','McClure','ntremblay@example.net','916.322.261','e468dbe593118046e5c5dac523e45b3106a9084e','2010-03-23 09:40:29'),(105,'Tania','Krajcik','rice.melvina@example.org','340-484-034','e0e46bfdca34d26eabaedaf1f2f1a13b16faa2b3','1980-03-11 03:46:37'),(106,'Gerhard','Bernhard','kadin.beier@example.org','1-000-205-8','91aa8f46003c12e3cdefdebf3ddb054bb3879957','1988-01-13 04:10:28'),(107,'Maximilian','Lemke','gstokes@example.com','304.172.856','025ee3a7b1dc13e5fc0f6ea85b5fc16057224975','1987-03-05 01:33:04'),(108,'Floy','Grimes','chasity.dubuque@example.org','+48(4)59925','b251553ba309fc412ed4abec7042a6fec0871658','2011-11-13 22:04:24'),(109,'Myrtis','Beier','hoppe.agustina@example.org','06442471615','dea5e5d69cb135ed905582bf8d3c20b0a5012a4e','1974-03-13 18:53:28'),(110,'Hillard','Buckridge','mariam66@example.com','1-777-330-2','707a8bb5cc529e87aaf5bf3f0455f681a2aa2ba8','2019-01-06 20:20:42'),(111,'Felicita','Effertz','dayne.watsica@example.net','402-116-821','7999aab63046a08062d1bc2b6be56e8c1dcacd56','2002-11-05 03:13:18'),(112,'Adele','Greenfelder','hhudson@example.com','594.800.723','dbb7a36d2cd50e5baba6cd4b73f4f4195562e41a','2017-09-15 00:57:08'),(113,'Fredy','Hermann','ayana.gislason@example.net','07119947680','d252ceb9176ca770050f2f383dcd4edd700fce9d','1993-07-01 18:11:34'),(114,'Cristian','McCullough','kattie.nader@example.net','128-422-712','1fe87b62156b483d562c37a8ad6cf0dbd397e3be','1998-12-15 19:58:10'),(115,'Bartholome','Murray','judy35@example.net','1-934-006-8','8baf1ff51bb549c19c6b2748a9232947623f276a','2001-11-15 07:08:20'),(116,'Dusty','Stamm','rbogisich@example.net','(236)941-63','5243f92d944190fd58289cba49e12490337af53d','1993-02-15 12:04:26'),(117,'Salma','Williamson','gage.douglas@example.net','1-505-379-2','d3d466dfe46ad6c9ef2adeb2f1d275cade0dd3e3','1998-10-27 18:12:03'),(118,'Akeem','Funk','umante@example.com','1-859-483-4','2c736d9f411e5ad6b6c01f61906a3ac71661e6e7','1976-11-29 22:12:56'),(119,'Madaline','Spinka','pattie69@example.com','272-379-499','ef1354e20eb3e23ee9b50fac3a690f17fc3c25cf','2015-06-14 19:49:26'),(120,'Gabriel','Altenwerth','janiya.boehm@example.net','(718)636-14','09531bc03723b9a82fdd541afbfd8774dedabacb','1987-07-24 16:29:57'),(121,'Angelita','Kirlin','gonzalo81@example.net','+85(5)74598','76e7f13379a3dfb65169ca5966c4be8db2d82e57','1976-02-28 01:38:27'),(122,'Mohammad','Kutch','kyle19@example.net','513-342-072','95bbc166ceb9eb175f2e0444a774292ef3accc65','1988-03-05 13:36:00'),(123,'Bertram','Ruecker','kris00@example.org','(497)416-74','250ae4c35cfaf6a3e9fb60ed3e0da3b6c5f0a7f1','1980-07-07 15:26:13'),(124,'Alessandro','Waelchi','dewayne55@example.net','1-905-255-8','74d1b83b218351bfd9600954c4eefd24488146d8','2021-01-17 05:05:34'),(125,'Otto','McDermott','ora26@example.com','1-356-750-3','77f1644f86705f1f2039f414516ddf10d47ed965','2020-03-03 06:34:40'),(126,'Janis','King','else.grady@example.org','098.011.883','c2e5e89d0e3e2d6f38137414b3af860b651ea0bb','2016-08-25 23:07:24'),(127,'Dakota','O\'Connell','oberbrunner.rylan@example.net','1-238-305-1','ddbec9473f6330ef49b660c5797b6eaa4286d94a','2014-11-05 11:17:24'),(128,'Rosalinda','Dickens','carolyn78@example.org','345.727.988','24751a0d6b1ebbf347944d62d72d4cdb00d18934','2019-09-23 10:00:23'),(129,'Sherman','Huels','briana.eichmann@example.net','(071)008-93','5bbe0eae1fcea7106f642078d7292c508272cd11','2009-11-12 11:32:55'),(130,'Amos','Konopelski','kaitlin15@example.com','(509)915-69','26101fe94fde085fc21318279d423b83ce936f4a','2003-05-10 00:10:16'),(131,'Jonathon','Smitham','rkoepp@example.com','(239)779-70','98e4b263dfa96ceecb5da8c7e9049fb6e15a4dd5','1979-07-29 22:28:19'),(132,'Abe','Leannon','terdman@example.net','1-342-090-2','0e46718e5fb7a51353e19d68ea451fd5ac3bdbb5','1975-05-06 14:39:17'),(133,'Lisandro','Cassin','jacklyn96@example.com','367.555.333','01dd158dd72402bb354cef53d7b41289e08d192e','1980-12-05 23:04:31'),(134,'Jett','Carroll','ehyatt@example.com','887-027-244','cb8d781009a602a9d77b46cb95e97d4778f0d3e6','2020-11-06 05:32:24'),(135,'Rosalinda','Bayer','jarrod.carter@example.com','02069780081','d8dc9f6cf6cbbd1f459856053edb1bb4ee86c3f9','2004-06-12 06:15:04'),(136,'Ila','Tremblay','letitia13@example.com','1-308-798-4','030bb32b28dbdcadb84a4617d43912e90f17f0c0','2018-06-07 08:30:00'),(137,'Ricky','Goodwin','jewell.morar@example.com','(330)138-90','bf3d35de791f61a5a2899b6c1d444c7cb9c41072','1971-10-24 20:58:50'),(138,'Glen','Kulas','morgan73@example.net','(756)419-11','79d8d2fd625b704954a9266f6f4b60eb2ba53e9f','2018-12-01 23:50:04'),(139,'Rahsaan','Moen','fschinner@example.org','901-007-854','7ad75e4e8abaddf2e140ef03f635fbd702655961','1978-08-04 20:12:58'),(140,'Salvador','Turner','stevie.johnson@example.org','(282)036-51','c0cb1253c37c222fa986d82c8b19f07ccf825b63','2007-04-08 16:13:11'),(141,'Ila','Hartmann','cruickshank.dayna@example.com','1-178-006-6','f5b5691f497eed305601f8b328ed86cd566332ad','2021-01-14 03:48:57'),(142,'Hildegard','Blick','plynch@example.com','(937)378-32','ec0e0251c1ae4b5dd7de63fca9b1974e5568ede9','2013-11-27 06:12:59'),(143,'Hunter','Kertzmann','shaylee60@example.org','05168776939','4286902a203c7977ee2b6e61f9543a8b8ef6c44b','1991-05-26 16:00:26'),(144,'Derrick','Terry','block.ruthe@example.org','552-357-433','3445b08e8d4ffef760977c27caeccaeb721ef119','2016-02-12 20:06:04'),(145,'Freida','Rice','langworth.thelma@example.com','085-146-907','34522cea5eb4ec4dcfe9b7bb262d4147bd729513','2004-07-08 05:32:26'),(146,'Fletcher','O\'Hara','oberbrunner.alicia@example.net','1-584-696-0','f7ef8621728400ecdb08b309b6da02fe84d212b3','1999-04-21 11:51:56'),(147,'Alford','Gusikowski','alubowitz@example.com','827.060.976','c22ecc5ef971ecf1b64bfaf64058e422af1d01cb','1976-08-26 00:09:35'),(148,'Tevin','Senger','emard.felipe@example.com','987-493-585','afc1a24d6fac4409872bb07696d6aed536ee2b6b','1993-07-30 07:33:19'),(149,'Beaulah','Schaden','hackett.sincere@example.com','(386)895-76','1475e8100748e4c31d6d85cec66d7760463122bc','2010-02-20 19:46:39'),(150,'Emily','Powlowski','aylin87@example.org','786.119.788','494449166000c320ca9b63b8246553047222e586','2013-01-19 05:57:15'),(151,'Serenity','Runte','clementine64@example.net','(481)661-71','ebb5635566ac1e0f6524588c810e31f7e93fdd31','1988-11-30 13:05:55'),(152,'Novella','Collins','xgutkowski@example.net','(993)560-03','bee92d54adea470412f9246ca589234521c74126','2013-10-09 13:37:03'),(153,'Hazel','Sporer','maurine.davis@example.com','06270631072','5bce648c4c398ea6be1042d1469a2925560ca239','2007-10-23 15:03:33'),(154,'Amanda','Streich','rhickle@example.com','1-254-221-4','bd60314f33d7ee45b65471b70a2bf4a9520952df','2016-07-11 13:28:50'),(155,'Ciara','Heathcote','odell.kilback@example.net','1-548-957-7','1bebbbe3cc340f97046141048391c9ab2e8a2261','1995-08-19 20:26:32'),(156,'Nicholaus','Fahey','cronin.nya@example.net','062-292-868','ea74da277957453a4a843ac8de8fa13238212946','1995-02-01 22:30:06'),(157,'Lela','Kutch','hjerde@example.com','+93(9)10107','cd3fd95d5714a2a45cec2434fd8257fce5533e55','2015-05-31 01:27:01'),(158,'Darrin','Windler','kulas.alberta@example.net','856.535.588','a161fdfddad63ed657be963a920110df3ae8a417','2011-04-21 01:37:24'),(159,'Enrico','Crooks','irodriguez@example.org','149-848-722','2ee421081004c8653b2527ee65e07667ab75963a','1990-06-01 00:00:04'),(160,'Kallie','Haley','mya59@example.net','302.227.182','c46785174a6e7f1c94ae3e5b4426075a8801f1ba','1970-06-29 13:04:11'),(161,'Rhiannon','Spinka','williamson.lindsay@example.com','05179377938','969d0023e45b7f44aaba8f87786bf03f35aeeac7','2000-03-25 13:08:37'),(162,'Brycen','Block','seffertz@example.org','04432296491','0cafb1f303a8fc152678c1ab96a7f643e786edde','1979-11-21 01:24:33'),(163,'Alek','Hegmann','arielle.koelpin@example.com','(697)777-49','86c69481d97392cb69d185ed93e0f2f947764408','2001-07-11 11:19:56'),(164,'Aurelie','Harvey','bwatsica@example.com','(370)681-44','2949592fc4dde33e772a748d33e1d0be41319606','2020-09-05 02:50:27'),(165,'Wilford','Douglas','nferry@example.com','(371)192-74','77ddaba48ec5f56ec897000de65b80e87df5d77d','1981-09-20 03:56:59'),(166,'Naomie','Christiansen','niko.cormier@example.org','1-266-527-8','2dde7d2af61ceba2ca8643a7baba659fc20110a5','1988-06-18 16:51:30'),(167,'Nova','Collier','ratke.litzy@example.com','(647)421-90','25c868cdaedf0354c95d88cbecc4a1f330df1663','1989-07-19 15:48:37'),(168,'Maxie','Bailey','parker.virginie@example.net','07748080178','dcb049a773e7471837bd10f2f4bbf6b7ac654c4e','2013-12-21 04:42:21'),(169,'Emmet','Goldner','destiny.hammes@example.org','728.495.408','33fa8775328880a72a847b7960d71f06e62ff2a5','1998-05-18 03:17:18'),(170,'Laury','Berge','patience11@example.org','+37(0)77364','f038b8a97dcc024e172c3a7fb800dadd50c3cc63','1999-01-21 05:47:25'),(171,'Alfonzo','Carroll','mcdermott.orion@example.org','+32(5)74741','aba596c9c0c2cf8c1014e3f76c01e6f30c865211','1977-06-12 15:35:10'),(172,'Viva','Cummerata','yhartmann@example.com','381-066-806','cbc698169df9e87896605b2b64d70fb94c4840d7','1990-04-12 17:49:23'),(173,'Kailey','Hamill','schroeder.maida@example.com','(439)057-13','902718b0fc46e9c3874e536a3bf421704f8b12b7','1979-02-04 00:42:52'),(174,'Ahmad','McGlynn','yhamill@example.net','1-717-422-2','bc8857da01dc9678398fbb94b50c688b6ff26d41','2017-02-14 20:53:55'),(175,'Dock','Luettgen','dawn40@example.net','602-216-700','54d84d6cdb37016a0e9357d89680a5a4064adc2f','2016-04-09 04:25:43'),(176,'Ryann','Stokes','mklocko@example.net','1-278-983-9','58b6fa01f69de8759d80e933a8e4876c708d5293','2001-03-20 19:01:36'),(177,'Tony','Schmitt','alisha.osinski@example.net','(018)962-43','cf911e9744f94e398a4e3b414669e5b3d5b2cc8c','2015-05-28 22:40:10'),(178,'Michelle','McGlynn','dicki.antwan@example.org','+71(0)44932','44864aed966aa0668e18416f8b7f3e3442b96e3e','1990-07-12 18:04:21'),(179,'Kamryn','Mertz','dare.alden@example.com','(112)010-48','fead42162477c4bef7cc245128b6db79ec76272e','2007-03-22 02:41:50'),(180,'Desmond','Macejkovic','nolan.stephan@example.com','1-692-771-9','801b26feb19e9da8d1a42ea82e07db094f96d605','1981-12-13 03:25:19'),(181,'Alex','Feest','d\'amore.adolph@example.net','176.208.363','af5a28489da65e6de38fbc7716be78f08bfb10a7','2020-11-29 05:36:26'),(182,'Amalia','Marks','connie.abernathy@example.net','639.622.365','51c21f657174e707e7824897ac66a4f820e9fa8f','1972-04-12 00:20:50'),(183,'Americo','Mante','qhettinger@example.org','(775)911-70','6d3d5c426918d06fd630a634327ce52711b593ad','1982-11-23 23:51:37'),(184,'Cassie','Schowalter','uhettinger@example.net','(379)352-65','21bf455808b403179c2e3a3daeb715c1c6d77829','1995-02-07 04:18:07'),(185,'Janae','Ernser','mathew.schuster@example.com','820.885.376','7eaf086587a917119d8f985a1057f5a768f6dea3','2012-03-09 00:15:15'),(186,'Mortimer','Kuphal','kozey.jarvis@example.com','599.974.611','f7634bb1253e0591f4d331e66434bbbd97eee571','2006-05-07 10:58:07'),(187,'Rupert','Gulgowski','paucek.kendrick@example.com','+65(5)64221','6603eb5f67fece90d35628c60713f58c41edf96a','1985-04-17 00:02:31'),(188,'Charity','Baumbach','uriel72@example.org','(614)066-20','ba7e1a626deacf89fd3a0872305c0754b3ae8c37','2013-08-09 15:19:07'),(189,'Arvel','Zieme','wrath@example.com','1-553-492-5','a71cbfc856b92006b833741e538244cf2ca8e2b3','2014-11-07 00:41:22'),(190,'Renee','Grant','madeline04@example.org','1-273-957-4','bf884fc11769ecdfb205a28a5ae1c377fcbd6e92','1997-02-27 18:33:22'),(191,'Favian','Keeling','hessel.cecile@example.net','651-653-576','10e05fe11bc2a814eb78e64455aae31f3b672290','1989-03-06 02:23:55'),(192,'Mariana','Kautzer','chadrick.casper@example.com','(990)313-75','3c4a700086befb96f78fa11fb47762eef6e2219d','1996-07-20 05:35:46'),(193,'Israel','Wolf','glen47@example.org','450-077-592','38effd0685a19bada9c4ccf90d74f2a9f9388ee6','1984-03-16 04:52:33'),(194,'Kyle','Graham','ibreitenberg@example.net','+04(0)30497','1a170e9f314797c6077ad664313a7cf5b58a8cc8','1971-02-19 14:49:57'),(195,'Ashtyn','Treutel','wallace06@example.net','1-676-730-7','387f8708c05990c734b05a9292f0e1b934db6e84','2019-12-24 23:17:11'),(196,'Sanford','Miller','beatty.shirley@example.net','732-308-474','4d233e95ecb1b10ddc40f574bc85cebff3f65b40','2005-03-05 15:16:18'),(197,'Edison','Little','vhuels@example.com','(626)536-08','3a35e0f7e9e0a5a1175c123ea31dcdbf028f4672','1974-09-01 05:20:35'),(198,'Sydnee','Conroy','nkshlerin@example.com','806-350-684','e8d3f28a9f4fc6a729be4b4c1ade0073e7caab6a','1989-10-26 19:04:48'),(199,'Jalyn','Keebler','kunde.mercedes@example.org','1-865-804-8','c8055509e4bcf3d427d0cc50abe4abb9b6bc0502','2021-02-07 16:55:02'),(200,'Pietro','Haag','uhayes@example.com','825.149.941','044ac5b156884ae13466fa37a0cd03581109b2f6','2007-06-10 19:28:49');
/*!40000 ALTER TABLE `users` ENABLE KEYS */;
UNLOCK TABLES;
/*!40103 SET TIME_ZONE=@OLD_TIME_ZONE */;

/*!40101 SET SQL_MODE=@OLD_SQL_MODE */;
/*!40014 SET FOREIGN_KEY_CHECKS=@OLD_FOREIGN_KEY_CHECKS */;
/*!40014 SET UNIQUE_CHECKS=@OLD_UNIQUE_CHECKS */;
/*!40101 SET CHARACTER_SET_CLIENT=@OLD_CHARACTER_SET_CLIENT */;
/*!40101 SET CHARACTER_SET_RESULTS=@OLD_CHARACTER_SET_RESULTS */;
/*!40101 SET COLLATION_CONNECTION=@OLD_COLLATION_CONNECTION */;
/*!40111 SET SQL_NOTES=@OLD_SQL_NOTES */;

-- Dump completed on 2021-04-05 16:34:52
